Secchi Depth(m),DO(mg/l),Temperature (deg cels),Salinity(ppt),pH,Turbidity(NTU),Phosphate,Nitrate+Nitrite,Chlorophyll-a (ug/l),Julian Year,N/P,ATemp_max,ATemp_max_1dlag,ATemp_max_2dlag,ATemp_max_3dlag,ATemp_max_4dlag,ATemp_max_5dlag,ATemp_max_6dlag,ATemp_max_7dlag
0.8,9.54,44.05868421,16.8,7.8,2.5,0.002,0.102,3.418,2003.933607,53,14.7,11.5,9.9,17.2,19.5,19.3,19.7,19.6
0.8,9.89,35.18142857,10.7,7.8,2.2,0.001,0.034,8.971,2003.933607,38,14.7,11.5,9.9,17.2,19.5,19.3,19.7,19.6
0.8,9.89,35.18142857,10.7,7.8,2.2,0.001,0.03,8.33,2003.933607,34,14.7,11.5,9.9,17.2,19.5,19.3,19.7,19.6
1.2,9.86,30.57828947,12.5,7.7,2.5,0.001,0.169,4.699,2003.933607,173,14.7,11.5,9.9,17.2,19.5,19.3,19.7,19.6
2,9.53,44.68203947,11.7,7.7,2.6,0.002,0.171,2.136,2003.933607,87.5,14.7,11.5,9.9,17.2,19.5,19.3,19.7,19.6
1.2,8.79,11.3,16.8,8,5.5,0.001,0.186,2.1,2004.019165,190,14.4,10.9,17.4,23.6,22.8,21.3,20.3,19.8
1,9.8,11.3,14.5,8.1,7.2,0.001,0.231,2.6,2004.019165,239,14.4,10.9,17.4,23.6,22.8,21.3,20.3,19.8
0.8,9.46,11,17.8,8,10.8,0.001,0.155,4.3,2004.019165,160,14.4,10.9,17.4,23.6,22.8,21.3,20.3,19.8
1.2,9.88,10.7,5.1,7.6,5.2,0.001,0.435,3,2004.019165,444,14.4,10.9,17.4,23.6,22.8,21.3,20.3,19.8
1.1,10.55,10.3,11.3,8.3,7.6,0.001,0.023,10.9,2004.019165,27,14.4,10.9,17.4,23.6,22.8,21.3,20.3,19.8
1.1,10.55,10.3,11.3,8.3,7.6,0.001,0.026,13.7,2004.019165,30,14.4,10.9,17.4,23.6,22.8,21.3,20.3,19.8
0.7,9.64,10.7,24,7.8,4.9,0.001,0.027,1.7,2004.019165,31,14.4,10.9,17.4,23.6,22.8,21.3,20.3,19.8
1.5,8.36,12.3,27.9,7.8,3.7,0.001,0.019,1.3,2004.019165,24,14.4,10.9,17.4,23.6,22.8,21.3,20.3,19.8
0.9,9.15,12.2,19.8,7.8,20,0.001,0.071,9,2004.106776,77,16.1,10.4,14.7,20.8,19.4,15.3,18.7,16.4
0.9,9.82,11.6,9.3,8,13,0.001,0.29,7,2004.106776,306,16.1,10.4,14.7,20.8,19.4,15.3,18.7,16.4
1.1,9.18,11.9,22,8.1,7,0.001,0.063,5.1,2004.106776,68,16.1,10.4,14.7,20.8,19.4,15.3,18.7,16.4
0.6,9.58,12.2,13.4,8.3,20,0.001,0.239,5.1,2004.106776,247,16.1,10.4,14.7,20.8,19.4,15.3,18.7,16.4
0.8,10.02,11.7,0.4,7.8,11,0.002,0.458,8.3,2004.106776,233.5,16.1,10.4,14.7,20.8,19.4,15.3,18.7,16.4
1,9.68,11,17.4,8.1,5.5,0.001,0.156,2.6,2004.106776,160,16.1,10.4,14.7,20.8,19.4,15.3,18.7,16.4
1.2,8.47,12.2,24.1,8.1,5.8,0.001,0.077,2.6,2004.106776,81,16.1,10.4,14.7,20.8,19.4,15.3,18.7,16.4
0.8,9.65,12.5,7.9,8,5.5,0.001,0.099,9.6,2004.109514,111,14.9,16.1,10.4,14.7,20.8,19.4,15.3,18.7
0.8,9.65,12.5,7.9,8,5.5,0.001,0.079,12.2,2004.109514,85,14.9,16.1,10.4,14.7,20.8,19.4,15.3,18.7
2,7.36,16.5,17.8,7.9,6.4,0.001,0.146,1.7,2004.186174,150,19.6,19.7,26.9,22,21.5,21.4,21.4,21.7
1.3,7.1,15.5,9.5,7.9,3.9,0.001,0.117,2.6,2004.186174,121,19.6,19.7,26.9,22,21.5,21.4,21.4,21.7
1.2,7.35,16.9,16.1,7.9,2.8,0.001,0.158,1.7,2004.186174,162,19.6,19.7,26.9,22,21.5,21.4,21.4,21.7
0.9,8.19,15.6,6.6,7.8,6.6,0.001,0.295,8.5,2004.186174,301,19.6,19.7,26.9,22,21.5,21.4,21.4,21.7
0.5,7.74,16.7,5.1,7.8,11.4,0.002,0.332,3.8,2004.186174,178,19.6,19.7,26.9,22,21.5,21.4,21.4,21.7
0.4,6.81,18.1,2,8.3,24.9,0.001,0.1,16,2004.186174,201,19.6,19.7,26.9,22,21.5,21.4,21.4,21.7
0.4,6.81,18.1,2,8.3,24.9,0.002,0.103,16,2004.186174,101.5,19.6,19.7,26.9,22,21.5,21.4,21.4,21.7
1.3,6.78,15.9,30.6,7.8,13.9,0.001,0.017,3,2004.186174,32,19.6,19.7,26.9,22,21.5,21.4,21.4,21.7
1,7.03,16.9,7.4,8,14,0.002,0.289,2.1,2004.186174,158,19.6,19.7,26.9,22,21.5,21.4,21.4,21.7
0.8,7.57,17,0.1,7.1,16.6,0.003,0.427,3,2004.186174,152.3333333,19.6,19.7,26.9,22,21.5,21.4,21.4,21.7
1.3,7.09,18.2,31.2,8.3,6.6,0.001,0.033,1.7,2004.260096,37,18.5,25,22.4,21.5,18.8,21.4,22.4,26.1
0.9,7.45,16.8,33.6,8.3,12.2,0.001,0.011,2.1,2004.260096,15,18.5,25,22.4,21.5,18.8,21.4,22.4,26.1
1.1,8.68,17.8,23.2,8.3,9.3,0.001,0.02,4.7,2004.260096,24,18.5,25,22.4,21.5,18.8,21.4,22.4,26.1
1.1,7.49,18,17.6,8.3,5.8,0.001,0.103,2.6,2004.260096,123,18.5,25,22.4,21.5,18.8,21.4,22.4,26.1
0.7,5.43,30.3,31.6,7.9,21,0.002,0.007,5.1,2004.5859,12,32.1,33.2,30.5,30.4,30.2,30.7,29.9,31.1
0.85,5.47,30,24.5,7.8,24,0.001,0.007,9,2004.5859,13,32.1,33.2,30.5,30.4,30.2,30.7,29.9,31.1
1,5.94,30.2,27.4,7.9,16,0.001,0.007,7.7,2004.5859,11,32.1,33.2,30.5,30.4,30.2,30.7,29.9,31.1
0.7,6.29,29.8,23.2,8,7.1,0.001,0.009,9.6,2004.5859,15,32.1,33.2,30.5,30.4,30.2,30.7,29.9,31.1
0.9,6.3,29.7,11.5,7.1,9.5,0.001,0.083,6.4,2004.5859,87,32.1,33.2,30.5,30.4,30.2,30.7,29.9,31.1
0.6,6.03,29.6,6.9,7.5,12.5,0.004,0.018,14.1,2004.5859,7,32.1,33.2,30.5,30.4,30.2,30.7,29.9,31.1
0.5,6.4,29.7,18.6,7.8,17.5,0.001,0.009,11.5,2004.5859,13,32.1,33.2,30.5,30.4,30.2,30.7,29.9,31.1
1.3,5.58,30.3,0.1,7.1,9.6,0.001,0.265,1.3,2004.5859,273,32.1,33.2,30.5,30.4,30.2,30.7,29.9,31.1
0.8,7.38,28.6,32.3,7.9,12,0.004,0.052,7.7,2004.687201,16.5,30.7,30.3,25.2,31.3,32,31.6,30.6,31.3
0.7,6.56,28.2,30.6,7.8,9.5,0.002,0.095,7.7,2004.687201,60,30.7,30.3,25.2,31.3,32,31.6,30.6,31.3
1.5,6.91,28.6,31.7,8,4.8,0.002,0.103,0.8,2004.687201,53.5,30.7,30.3,25.2,31.3,32,31.6,30.6,31.3
1,7.59,29.1,21.3,7.7,7.8,0.001,0.064,2.6,2004.687201,76,30.7,30.3,25.2,31.3,32,31.6,30.6,31.3
0.8,6.53,28.1,7.6,7.6,10,0.003,0.295,16,2004.687201,113.6666667,30.7,30.3,25.2,31.3,32,31.6,30.6,31.3
0.55,7.25,26.3,10.3,7.5,16.5,0.005,0.066,5.8,2004.687201,30,30.7,30.3,25.2,31.3,32,31.6,30.6,31.3
0.55,7.25,26.3,10.3,7.5,16.5,0.004,0.047,5.1,2004.687201,37.5,30.7,30.3,25.2,31.3,32,31.6,30.6,31.3
0.9,8.13,28.8,23.4,8,10.3,0.001,0.053,9.6,2004.687201,67,30.7,30.3,25.2,31.3,32,31.6,30.6,31.3
0.4,7.38,28.2,20.2,7.8,27.5,0.002,0.112,32,2004.687201,80,30.7,30.3,25.2,31.3,32,31.6,30.6,31.3
1.7,95.7,22.2,28.8,8.3,8.3,0.001,0.031,1.3,2004.854209,58,24.7,22.2,22.1,20.2,25.8,26.9,27.2,26.4
1.3,104.4,20.2,16.2,8.1,4.2,0.001,0.076,3,2004.854209,88,24.7,22.2,22.1,20.2,25.8,26.9,27.2,26.4
1.3,103.8,19.5,14.8,8.4,3.1,0.002,0.139,3,2004.854209,78.5,24.7,22.2,22.1,20.2,25.8,26.9,27.2,26.4
1.2,94.8,21.7,10.1,8,4.8,0.002,0.269,1.3,2004.854209,145,24.7,22.2,22.1,20.2,25.8,26.9,27.2,26.4
1,95.4,20.6,8.1,7.8,8.6,0.001,0.244,1.9,2004.854209,253,24.7,22.2,22.1,20.2,25.8,26.9,27.2,26.4
1,92.8,19.5,6.1,7.8,11.3,0.002,0.065,5.1,2004.854209,39,24.7,22.2,22.1,20.2,25.8,26.9,27.2,26.4
1,92.8,19.5,6.1,7.8,11.3,0.003,0.056,2.6,2004.854209,28.66666667,24.7,22.2,22.1,20.2,25.8,26.9,27.2,26.4
1.4,99.8,19.8,12.6,8,3.9,0.003,0.166,1.3,2004.854209,59,24.7,22.2,22.1,20.2,25.8,26.9,27.2,26.4
1.2,96.9,20.4,13,7.8,5,0.002,0.192,0.5,2004.854209,104,24.7,22.2,22.1,20.2,25.8,26.9,27.2,26.4
1.7,8,17.8,13.9,8,5.3,0.013,0.195,3,2004.914442,16.30769231,22.7,19.1,19.4,18.9,13.3,21.5,24.6,25
0.7,8.2,18,9.5,8,17.7,0.012,0.263,2.1,2004.914442,23.58333333,22.7,19.1,19.4,18.9,13.3,21.5,24.6,25
1.3,10.8,19.1,21.1,8.3,3.6,0.013,0.016,1.7,2004.914442,2.307692308,22.7,19.1,19.4,18.9,13.3,21.5,24.6,25
1.2,7.7,18.1,11.7,7.7,10.4,0.01,0.236,4.7,2004.914442,25.4,22.7,19.1,19.4,18.9,13.3,21.5,24.6,25
0.9,7.6,17.5,1.2,7.7,15.5,0.018,0.369,0.8,2004.914442,22.11111111,22.7,19.1,19.4,18.9,13.3,21.5,24.6,25
1.7,8.4,19,21.6,7.8,4.2,0.007,0.015,1.7,2004.914442,4.142857143,22.7,19.1,19.4,18.9,13.3,21.5,24.6,25
1.7,6.9,17.6,26.3,7.7,4,0.005,0.044,0.5,2004.914442,12.2,22.7,19.1,19.4,18.9,13.3,21.5,24.6,25
1.5,8.92,15.5,4.3,7.8,4.6,0.029,0.339,1.28,2005.008214,12.82758621,21.7,21.4,22,20.9,19.3,18.2,18.8,16
1.2,9.42,15.6,6.2,8,3,0.035,0.248,0.64,2005.008214,7.942857143,21.7,21.4,22,20.9,19.3,18.2,18.8,16
1.5,9.34,15,8.1,8,5,0.033,0.268,0.64,2005.008214,9.363636364,21.7,21.4,22,20.9,19.3,18.2,18.8,16
1.8,9.12,14.3,4.7,7.6,5,0.032,0.323,1.28,2005.008214,11.34375,21.7,21.4,22,20.9,19.3,18.2,18.8,16
1.2,8.91,14.1,1.4,8.1,4.4,0.046,0.086,0.64,2005.008214,2.717391304,21.7,21.4,22,20.9,19.3,18.2,18.8,16
0.9,7.72,16,4.7,7.6,6.6,0.028,0.081,1.28,2005.008214,4.535714286,21.7,21.4,22,20.9,19.3,18.2,18.8,16
0.9,7.72,16,4.7,7.6,6.6,0.017,0.058,0.64,2005.008214,5.764705882,21.7,21.4,22,20.9,19.3,18.2,18.8,16
1.5,9.47,15.6,18.9,8.2,3.3,0.036,0.097,1.28,2005.008214,3.583333333,21.7,21.4,22,20.9,19.3,18.2,18.8,16
1.9,8.03,15,25.2,8,2.7,0.004,0.016,1.92,2005.008214,11.75,21.7,21.4,22,20.9,19.3,18.2,18.8,16
1,8.9,14.5,27.5,7.8,14,0.001,0.335,2.99,2005.1013,354,19.7,19.1,15.5,16,16.7,13.3,13.9,13.4
0.5,9.7,14.3,15.9,7.9,22,0.001,0.258,2.56,2005.1013,273,19.7,19.1,15.5,16,16.7,13.3,13.9,13.4
1.3,10.1,14.7,25.4,7.8,4,0.002,0.263,1.28,2005.1013,143.5,19.7,19.1,15.5,16,16.7,13.3,13.9,13.4
1,9.9,14.1,16.5,8,5,0.003,0.279,5.55,2005.1013,105,19.7,19.1,15.5,16,16.7,13.3,13.9,13.4
0.9,10.3,13.2,2.4,7.9,8,0.003,0.08,4.49,2005.1013,36.66666667,19.7,19.1,15.5,16,16.7,13.3,13.9,13.4
0.6,10.9,14.6,20,7.7,10.5,0.004,0.073,1.92,2005.1013,23.25,19.7,19.1,15.5,16,16.7,13.3,13.9,13.4
0.6,10.9,14.6,20,7.7,10.5,0.002,0.057,2.56,2005.1013,40,19.7,19.1,15.5,16,16.7,13.3,13.9,13.4
1.7,8.9,13.7,28.3,7.8,3.3,0.001,0.016,1.71,2005.1013,35,19.7,19.1,15.5,16,16.7,13.3,13.9,13.4
1,7.8,15.9,28.9,7.8,9.6,0.001,0.021,0.5,2005.164271,25,13.4,17.4,19.5,16,16.5,16.5,22.7,20.1
0.5,8.8,15.3,13.3,7.8,13.8,0.001,0.141,0.9,2005.164271,145,13.4,17.4,19.5,16,16.5,16.5,22.7,20.1
0.9,8.9,14.8,10.7,7.8,10.3,0.001,0.218,0.56,2005.164271,226,13.4,17.4,19.5,16,16.5,16.5,22.7,20.1
1,9.2,14,5,7.8,10,0.001,0.29,0.98,2005.164271,294,13.4,17.4,19.5,16,16.5,16.5,22.7,20.1
1,7.8,13.7,1.7,7.8,19.7,0.001,0.054,0.96,2005.164271,58,13.4,17.4,19.5,16,16.5,16.5,22.7,20.1
1,7.8,13.7,1.7,7.8,19.7,0.001,0.098,1.28,2005.164271,102,13.4,17.4,19.5,16,16.5,16.5,22.7,20.1
0.8,8.2,15.7,12.7,7.8,14.7,0.001,0.208,0.98,2005.164271,212,13.4,17.4,19.5,16,16.5,16.5,22.7,20.1
0.4,8.7,20.9,4.5,8,16,0.004,0.258,1.11,2005.25462,78,23.3,19.9,20.8,21.8,23,22.3,24.3,18.5
0.4,8.3,20.5,1.3,7.8,36,0.005,0.357,1.6,2005.25462,82.4,23.3,19.9,20.8,21.8,23,22.3,24.3,18.5
0.3,7.9,19.9,0.2,8,42,0.006,0.458,2.01,2005.25462,84.66666667,23.3,19.9,20.8,21.8,23,22.3,24.3,18.5
0.3,6.3,19.1,0.1,7.6,75,0.006,0.698,0.98,2005.25462,128.3333333,23.3,19.9,20.8,21.8,23,22.3,24.3,18.5
0.3,8,18.5,0.5,8.2,43,0.005,0.348,3.82,2005.25462,79.2,23.3,19.9,20.8,21.8,23,22.3,24.3,18.5
0.4,7.6,18.1,0.2,8,44,0.005,0.276,1.22,2005.25462,64.4,23.3,19.9,20.8,21.8,23,22.3,24.3,18.5
1.3,9,22.4,6.2,7.9,19,0.002,0.228,0.5,2005.33128,152.5,26.8,24.5,24,24.5,22.4,24.5,21.3,19.5
0.7,9,21.2,11.1,8,17.8,0.002,0.2,1.73,2005.33128,121.5,26.8,24.5,24,24.5,22.4,24.5,21.3,19.5
2.1,7.6,22,3.8,8,12.4,0.002,0.332,0.77,2005.33128,199,26.8,24.5,24,24.5,22.4,24.5,21.3,19.5
1.9,7.8,19.8,1.6,8,15.5,0.003,0.363,3.4,2005.33128,143.6666667,26.8,24.5,24,24.5,22.4,24.5,21.3,19.5
0.5,8.3,20.6,0.2,7.5,18.2,0.009,0.095,1.41,2005.33128,20.44444444,26.8,24.5,24,24.5,22.4,24.5,21.3,19.5
0.6,7.4,20.9,21.8,7.8,32.1,0.005,0.232,1.92,2005.33128,52.6,26.8,24.5,24,24.5,22.4,24.5,21.3,19.5
0.9,7.8,29.5,9.2,8.2,4.6,0.001,0.25,0.85,2005.427105,256,30.1,28.9,28.5,27.9,27.8,27,25.6,29.1
1.5,6.98,28.6,16.3,8.2,3.1,0.002,0.21,0.85,2005.427105,123.5,30.1,28.9,28.5,27.9,27.8,27,25.6,29.1
1,7.23,30.1,4.4,8.2,4.8,0.002,0.338,1.28,2005.427105,193,30.1,28.9,28.5,27.9,27.8,27,25.6,29.1
1,7.01,28,1.4,8.2,8.6,0.001,0.38,5.98,2005.427105,436,30.1,28.9,28.5,27.9,27.8,27,25.6,29.1
0.9,6.66,29.5,0.3,8.2,13.5,0.002,0.104,2.13,2005.427105,86,30.1,28.9,28.5,27.9,27.8,27,25.6,29.1
1.1,5.73,28.5,10,8,10.2,0.003,0.287,1.28,2005.427105,102.6666667,30.1,28.9,28.5,27.9,27.8,27,25.6,29.1
0.5,7.2,28.1,1.8,8,27,0.001,0.418,3.84,2005.514716,487,31.7,31.3,30.7,31,31,32.2,32.1,29.9
1,6.06,28.5,0.1,7.8,12.4,0.002,0.494,2.99,2005.514716,269,31.7,31.3,30.7,31,31,32.2,32.1,29.9
0.8,6.8,26.6,6.1,7.8,13.8,0.002,0.386,2.56,2005.752909,199,30.4,30.9,30.3,30.2,29.9,29.1,26.1,29.3
0.8,5.4,27.9,23.1,7.8,8.4,0.001,0.008,1.92,2005.752909,41,30.4,30.9,30.3,30.2,29.9,29.1,26.1,29.3
0.9,6.1,27.3,0.1,7.8,13,0.004,0.59,1.71,2005.752909,150.75,30.4,30.9,30.3,30.2,29.9,29.1,26.1,29.3
1.5,7.8,23.4,15.6,8,5.1,0.001,0.234,1.71,2005.851472,253,27.1,26,26.1,24.9,24.2,23.2,25.3,23.9
1.4,7.5,23.2,24.9,8,3.4,0.001,0.049,1.28,2005.851472,74,27.1,26,26.1,24.9,24.2,23.2,25.3,23.9
2.2,7.8,23.6,10.8,8,4.3,0.002,0.203,2.13,2005.851472,106.5,27.1,26,26.1,24.9,24.2,23.2,25.3,23.9
1.3,7.8,22.5,6.7,7.9,7.2,0.001,0.465,1.92,2005.851472,481,27.1,26,26.1,24.9,24.2,23.2,25.3,23.9
0.6,6.5,24.7,18,7.7,13.3,0.002,0.406,3.2,2005.851472,219.5,27.1,26,26.1,24.9,24.2,23.2,25.3,23.9
1,7.8,23.2,25.7,8,4.7,0.002,0.041,1.28,2005.851472,29.5,27.1,26,26.1,24.9,24.2,23.2,25.3,23.9
2,6.2,23.5,28.3,7.8,3.4,0.002,0.101,1.28,2005.851472,55,27.1,26,26.1,24.9,24.2,23.2,25.3,23.9
1.3,7.1,18.4,16.1,7.8,5.9,0.002,0.183,1.28,2005.908966,111.5,21.7,21.9,21.8,20.2,21.6,24.8,15.8,17.1
0.9,6.8,19.7,16.8,8,12.9,0.001,0.107,3.2,2005.908966,126,21.7,21.9,21.8,20.2,21.6,24.8,15.8,17.1
1.8,6.1,18.6,28.6,8,6.8,0.001,0.007,1.28,2005.908966,11,21.7,21.9,21.8,20.2,21.6,24.8,15.8,17.1
1.3,6.4,16.2,19.9,7.9,6.9,0.001,0.073,0.85,2005.911704,91,16.1,21.7,21.9,21.8,20.2,21.6,24.8,15.8
1.7,5.6,18.1,32,8.2,6.7,0.001,0.007,1.28,2005.911704,11,16.1,21.7,21.9,21.8,20.2,21.6,24.8,15.8
1,6.6,15.5,20.6,8.1,5.9,0.001,0.1,0.85,2005.911704,118,16.1,21.7,21.9,21.8,20.2,21.6,24.8,15.8
1.2,6.9,16.2,13.4,8,6.3,0.001,0.098,5.25,2006.008214,125,17.6,22.6,22.2,20.2,22.9,18.3,18.8,20.7
1.4,6.5,16.6,20.7,8,5.2,0.001,0.068,2.99,2006.008214,87,17.6,22.6,22.2,20.2,22.9,18.3,18.8,20.7
1.2,7,16,5.8,8,4.8,0.001,0.3,1.79,2006.008214,349,17.6,22.6,22.2,20.2,22.9,18.3,18.8,20.7
2,6.2,16.1,33.2,7.8,4.1,0.001,0.007,1.71,2006.008214,29,17.6,22.6,22.2,20.2,22.9,18.3,18.8,20.7
1.3,7,16.7,13.8,8.2,4.5,0.002,0.198,2.44,2006.008214,108.5,17.6,22.6,22.2,20.2,22.9,18.3,18.8,20.7
1,6.5,15.5,0.1,8.2,12.3,0.002,0.47,0.5,2006.008214,250,17.6,22.6,22.2,20.2,22.9,18.3,18.8,20.7
0.1,9.6,16.8,5.4,7.9,16.9,0.001,0.401,5,2006.082136,436,17.8,20,19,18.2,16.6,14,18.3,21.9
0.1,9.6,16.8,5.4,7.9,16.9,0.001,0.438,4.74,2006.082136,467,17.8,20,19,18.2,16.6,14,18.3,21.9
1.5,8.4,14.6,8.6,8,5.2,0.001,0.282,2.31,2006.084873,300,16.8,17.8,20,19,18.2,16.6,14,18.3
1.3,8.5,15.5,7.4,8,5.4,0.001,0.41,2.01,2006.084873,451,16.8,17.8,20,19,18.2,16.6,14,18.3
1.2,8,14.2,1.8,8.1,6.8,0.001,0.497,3.37,2006.084873,536,16.8,17.8,20,19,18.2,16.6,14,18.3
1.4,7.3,15.8,31.2,8.1,7.6,0.001,0.033,2.39,2006.084873,56,16.8,17.8,20,19,18.2,16.6,14,18.3
1,8.5,15.3,11.6,7.8,4.1,0.001,0.278,3.54,2006.084873,306,16.8,17.8,20,19,18.2,16.6,14,18.3
0.8,8.3,14.6,0.1,7.9,12.1,0.002,0.571,0.6,2006.084873,300.5,16.8,17.8,20,19,18.2,16.6,14,18.3
1.6,9.9,16.1,7.1,7.9,4.9,0.001,0.228,9.61,2006.161533,239,20.4,18.5,14.2,19.9,21.4,19.9,24.9,21.6
1.2,9.6,15.8,9.2,7.9,6.3,0.001,0.304,3.42,2006.161533,330,20.4,18.5,14.2,19.9,21.4,19.9,24.9,21.6
1.2,10.1,18.4,4.2,8,7.6,0.002,0.45,4.66,2006.161533,236.5,20.4,18.5,14.2,19.9,21.4,19.9,24.9,21.6
0.5,9.4,17.6,2.3,8.1,18.6,0.001,0.17,6.66,2006.161533,197,20.4,18.5,14.2,19.9,21.4,19.9,24.9,21.6
0.5,9.4,17.6,2.3,8.1,18.6,0.001,0.176,7.37,2006.161533,200,20.4,18.5,14.2,19.9,21.4,19.9,24.9,21.6
3.2,8.3,16.3,30.6,8,4.7,0.002,0.034,3.5,2006.161533,28,20.4,18.5,14.2,19.9,21.4,19.9,24.9,21.6
1.3,9.5,19.2,3.5,8,5.4,0.001,0.337,2.99,2006.161533,367,20.4,18.5,14.2,19.9,21.4,19.9,24.9,21.6
1.1,9.2,18,7.8,7.8,11.2,0.002,0.253,2.13,2006.161533,144.5,20.4,18.5,14.2,19.9,21.4,19.9,24.9,21.6
0.9,9.8,15.9,0.1,7.4,14,0.002,0.621,0.94,2006.161533,329.5,20.4,18.5,14.2,19.9,21.4,19.9,24.9,21.6
0.8,6.5,31.4,20.5,7.8,6.5,0.001,0.008,6.79,2006.599589,13,33.4,31.6,31.6,31.2,31.3,32.5,31.9,31.2
1,6.9,32.1,22.2,8,6.3,0.001,0.007,6.54,2006.599589,11,33.4,31.6,31.6,31.2,31.3,32.5,31.9,31.2
1.3,6.4,31.1,0.1,7.7,5.3,0.001,0.141,10.72,2006.599589,155,33.4,31.6,31.6,31.2,31.3,32.5,31.9,31.2
1,5.9,30.3,31.8,8,7.9,0.001,0.007,7.3,2006.678987,28,30.2,30.5,30.4,31.3,32.2,31.7,31.4,31.5
0.6,4.5,29.6,12.6,7.7,9.2,0.003,0.008,14.16,2006.678987,8.666666667,30.2,30.5,30.4,31.3,32.2,31.7,31.4,31.5
1.2,5.9,29.6,23.7,8,4.7,0.002,0.007,6.49,2006.678987,7,30.2,30.5,30.4,31.3,32.2,31.7,31.4,31.5
0.9,4.5,30.1,20.1,7.5,12.4,0.002,0.019,7.82,2006.678987,34.5,30.2,30.5,30.4,31.3,32.2,31.7,31.4,31.5
1,6.9,26.9,22.9,7.8,3.5,0.001,0.007,3.67,2006.752909,11,28.2,31.5,30.6,27.2,26.7,29.1,27.1,28.2
1.5,6,27.4,32.2,7.5,3.5,0.002,0.007,1.67,2006.752909,5.5,28.2,31.5,30.6,27.2,26.7,29.1,27.1,28.2
1.4,6.4,27.1,26.9,7.7,10,0.002,0.007,5.17,2006.752909,5.5,28.2,31.5,30.6,27.2,26.7,29.1,27.1,28.2
1.6,7.21,21.1,23,7.7,7.2,0.001,0.011,1.96,2006.832307,17,26.4,24.8,23,22.8,21.5,26.3,20.2,19.7
1.7,7.5,21.5,21.1,7.8,4.3,0.002,0.007,4.57,2006.832307,7.5,26.4,24.8,23,22.8,21.5,26.3,20.2,19.7
1.3,7.39,20.8,23.9,7.7,3.4,0.001,0.007,3.84,2006.832307,13,26.4,24.8,23,22.8,21.5,26.3,20.2,19.7
1.3,7.17,21.5,15.7,7.8,8.6,0.001,0.059,4.1,2006.832307,67,26.4,24.8,23,22.8,21.5,26.3,20.2,19.7
1.2,7.06,20.8,19.1,7.5,5.4,0.002,0.168,4.36,2006.832307,94.5,26.4,24.8,23,22.8,21.5,26.3,20.2,19.7
0.9,6.98,20.9,14.8,7.8,7.3,0.002,0.007,6.07,2006.832307,7.5,26.4,24.8,23,22.8,21.5,26.3,20.2,19.7
0.9,6.98,20.9,14.8,7.8,7.3,0.004,0.007,10.32,2006.832307,4,26.4,24.8,23,22.8,21.5,26.3,20.2,19.7
1.4,6.02,22.6,33.7,7.7,8.9,0.001,0.007,1.41,2006.832307,13,26.4,24.8,23,22.8,21.5,26.3,20.2,19.7
2,7.2,21,26.9,7.7,5.4,0.001,0.007,1.84,2006.832307,14,26.4,24.8,23,22.8,21.5,26.3,20.2,19.7
1.5,6.18,21,27.6,7.7,7.5,0.009,0.018,1.62,2006.832307,5.333333333,26.4,24.8,23,22.8,21.5,26.3,20.2,19.7
1.6,7.37,20.1,0.1,8.1,7.2,0.01,0.487,2.56,2006.832307,50.7,26.4,24.8,23,22.8,21.5,26.3,20.2,19.7
0.8,11.1,19.3,14.6,8,8.6,0.003,0.007,11.92,2006.906229,4.666666667,22.4,23.6,22.3,22.1,20.1,18.4,17.2,13.3
1,9,17.4,14,7.8,6.5,0.001,0.042,5.47,2006.908966,46,23.5,22.4,23.6,22.3,22.1,20.1,18.4,17.2
1.5,9.7,17.5,13.5,7.6,5.6,0.001,0.053,5.38,2006.908966,66,23.5,22.4,23.6,22.3,22.1,20.1,18.4,17.2
2,10.2,17.5,25.8,7.7,4.8,0.001,0.007,4.27,2006.908966,11,23.5,22.4,23.6,22.3,22.1,20.1,18.4,17.2
1.7,10.7,17.7,22.2,7.8,6,0.001,0.011,6.58,2006.908966,15,23.5,22.4,23.6,22.3,22.1,20.1,18.4,17.2
1.6,9,17.3,34,7.8,6.9,0.001,0.007,2.65,2006.908966,11,23.5,22.4,23.6,22.3,22.1,20.1,18.4,17.2
1,7.6,16,0.1,8,8.4,0.008,0.346,1.88,2006.908966,45.375,23.5,22.4,23.6,22.3,22.1,20.1,18.4,17.2
0.5,8.17,15,14.1,7.9,11.2,0.004,0.055,6.5,2007.021903,19,18.2,20.6,22.6,24.4,21.2,19.2,16.2,11.6
1.1,8.61,15.7,19,8.1,4.8,0.001,0.101,3.8,2007.021903,107,18.2,20.6,22.6,24.4,21.2,19.2,16.2,11.6
0.8,7.57,15.6,10.1,7.8,11.6,0.009,0.205,4,2007.021903,25,18.2,20.6,22.6,24.4,21.2,19.2,16.2,11.6
0.8,8.89,16.2,4.4,8,7.4,0.005,0.072,6.2,2007.021903,16.4,18.2,20.6,22.6,24.4,21.2,19.2,16.2,11.6
2.5,7.3,16.6,33,8.1,7.6,0.004,0.007,1.5,2007.021903,2.75,18.2,20.6,22.6,24.4,21.2,19.2,16.2,11.6
1,8.54,15.9,14.6,8,8.5,0.004,0.172,3.8,2007.021903,48.25,18.2,20.6,22.6,24.4,21.2,19.2,16.2,11.6
0.7,7.85,16.6,14.5,7.9,17.2,0.007,0.166,4.7,2007.021903,30.14285714,18.2,20.6,22.6,24.4,21.2,19.2,16.2,11.6
0.5,7.11,16.2,0.1,8.1,23.7,0.014,0.284,1.3,2007.021903,22.21428571,18.2,20.6,22.6,24.4,21.2,19.2,16.2,11.6
1.2,8.01,11.3,10.1,8.1,5.1,0.001,0.209,1.8,2007.095825,224,12.5,13.1,9.9,17.9,20.2,13.5,11.9,9.4
1,7.85,11.2,16.1,8.3,7.6,0.001,0.144,3.3,2007.095825,148,12.5,13.1,9.9,17.9,20.2,13.5,11.9,9.4
1,7.4,12,10,8.1,6.2,0.002,0.272,9.3,2007.095825,138.5,12.5,13.1,9.9,17.9,20.2,13.5,11.9,9.4
0.4,6.04,11.6,1.3,7.3,12.7,0.006,0.032,16,2007.095825,8.666666667,12.5,13.1,9.9,17.9,20.2,13.5,11.9,9.4
0.4,6.04,11.6,1.3,7.3,12.7,0.004,0.089,8.1,2007.095825,27.25,12.5,13.1,9.9,17.9,20.2,13.5,11.9,9.4
1.8,6.3,13.2,30.5,8.3,5.2,0.001,0.036,0.5,2007.095825,40,12.5,13.1,9.9,17.9,20.2,13.5,11.9,9.4
1,8.08,11.1,12.4,8.2,3.6,0.001,0.194,1.7,2007.095825,198,12.5,13.1,9.9,17.9,20.2,13.5,11.9,9.4
1,7.3,11.6,16,8.1,6.4,0.002,0.152,1.8,2007.095825,81.5,12.5,13.1,9.9,17.9,20.2,13.5,11.9,9.4
0.8,7.27,11.3,0.1,8.2,16,0.014,0.487,0.5,2007.095825,36.28571429,12.5,13.1,9.9,17.9,20.2,13.5,11.9,9.4
1.8,9.26,17.4,10.5,8.3,4.6,0.008,0.326,5,2007.172485,61.5,17.1,17.6,21.9,21.2,22.3,22.7,24.6,21.9
0.2,9.63,16.5,2.8,8.2,48.5,0.005,0.078,17.6,2007.172485,24.2,17.1,17.6,21.9,21.2,22.3,22.7,24.6,21.9
0.2,9.63,16.5,2.8,8.2,48.5,0.006,0.041,19.2,2007.172485,12.5,17.1,17.6,21.9,21.2,22.3,22.7,24.6,21.9
0.8,8.66,16.1,0.1,7.7,12.6,0.008,0.659,2,2007.172485,85.75,17.1,17.6,21.9,21.2,22.3,22.7,24.6,21.9
1.4,8.59,14.4,19.7,8.3,3.7,0.002,0.011,2,2007.175222,18.5,21.3,17.1,17.6,21.9,21.2,22.3,22.7,24.6
1.5,8.68,14.8,15.5,8.3,3.1,0.002,0.208,2.4,2007.175222,114,21.3,17.1,17.6,21.9,21.2,22.3,22.7,24.6
1.8,7.31,16,31.7,8.3,3.3,0.003,0.019,2.2,2007.175222,73,21.3,17.1,17.6,21.9,21.2,22.3,22.7,24.6
0.8,8.82,15.6,24.4,7.7,18.2,0.002,0.038,6.9,2007.268309,97.5,14.2,12.6,15,20,20.5,27.6,25.1,24.5
1.4,9.28,16,17.5,8.2,6.6,0.002,0.152,6.5,2007.268309,86.5,14.2,12.6,15,20,20.5,27.6,25.1,24.5
0.8,9.33,16.2,15.6,8.1,10.2,0.002,0.141,11.8,2007.268309,79,14.2,12.6,15,20,20.5,27.6,25.1,24.5
0.5,10.01,14.7,5.3,8.3,14.5,0.002,0.165,26.4,2007.268309,92.5,14.2,12.6,15,20,20.5,27.6,25.1,24.5
0.5,10.01,14.7,5.3,8.3,14.5,0.002,0.117,30.8,2007.268309,67.5,14.2,12.6,15,20,20.5,27.6,25.1,24.5
1.2,9.79,15.1,16.8,8.2,7.2,0.002,0.142,4.2,2007.268309,80,14.2,12.6,15,20,20.5,27.6,25.1,24.5
1.1,8.67,15.8,19.6,8,9.3,0.002,0.113,3.8,2007.268309,73,14.2,12.6,15,20,20.5,27.6,25.1,24.5
1,8.04,19.1,0.1,8.3,8.3,0.009,0.058,3.1,2007.268309,10.11111111,14.2,12.6,15,20,20.5,27.6,25.1,24.5
0.9,7.06,22.4,23.2,8.3,13.9,0.002,0.003,10.3,2007.347707,39,28.3,24.9,28.9,28.4,26.8,28.9,28.2,28.4
0.7,7.87,23.4,8.9,8.3,19.8,0.002,0.153,21.7,2007.347707,88,28.3,24.9,28.9,28.4,26.8,28.9,28.2,28.4
0.9,8.61,23.3,11.9,8.3,14.2,0.002,0.084,13.6,2007.347707,64,28.3,24.9,28.9,28.4,26.8,28.9,28.2,28.4
0.6,6.86,23.2,10.8,8.1,10.5,0.002,0.004,14.3,2007.347707,23,28.3,24.9,28.9,28.4,26.8,28.9,28.2,28.4
0.6,6.86,23.2,10.8,8.1,10.5,0.002,0.005,27.9,2007.347707,6.5,28.3,24.9,28.9,28.4,26.8,28.9,28.2,28.4
1.3,6.07,23.4,35,8.3,11.6,0.002,0.004,4.2,2007.347707,6,28.3,24.9,28.9,28.4,26.8,28.9,28.2,28.4
0.8,6.5,22.4,24.9,8.3,13.7,0.002,0.003,9.8,2007.347707,39,28.3,24.9,28.9,28.4,26.8,28.9,28.2,28.4
0.4,5.74,22.4,27.7,8.2,39.1,0.003,0.01,8.5,2007.347707,33.66666667,28.3,24.9,28.9,28.4,26.8,28.9,28.2,28.4
0.6,6.1,25.1,0.1,7.9,8.2,0.008,0.465,4.5,2007.347707,61.75,28.3,24.9,28.9,28.4,26.8,28.9,28.2,28.4
0.2,5.56,26.2,35.1,8.1,38.7,0.003,0.005,15.2,2007.424367,7,29,29.4,30,22.6,25.1,27.1,26.1,27.4
0.5,5.93,26.3,35.3,8.2,21.8,0.003,0.003,7.4,2007.424367,10.33333333,29,29.4,30,22.6,25.1,27.1,26.1,27.4
0.3,5.6,26.4,35.2,8.1,35.8,0.003,0.005,8.3,2007.424367,4.333333333,29,29.4,30,22.6,25.1,27.1,26.1,27.4
0.2,5.57,26.1,25.2,8,44.7,0.002,0.095,12.3,2007.424367,82,29,29.4,30,22.6,25.1,27.1,26.1,27.4
0.3,5.95,25.9,19.1,7.9,47.7,0.002,0.051,23.5,2007.424367,46,29,29.4,30,22.6,25.1,27.1,26.1,27.4
0.4,5.63,25.8,35.1,8.1,31.1,0.002,0.0014,8.5,2007.424367,4.7,29,29.4,30,22.6,25.1,27.1,26.1,27.4
0.6,5.62,25.8,30.8,8,16.9,0.009,0.052,2.9,2007.424367,14.11111111,29,29.4,30,22.6,25.1,27.1,26.1,27.4
1,6.38,26.3,0.1,7.7,7.2,0.004,0.045,6,2007.424367,15.5,29,29.4,30,22.6,25.1,27.1,26.1,27.4
1.1,5.1,30.9,33.9,8.2,10.4,0.003,0.002,5.6,2007.520192,13,31.8,31.9,32.2,33.7,33.8,30.6,30.9,29.4
1.7,4.9,30.1,35.3,8.3,7.2,0.003,0.002,4.2,2007.520192,22,31.8,31.9,32.2,33.7,33.8,30.6,30.9,29.4
1,5.3,30.8,34.3,8.3,8.9,0.002,0.0014,4,2007.520192,13.7,31.8,31.9,32.2,33.7,33.8,30.6,30.9,29.4
1.1,6,32,21.8,8.2,7.8,0.002,0.002,8,2007.520192,19,31.8,31.9,32.2,33.7,33.8,30.6,30.9,29.4
0.6,6.6,31.4,14.4,8.2,13.7,0.002,0.0014,21,2007.520192,15.2,31.8,31.9,32.2,33.7,33.8,30.6,30.9,29.4
0.6,6.6,31.4,14.4,8.2,13.7,0.002,0.0014,19.4,2007.520192,15.2,31.8,31.9,32.2,33.7,33.8,30.6,30.9,29.4
1.2,5.4,30.1,35.3,8.3,11.6,0.002,0.0014,5.1,2007.520192,10.2,31.8,31.9,32.2,33.7,33.8,30.6,30.9,29.4
1.3,4.6,29.7,31.4,8.4,7.1,0.003,0.01,4,2007.520192,12.66666667,31.8,31.9,32.2,33.7,33.8,30.6,30.9,29.4
0.7,4.9,30.1,22.8,8.2,11.4,0.002,0.018,6.5,2007.520192,38.5,31.8,31.9,32.2,33.7,33.8,30.6,30.9,29.4
1.5,6.7,31.7,0.1,7.3,4.3,0.002,0.154,11.2,2007.520192,93.5,31.8,31.9,32.2,33.7,33.8,30.6,30.9,29.4
0.7,5.5,30.9,29.1,8,9.8,0.002,0.005,5.8,2007.596851,7,33.6,32.2,33.3,30.4,27.8,29.8,28.9,31.9
1.1,5,30,34.7,8,5.8,0.003,0.006,4.5,2007.596851,5.666666667,33.6,32.2,33.3,30.4,27.8,29.8,28.9,31.9
1.2,5.8,32.1,19.7,8,7.1,0.002,0.006,7.4,2007.596851,7,33.6,32.2,33.3,30.4,27.8,29.8,28.9,31.9
0.9,6.4,33,13.1,7.8,6.2,0.002,0.068,6.7,2007.596851,41,33.6,32.2,33.3,30.4,27.8,29.8,28.9,31.9
0.5,7.2,33.5,13.6,8,19.1,0.002,0.006,16.8,2007.596851,8,33.6,32.2,33.3,30.4,27.8,29.8,28.9,31.9
1.7,4.8,29.6,35.4,8,5.4,0.002,0.005,5.1,2007.596851,34,33.6,32.2,33.3,30.4,27.8,29.8,28.9,31.9
1,5.7,30,27.4,8,6,0.002,0.004,6.2,2007.596851,23,33.6,32.2,33.3,30.4,27.8,29.8,28.9,31.9
1.2,4.9,29.4,22.7,7.7,11.6,0.002,0.182,8,2007.596851,124.5,33.6,32.2,33.3,30.4,27.8,29.8,28.9,31.9
1,6.6,31.3,0.1,7.7,5.2,0.002,0.015,4.9,2007.596851,26.5,33.6,32.2,33.3,30.4,27.8,29.8,28.9,31.9
0.9,6.6,29.8,27.5,8,12.2,0.002,0.003,11.8,2007.689938,15.5,31.2,30.3,30.5,30.4,30.5,30.9,31.6,30.2
1.3,7.6,29.7,29,8,8.2,0.002,0.0014,11.8,2007.689938,9.7,31.2,30.3,30.5,30.4,30.5,30.9,31.6,30.2
1.3,6.9,30.1,29.4,8,7.9,0.002,0.0014,9.8,2007.689938,6.7,31.2,30.3,30.5,30.4,30.5,30.9,31.6,30.2
1.9,6,30.1,35.3,8.1,9.7,0.002,0.0014,5.4,2007.689938,5.2,31.2,30.3,30.5,30.4,30.5,30.9,31.6,30.2
1.3,7.5,29.7,34.6,8.2,9,0.002,0.0014,7.2,2007.689938,5.7,31.2,30.3,30.5,30.4,30.5,30.9,31.6,30.2
0.7,5.7,29.7,35.2,8,15,0.006,0.002,13.6,2007.689938,2.166666667,31.2,30.3,30.5,30.4,30.5,30.9,31.6,30.2
0.5,5.9,27.4,30.6,8,18.1,0.002,0.009,11.2,2007.769336,19.5,28.3,29.2,30.3,29.5,30.5,29.7,28.6,29.2
1,6.2,27.1,35.4,8.3,7.2,0.002,0.002,4.2,2007.769336,10.5,28.3,29.2,30.3,29.5,30.5,29.7,28.6,29.2
0.9,6.6,27.7,29.8,8.2,5.6,0.002,0.004,8.7,2007.769336,6,28.3,29.2,30.3,29.5,30.5,29.7,28.6,29.2
0.9,6.8,28.2,30.7,8.2,8.9,0.002,0.002,12.7,2007.769336,5,28.3,29.2,30.3,29.5,30.5,29.7,28.6,29.2
0.7,5.3,26.9,29.8,8,14.4,0.002,0.003,15.2,2007.769336,7,28.3,29.2,30.3,29.5,30.5,29.7,28.6,29.2
0.7,5.3,26.9,29.8,8,14.4,0.002,0.003,14.3,2007.769336,5.5,28.3,29.2,30.3,29.5,30.5,29.7,28.6,29.2
1.5,5.9,27.2,35.2,8.2,5.2,0.002,0.003,5.6,2007.769336,5.5,28.3,29.2,30.3,29.5,30.5,29.7,28.6,29.2
1.3,6,27.1,35.4,8.3,5.1,0.002,0.002,3.8,2007.769336,5,28.3,29.2,30.3,29.5,30.5,29.7,28.6,29.2
0.5,5,26.9,35.1,8.1,15.9,0.006,0.014,4.2,2007.769336,6.833333333,28.3,29.2,30.3,29.5,30.5,29.7,28.6,29.2
1.4,6.1,27.3,0.1,7.4,3.9,0.007,0.245,4.9,2007.769336,36.14285714,28.3,29.2,30.3,29.5,30.5,29.7,28.6,29.2
1.2,6.4,20.2,29.8,8.2,4.6,0.003,0.005,2.9,2007.843258,13,25,23.6,24.7,25.4,27.6,26.3,23.8,20.9
1.7,7.3,20.1,28,8.3,2.7,0.002,0.003,2.4,2007.843258,9.5,25,23.6,24.7,25.4,27.6,26.3,23.8,20.9
1.6,6.7,19.8,27.8,8.2,3.6,0.004,0.007,3.1,2007.843258,7.25,25,23.6,24.7,25.4,27.6,26.3,23.8,20.9
1.4,6.7,19.3,20.6,8.3,4.8,0.005,0.051,5.8,2007.843258,14.4,25,23.6,24.7,25.4,27.6,26.3,23.8,20.9
0.8,6.9,18.5,25.6,8,9.2,0.002,0.0014,9.2,2007.843258,10.7,25,23.6,24.7,25.4,27.6,26.3,23.8,20.9
2.5,6.2,21.3,35.4,8.3,1.8,0.002,0.0014,2.7,2007.843258,5.7,25,23.6,24.7,25.4,27.6,26.3,23.8,20.9
1.5,7.2,20.3,28.9,8.3,3.8,0.002,0.0014,2.7,2007.843258,6.7,25,23.6,24.7,25.4,27.6,26.3,23.8,20.9
1,6,20.5,33,8.2,8.2,0.002,0.003,4.7,2007.843258,9.5,25,23.6,24.7,25.4,27.6,26.3,23.8,20.9
2.2,7.5,20.8,0.1,7.2,0,0.008,0.162,4,2007.843258,22.375,25,23.6,24.7,25.4,27.6,26.3,23.8,20.9
0.9,6.3,17.7,30.7,8.3,10.7,0.002,0.002,7.6,2007.922656,17,16.3,23.4,22.6,20.5,23.7,23.4,20.2,17.6
0.9,6.7,16.1,24.8,8,13.5,0.002,0.01,3.6,2007.922656,23,16.3,23.4,22.6,20.5,23.7,23.4,20.2,17.6
1,6.9,16.3,28.7,8.4,10.2,0.002,0.002,4.2,2007.922656,5,16.3,23.4,22.6,20.5,23.7,23.4,20.2,17.6
1,7.2,15.6,25,8.3,6.1,0.002,0.014,5.8,2007.922656,11,16.3,23.4,22.6,20.5,23.7,23.4,20.2,17.6
1.1,7.3,15.6,21.9,8.3,5.2,0.002,0.05,4.7,2007.922656,31,16.3,23.4,22.6,20.5,23.7,23.4,20.2,17.6
0.8,6.9,16.4,23.1,8.3,8.5,0.002,0.003,8.9,2007.922656,6,16.3,23.4,22.6,20.5,23.7,23.4,20.2,17.6
0.8,6.9,16.4,23.1,8.3,8.5,0.002,0.006,10.9,2007.922656,7,16.3,23.4,22.6,20.5,23.7,23.4,20.2,17.6
2.5,6.5,18.1,34.3,8.3,3.2,0.002,0.0014,2.2,2007.922656,15.7,16.3,23.4,22.6,20.5,23.7,23.4,20.2,17.6
0.9,6.7,16.9,29.8,8.3,7.2,0.002,0.002,4.7,2007.922656,5,16.3,23.4,22.6,20.5,23.7,23.4,20.2,17.6
1.1,6.2,16.5,33.1,8.3,10.3,0.004,0.012,2.7,2007.922656,8.25,16.3,23.4,22.6,20.5,23.7,23.4,20.2,17.6
1.2,7,16.9,0.1,7.8,4.2,0.008,0.364,2.2,2007.922656,48.875,16.3,23.4,22.6,20.5,23.7,23.4,20.2,17.6
1.4,10.54,9.8,16,8.4,3.6,0.002,0.103,0.4,2008.013689,77,17.9,17.1,12.1,8.1,4.9,15.5,19.2,23.6
1.3,9.39,11.4,27.8,8.4,6.5,0.002,0.0062,0.4,2008.013689,13.1,17.9,17.1,12.1,8.1,4.9,15.5,19.2,23.6
0.9,10.11,10.1,19.2,8.3,6.9,0.002,0.13,0.9,2008.013689,130,17.9,17.1,12.1,8.1,4.9,15.5,19.2,23.6
1.4,11.2,11.2,16.8,8.4,5.1,0.002,0.047,0.4,2008.013689,29.5,17.9,17.1,12.1,8.1,4.9,15.5,19.2,23.6
1.6,9.5,10.9,29.4,8.5,3.4,0.003,0.01,0.4,2008.013689,9,17.9,17.1,12.1,8.1,4.9,15.5,19.2,23.6
1.4,8.33,15.8,15.4,8.4,3.2,0.002,0.196,2.4,2008.112252,114.5,19.4,22.1,22.6,17.9,15.6,24.2,22.8,22.4
0.9,7.75,16.8,2.4,7.7,7.6,0.009,0.436,2.9,2008.112252,53.22222222,19.4,22.1,22.6,17.9,15.6,24.2,22.8,22.4
0.8,7.03,16.7,7.2,8,11.5,0.012,0.196,5.6,2008.112252,22.08333333,19.4,22.1,22.6,17.9,15.6,24.2,22.8,22.4
0.8,7.03,16.7,7.2,8,11.5,0.002,0.173,7.4,2008.112252,133.5,19.4,22.1,22.6,17.9,15.6,24.2,22.8,22.4
2.5,7.14,16,30.4,8.3,4.3,0.002,0.059,3.1,2008.112252,36.5,19.4,22.1,22.6,17.9,15.6,24.2,22.8,22.4
1.3,8.24,16.2,12,8.3,5.6,0.002,0.226,4.2,2008.112252,124,19.4,22.1,22.6,17.9,15.6,24.2,22.8,22.4
1.2,7.3,16.7,18.5,8.1,6.6,0.002,0.138,3.4,2008.112252,84,19.4,22.1,22.6,17.9,15.6,24.2,22.8,22.4
0.8,9.35,15.6,6.6,7.5,3.1,0.003,0.191,3.1,2008.19165,86,19.3,18.5,14.5,14.2,18.6,18.5,17.1,20.7
0.8,9.33,15.3,7.4,7.8,3.9,0.004,0.208,3.4,2008.19165,65.5,19.3,18.5,14.5,14.2,18.6,18.5,17.1,20.7
0.7,8.61,15.4,4.1,7.5,5.2,0.006,0.279,4,2008.19165,54.66666667,19.3,18.5,14.5,14.2,18.6,18.5,17.1,20.7
0.3,9.31,16.2,1,7.7,17,0.004,0.041,14.1,2008.19165,27,19.3,18.5,14.5,14.2,18.6,18.5,17.1,20.7
2.5,8.5,16.4,32,8.3,3.1,0.002,0.0062,1.6,2008.19165,8.95,19.3,18.5,14.5,14.2,18.6,18.5,17.1,20.7
0.8,9.46,15.9,4.2,8.1,3.9,0.002,0.16,6.5,2008.19165,107.5,19.3,18.5,14.5,14.2,18.6,18.5,17.1,20.7
0.7,8.94,15.7,11.6,8,9.4,0.002,0.143,6.5,2008.19165,103.5,19.3,18.5,14.5,14.2,18.6,18.5,17.1,20.7
0.7,7.46,16.1,0.1,8,9.7,0.008,0.312,2.4,2008.19165,42.625,19.3,18.5,14.5,14.2,18.6,18.5,17.1,20.7
1,6.78,22,17.9,8.2,9.4,0.002,0.037,5.1,2008.303901,24.5,29.1,25.6,25.3,22.7,21.2,19.6,17.8,16.6
0.9,6.92,21.2,29.1,8.3,9.4,0.002,0.008,7.8,2008.303901,9.85,29.1,25.6,25.3,22.7,21.2,19.6,17.8,16.6
1.7,7.04,22.4,19.2,8.2,4,0.002,0.097,2.9,2008.303901,55.5,29.1,25.6,25.3,22.7,21.2,19.6,17.8,16.6
1,7.15,23,4.7,7.6,7.3,0.002,0.258,4.9,2008.303901,135.5,29.1,25.6,25.3,22.7,21.2,19.6,17.8,16.6
0.4,5.4,23.1,3,8.4,12.5,0.002,0.1,21.7,2008.303901,56.5,29.1,25.6,25.3,22.7,21.2,19.6,17.8,16.6
1.6,6.64,20.9,30.6,8.3,5.5,0.002,0.025,3.8,2008.303901,18.35,29.1,25.6,25.3,22.7,21.2,19.6,17.8,16.6
0.8,6.63,21.5,12.9,8.4,11.2,0.002,0.178,4.9,2008.303901,101,29.1,25.6,25.3,22.7,21.2,19.6,17.8,16.6
0.3,6.34,23.4,35.2,8.3,35.7,0.002,0.0062,9.8,2008.364134,26.1,24.6,27.5,28.4,30.2,29.5,26.6,25.4,28.2
0.4,6.43,23.5,35.1,8.3,26.2,0.002,0.026,6,2008.364134,27.5,24.6,27.5,28.4,30.2,29.5,26.6,25.4,28.2
0.8,6.79,23.4,26.4,8.2,8.1,0.002,0.16,4.5,2008.364134,96,24.6,27.5,28.4,30.2,29.5,26.6,25.4,28.2
0.8,7.17,22.7,13.8,8.2,6.4,0.002,0.322,6,2008.364134,167.5,24.6,27.5,28.4,30.2,29.5,26.6,25.4,28.2
0.9,6.28,24.1,35,8.3,9,0.002,0.0062,4.7,2008.364134,12.1,24.6,27.5,28.4,30.2,29.5,26.6,25.4,28.2
0.5,7.1,23.8,30.7,8.3,11.1,0.002,0.0062,9.2,2008.364134,12.1,24.6,27.5,28.4,30.2,29.5,26.6,25.4,28.2
0.5,6.71,24.1,27.3,8.2,25.1,0.002,0.055,14.5,2008.364134,50,24.6,27.5,28.4,30.2,29.5,26.6,25.4,28.2
0.8,6.8,25.6,0.1,7.9,11.2,0.005,0.623,7.6,2008.364134,130.8,24.6,27.5,28.4,30.2,29.5,26.6,25.4,28.2
1.3,6.4,30.2,28.7,8.1,9.9,0.002,0.0062,4.2,2008.438056,19.1,31,31.6,30.3,30,30.7,30.2,31.1,31.5
0.3,5.1,29.7,9.2,8,17,0.002,0.0062,13.8,2008.438056,32.1,31,31.6,30.3,30,30.7,30.2,31.1,31.5
1.7,5.97,29.6,34.8,8.3,3.5,0.002,0.0062,2.7,2008.438056,16.1,31,31.6,30.3,30,30.7,30.2,31.1,31.5
1,6.42,30,22.5,8,3.6,0.002,0.0062,5.2,2008.438056,18.1,31,31.6,30.3,30,30.7,30.2,31.1,31.5
0.4,4.6,30.1,26.4,8.1,13.1,0.003,0.021,7.5,2008.438056,23,31,31.6,30.3,30,30.7,30.2,31.1,31.5
0.9,6.74,30.8,0.1,7.1,6.4,0.002,0.434,10.9,2008.438056,235.5,31,31.6,30.3,30,30.7,30.2,31.1,31.5
1,6.53,29.3,20.9,8,5.8,0.002,0.029,8,2008.594114,23.5,31.9,30.7,30.9,27.1,29.3,29.4,30.4,31.9
1.5,6.14,28.9,34.1,8,4.5,0.004,0.0062,5.1,2008.594114,4.8,31.9,30.7,30.9,27.1,29.3,29.4,30.4,31.9
1.8,6.07,29.6,20.5,8,2.1,0.002,0.014,4.9,2008.594114,18,31.9,30.7,30.9,27.1,29.3,29.4,30.4,31.9
0.3,7.01,30.4,7.8,7.6,9.7,0.002,0.0062,18.1,2008.594114,17.6,31.9,30.7,30.9,27.1,29.3,29.4,30.4,31.9
0.3,7.01,30.4,7.8,7.6,9.7,0.002,0.0062,18.8,2008.594114,15.6,31.9,30.7,30.9,27.1,29.3,29.4,30.4,31.9
1.1,5.42,28.8,34.4,8,4.6,0.004,0.0062,5.1,2008.594114,4.55,31.9,30.7,30.9,27.1,29.3,29.4,30.4,31.9
1.5,5.6,28.2,29,8,4.6,0.002,0.0062,6.2,2008.594114,11.1,31.9,30.7,30.9,27.1,29.3,29.4,30.4,31.9
1.3,5.54,30.1,0.1,8.4,5.9,0.003,0.029,10.5,2008.594114,15.66666667,31.9,30.7,30.9,27.1,29.3,29.4,30.4,31.9
0.8,5.95,29.9,14.2,7.6,7.6,0.003,0.048,8.3,2008.687201,26,30.9,32.2,31.1,32,29.9,29.1,30.6,30
1.1,5.76,29.4,20.1,7.8,8.1,0.002,0.011,5.6,2008.687201,12.5,30.9,32.2,31.1,32,29.9,29.1,30.6,30
1.2,6.27,30.3,21.5,7.8,4.9,0.002,0.0062,7.6,2008.687201,13.1,30.9,32.2,31.1,32,29.9,29.1,30.6,30
0.8,5.06,29.8,4.4,7.3,7,0.007,0.099,9.6,2008.687201,25.14285714,30.9,32.2,31.1,32,29.9,29.1,30.6,30
0.6,5.68,31.1,10.7,7.2,8.4,0.002,0.058,16.8,2008.687201,115.5,30.9,32.2,31.1,32,29.9,29.1,30.6,30
0.6,5.68,31.1,10.7,7.2,8.4,0.003,0.052,15.9,2008.687201,114.6666667,30.9,32.2,31.1,32,29.9,29.1,30.6,30
3.5,5.69,28.9,32.7,7.8,2.2,0.002,0.0062,2.7,2008.687201,8.95,30.9,32.2,31.1,32,29.9,29.1,30.6,30
1.2,5.49,29.1,20.4,7.8,6.7,0.002,0.007,8.9,2008.687201,17,30.9,32.2,31.1,32,29.9,29.1,30.6,30
0.9,5.3,29.8,19.4,7.8,9.1,0.005,0.034,5.8,2008.687201,26.2,30.9,32.2,31.1,32,29.9,29.1,30.6,30
0.3,6.34,24.8,24.4,7.8,50,0.005,0.0062,13,2008.766598,5.24,26.1,28.6,27.1,27.6,27.2,25.9,29,30.4
0.8,6.59,24.7,28.9,7.8,12.4,0.003,0.0062,8.3,2008.766598,6.4,26.1,28.6,27.1,27.6,27.2,25.9,29,30.4
0.4,6.45,24.6,31.1,7.8,40.4,0.006,0.0062,10.3,2008.766598,3.866666667,26.1,28.6,27.1,27.6,27.2,25.9,29,30.4
0.7,7.17,25.4,11.3,7.8,11.6,0.004,0.223,11.2,2008.766598,60.25,26.1,28.6,27.1,27.6,27.2,25.9,29,30.4
0.6,6.38,25.7,21,7.7,18.8,0.004,0.0062,15.2,2008.766598,6.3,26.1,28.6,27.1,27.6,27.2,25.9,29,30.4
1,8.1,24.9,30.9,7.8,6.8,0.004,0.0062,9.4,2008.766598,4.55,26.1,28.6,27.1,27.6,27.2,25.9,29,30.4
0.9,6.53,24.9,32.1,7.8,8.6,0.002,0.0062,8.5,2008.766598,8.95,26.1,28.6,27.1,27.6,27.2,25.9,29,30.4
0.7,6.29,25.2,33.2,7.8,13.9,0.003,0.0062,5.8,2008.766598,7.4,26.1,28.6,27.1,27.6,27.2,25.9,29,30.4
1.7,6.99,25.1,0.1,8,3.3,0.006,0.335,5.4,2008.766598,80.33333333,26.1,28.6,27.1,27.6,27.2,25.9,29,30.4
0.8,7.93,18.4,18.9,7.8,7.3,0.002,0.117,9.4,2008.843258,69.5,19.3,20.9,23,22.5,21.7,21.2,17.1,14.8
1,8.37,18.8,16.4,8,5.3,0.002,0.131,9.8,2008.843258,77.5,19.3,20.9,23,22.5,21.7,21.2,17.1,14.8
1.3,7.74,18.5,25.3,7.8,5.2,0.002,0.008,2.9,2008.843258,13.5,19.3,20.9,23,22.5,21.7,21.2,17.1,14.8
1,8.02,18.3,21,7.8,4.4,0.002,0.204,5.6,2008.843258,116,19.3,20.9,23,22.5,21.7,21.2,17.1,14.8
1,8.07,19,7.5,7.6,4.6,0.002,0.345,5.1,2008.843258,211.5,19.3,20.9,23,22.5,21.7,21.2,17.1,14.8
0.5,8.12,19.5,21.4,8,6.8,0.002,0.0062,13.2,2008.843258,80.1,19.3,20.9,23,22.5,21.7,21.2,17.1,14.8
1.5,6.8,19.4,31.9,7.8,2.2,0.002,0.0062,3.6,2008.843258,13.1,19.3,20.9,23,22.5,21.7,21.2,17.1,14.8
1.4,7.2,18,28.1,7.8,4.1,0.002,0.0062,3.4,2008.843258,11.6,19.3,20.9,23,22.5,21.7,21.2,17.1,14.8
1.3,6.85,18.9,31,7.9,5.9,0.004,0.0062,2.9,2008.843258,37.8,19.3,20.9,23,22.5,21.7,21.2,17.1,14.8
0.9,7.88,18.3,0.1,8.2,10.9,0.007,0.643,4.5,2008.843258,95.85714286,19.3,20.9,23,22.5,21.7,21.2,17.1,14.8
1.1,8.96,13.9,12.6,7.8,6,0.002,0.374,5.1,2009.032854,194,60.7,-40,-40,-40,7.9,17.2,20.9,21.5
1,8.58,14.3,11.9,7.8,5.2,0.002,0.362,10,2009.032854,186.85,60.7,-40,-40,-40,7.9,17.2,20.9,21.5
1.4,8.48,14,1.1,8,7.4,0.011,0.446,2.4,2009.032854,41.81818182,60.7,-40,-40,-40,7.9,17.2,20.9,21.5
0.5,9.19,14.3,3.2,7.8,15.4,0.002,0.266,22.3,2009.032854,149,60.7,-40,-40,-40,7.9,17.2,20.9,21.5
3.5,7.21,16.3,32.5,7.8,4.2,0.002,0.0062,2.9,2009.032854,16.6,60.7,-40,-40,-40,7.9,17.2,20.9,21.5
1,8.16,14.5,15.1,7.6,6.6,0.002,0.241,6.9,2009.032854,137.5,60.7,-40,-40,-40,7.9,17.2,20.9,21.5
0.7,7.75,14.8,0.1,8,12.4,0.011,0.469,2.2,2009.032854,45.90909091,60.7,-40,-40,-40,7.9,17.2,20.9,21.5
1.4,8.26,19.9,7.2,7.1,3.7,0.002,0.165,3.6,2009.186174,88.5,23.7,23.6,22.4,21.7,20.9,17.8,13.6,12.8
0.2,7.28,18.5,2.6,8.2,50.1,0.01,0.203,2.2,2009.284736,37.7,21.3,24.2,22.5,23.1,27.1,23.2,22.2,17.4
0.6,7.72,19.7,5.1,8.3,23.7,0.011,0.196,2.7,2009.284736,28.54545455,21.3,24.2,22.5,23.1,27.1,23.2,22.2,17.4
0.2,7.65,18.6,0.3,8.2,65.9,0.017,0.174,2.7,2009.284736,13.11764706,21.3,24.2,22.5,23.1,27.1,23.2,22.2,17.4
1.9,6.94,20,30.3,8.4,5.8,0.002,0.0062,4.7,2009.284736,9.1,21.3,24.2,22.5,23.1,27.1,23.2,22.2,17.4
0.4,7.4,19,1.3,8.4,31.6,0.015,0.209,1.6,2009.284736,18.13333333,21.3,24.2,22.5,23.1,27.1,23.2,22.2,17.4
0.4,7.07,18.4,0.5,8.3,39.1,0.018,0.193,2.4,2009.284736,13.44444444,21.3,24.2,22.5,23.1,27.1,23.2,22.2,17.4
0.4,5.93,19,0,6.8,32.2,0.017,0.021,1.3,2009.284736,3.411764706,21.3,24.2,22.5,23.1,27.1,23.2,22.2,17.4
0.6,3.5,26,29.2,8.2,13.7,0.001,0.004,8,2009.339493,26,26.9,25.7,26.5,26.1,26.8,25,24.8,24.9
0.5,3.2,25.3,23.4,8.2,20,0.001,0.042,10,2009.339493,120,26.9,25.7,26.5,26.1,26.8,25,24.8,24.9
0.4,4.3,25.7,3.6,8.2,27,0.001,0.475,15.9,2009.339493,498,26.9,25.7,26.5,26.1,26.8,25,24.8,24.9
0.3,4.6,26.6,0.5,8.2,48.1,0.003,0.2,31.5,2009.339493,73.1,26.9,25.7,26.5,26.1,26.8,25,24.8,24.9
0.3,4.6,26.6,0.5,8.2,48.1,0.003,0.155,29,2009.339493,62,26.9,25.7,26.5,26.1,26.8,25,24.8,24.9
0.5,3.2,24.6,32,8.2,14.3,0.001,0.006,6.7,2009.339493,25.3,26.9,25.7,26.5,26.1,26.8,25,24.8,24.9
0.7,3,26.6,23.6,8,11.2,0.001,0.008,4.2,2009.339493,27.3,26.9,25.7,26.5,26.1,26.8,25,24.8,24.9
0.7,3.7,26.2,9.7,8.1,19.6,0.003,0.193,9.4,2009.339493,85.33333333,26.9,25.7,26.5,26.1,26.8,25,24.8,24.9
0.8,3.1,25.2,0.1,7.7,16.6,0.011,0.516,3.1,2009.339493,51.72727273,26.9,25.7,26.5,26.1,26.8,25,24.8,24.9
0.9,5.8,28,27.6,7.6,7.3,0.001,0.004,7.6,2009.435318,23.3,31.8,30.4,28.8,26.7,26.6,27.1,27.2,29.2
0.9,5.6,27.5,8.4,7.8,9.2,0.005,0.159,8.3,2009.435318,35.66,31.8,30.4,28.8,26.7,26.6,27.1,27.2,29.2
0.8,6.2,28.9,2.9,7.6,10.4,0.005,0.222,8.3,2009.435318,60,31.8,30.4,28.8,26.7,26.6,27.1,27.2,29.2
0.5,7.4,29.9,1.9,7.9,10.1,0.001,0.0025,22.6,2009.435318,21.8,31.8,30.4,28.8,26.7,26.6,27.1,27.2,29.2
0.5,7.4,29.9,1.9,7.9,10.1,0.001,0.0025,23.7,2009.435318,21.8,31.8,30.4,28.8,26.7,26.6,27.1,27.2,29.2
1.5,5.6,25.7,35,7.5,5.4,0.001,0.003,3.1,2009.435318,22.3,31.8,30.4,28.8,26.7,26.6,27.1,27.2,29.2
0.9,6.7,26.8,12.8,7.9,6.4,0.001,0.103,9.2,2009.435318,122.3,31.8,30.4,28.8,26.7,26.6,27.1,27.2,29.2
1,6.6,27.2,11.5,7.8,11.5,0.004,0.117,6,2009.435318,56.75,31.8,30.4,28.8,26.7,26.6,27.1,27.2,29.2
0.6,4.1,26.6,0.1,7.4,13.9,0.015,0.259,2.9,2009.435318,20.53333333,31.8,30.4,28.8,26.7,26.6,27.1,27.2,29.2
1.1,4.31,29.9,27.6,7.7,12.7,0.001,0.014,11.2,2009.531143,33.3,30.5,32,30.6,29.7,29.6,29,27.9,28.4
1.3,4.6,29.3,26,7.8,5.3,0.001,0.025,4.7,2009.531143,44.3,30.5,32,30.6,29.7,29.6,29,27.9,28.4
1.2,5.6,28.7,16.3,8,7.2,0.001,0.196,4.9,2009.531143,259,30.5,32,30.6,29.7,29.6,29,27.9,28.4
0.7,6.91,31.4,10.1,8.2,8.3,0.004,0.008,32.2,2009.531143,13.5,30.5,32,30.6,29.7,29.6,29,27.9,28.4
0.7,6.91,31.4,10.1,8.2,8.3,0.001,0.004,16.1,2009.531143,27,30.5,32,30.6,29.7,29.6,29,27.9,28.4
3.5,4.49,29,35.8,7.8,2.8,0.001,0.004,1.6,2009.531143,23.3,30.5,32,30.6,29.7,29.6,29,27.9,28.4
1.2,4.86,30.5,25.2,7.8,7.6,0.001,0.007,9.6,2009.531143,26.3,30.5,32,30.6,29.7,29.6,29,27.9,28.4
1,3.99,30.1,24.2,7.7,12.3,0.001,0.054,11.8,2009.531143,98,30.5,32,30.6,29.7,29.6,29,27.9,28.4
1.3,4.24,29.4,0.1,7.3,5.8,0.003,0.396,6.7,2009.531143,138.4333333,30.5,32,30.6,29.7,29.6,29,27.9,28.4
1,7,27.6,16.3,8,12.2,0.004,0.098,9.4,2009.684463,30.75,30,28.8,29.6,29.8,29.2,28.9,28.8,28.2
0.5,8.2,28.1,24.3,8,15.6,0.001,0.004,11.2,2009.684463,23.3,30,28.8,29.6,29.8,29.2,28.9,28.8,28.2
0.7,5.5,28.3,24.8,7.8,13.3,0.002,0.032,12.7,2009.684463,53,30,28.8,29.6,29.8,29.2,28.9,28.8,28.2
0.8,7.4,29.6,6.7,7.8,7.3,0.001,0.276,6,2009.684463,295.3,30,28.8,29.6,29.8,29.2,28.9,28.8,28.2
0.6,5.6,30.8,16.6,7.4,10.2,0.003,0.025,27.3,2009.684463,93,30,28.8,29.6,29.8,29.2,28.9,28.8,28.2
0.6,5.6,30.8,16.6,7.4,10.2,0.001,0.024,25,2009.684463,182,30,28.8,29.6,29.8,29.2,28.9,28.8,28.2
1.6,6.5,28.3,30.5,7.8,4.8,0.001,0.004,5.4,2009.684463,23.3,30,28.8,29.6,29.8,29.2,28.9,28.8,28.2
0.7,7.5,28.3,28.8,7.8,12.8,0.001,0.011,15.6,2009.684463,30.3,30,28.8,29.6,29.8,29.2,28.9,28.8,28.2
0.7,6.2,28.4,29.6,7.8,22.3,0.006,0.011,7.4,2009.684463,6.5,30,28.8,29.6,29.8,29.2,28.9,28.8,28.2
1,6.5,28.3,0.1,7.6,8.7,0.007,0.392,5.6,2009.684463,58.75714286,30,28.8,29.6,29.8,29.2,28.9,28.8,28.2
0.6,6.9,27.2,11.7,7.9,9.7,0.001,0.043,11.4,2009.761123,62.3,31.7,27.2,27.4,28.5,26.6,26.6,26,27.4
1,7.7,27.6,16.6,7.4,3.5,0.001,0.009,8.9,2009.761123,28.3,31.7,27.2,27.4,28.5,26.6,26.6,26,27.4
0.6,6.6,27.3,5.2,7.4,8.5,0.004,0.112,7.8,2009.761123,37,31.7,27.2,27.4,28.5,26.6,26.6,26,27.4
0.5,5.2,28.5,0.6,8,9.5,0.012,0.131,4.7,2009.761123,13.83333333,31.7,27.2,27.4,28.5,26.6,26.6,26,27.4
0.2,7.7,28.1,3.2,7.5,7.9,0.003,0.062,20.8,2009.761123,58.33333333,31.7,27.2,27.4,28.5,26.6,26.6,26,27.4
0.2,7.7,28.1,3.2,7.5,7.9,0.003,0.058,16.3,2009.761123,62,31.7,27.2,27.4,28.5,26.6,26.6,26,27.4
0.7,5.8,27.6,31.7,7.1,7.3,0.001,0.004,5.6,2009.761123,23.3,31.7,27.2,27.4,28.5,26.6,26.6,26,27.4
0.7,6.2,26.8,14,7.3,5.1,0.001,0.042,12.3,2009.761123,61.3,31.7,27.2,27.4,28.5,26.6,26.6,26,27.4
0.8,4.9,26.1,8.4,7.4,13.6,0.009,0.12,5.8,2009.761123,27.77777778,31.7,27.2,27.4,28.5,26.6,26.6,26,27.4
0.5,4.6,25.4,0.1,8.2,11.8,0.01,0.136,3.1,2009.761123,15.53,31.7,27.2,27.4,28.5,26.6,26.6,26,27.4
0.7,7.82,19.1,19.6,6.3,9.2,0.001,0.025,9.6,2009.837782,44.3,23.2,16.9,21.8,28,26.7,28.4,27.6,26.4
0.5,6.42,19.2,0.1,7.6,10.2,0.006,0.403,2.4,2009.837782,71.33333333,23.2,16.9,21.8,28,26.7,28.4,27.6,26.4
0.6,9.1,13.7,2.7,7.4,14.5,0.008,0.27,2.7,2009.933607,38.25,19.2,18.4,11.2,12.2,8.6,17.8,21.2,17
1.5,9.5,13.7,11.4,7.7,6,0.005,0.159,4.5,2009.933607,36.6,19.2,18.4,11.2,12.2,8.6,17.8,21.2,17
1.2,8.8,13.8,3.4,7.2,15.5,0.006,0.257,2,2009.933607,55.83333333,19.2,18.4,11.2,12.2,8.6,17.8,21.2,17
0.6,8.4,13.5,0.2,8,38.2,0.015,0.281,1.8,2009.933607,20.46666667,19.2,18.4,11.2,12.2,8.6,17.8,21.2,17
0.4,7.6,14.3,1.2,8.2,12.3,0.003,0.044,2,2009.933607,30,19.2,18.4,11.2,12.2,8.6,17.8,21.2,17
0.4,7.6,14.3,1.2,8.2,12.3,0.008,0.127,2,2009.933607,30.125,19.2,18.4,11.2,12.2,8.6,17.8,21.2,17
1.4,9.2,14.1,12,7.6,4.5,0.005,0.159,5.6,2009.933607,39,19.2,18.4,11.2,12.2,8.6,17.8,21.2,17
1.7,8.9,14.2,18.9,7.6,4.6,0.007,0.858,2.7,2009.933607,125.3285714,19.2,18.4,11.2,12.2,8.6,17.8,21.2,17
0.4,8.2,13,0,7.2,24.5,0.007,0.322,1.6,2009.933607,52.42857143,19.2,18.4,11.2,12.2,8.6,17.8,21.2,17
0.5,10.57,6.2,1.6,8.1,27.4,0.006,0.4,1.8,2010.030116,71.33333333,14.1,9,5.5,3.7,13.8,13.1,9.9,6.8
1,11.27,5.7,6.1,8,15.6,0.002,0.216,4.2,2010.030116,182.5,14.1,9,5.5,3.7,13.8,13.1,9.9,6.8
0.6,11.06,6.4,0.1,8,25.7,0.005,0.441,2,2010.030116,92.6,14.1,9,5.5,3.7,13.8,13.1,9.9,6.8
0.3,10.7,6.2,0.1,7.8,21.2,0.009,0.453,1.8,2010.030116,55.11111111,14.1,9,5.5,3.7,13.8,13.1,9.9,6.8
0.6,9.99,7.4,15.2,8,24.1,0.002,0.194,4.5,2010.030116,106.5,14.1,9,5.5,3.7,13.8,13.1,9.9,6.8
0.2,8.99,11.7,2.4,8.2,18,0.007,0.37,3.8,2010.087611,59.28571429,16.2,14,8.9,18.1,18,16.6,13.6,16.9
0.4,10.56,13.4,0.2,7.6,10.2,0.003,0.038,3.1,2010.087611,23,16.2,14,8.9,18.1,18,16.6,13.6,16.9
0.5,8.61,12.2,1.2,8,15.7,0.008,0.361,4,2010.087611,50.5,16.2,14,8.9,18.1,18,16.6,13.6,16.9
0.5,8.92,12.1,2.4,7.9,14.5,0.006,0.379,4.7,2010.087611,70,16.2,14,8.9,18.1,18,16.6,13.6,16.9
0.5,9.26,12,2.5,8,13.8,0.006,0.378,3.8,2010.087611,68.33333333,16.2,14,8.9,18.1,18,16.6,13.6,16.9
0.5,8.57,11.5,0,8.2,25.9,0.01,0.343,3.1,2010.087611,39.6,16.2,14,8.9,18.1,18,16.6,13.6,16.9
4,7.55,13.1,33,7.6,2.7,0.002,0.005,2.7,2010.087611,16.5,16.2,14,8.9,18.1,18,16.6,13.6,16.9
0.4,8.88,11.8,1.8,8,31.1,0.007,0.365,4.5,2010.087611,57.28571429,16.2,14,8.9,18.1,18,16.6,13.6,16.9
0.5,8.78,12.2,4,8.4,17.9,0.002,0.43,5.1,2010.169747,226.5,13.9,13.2,15.3,16.2,16.5,14.8,14.3,11.2
0.6,8.73,10.3,13.8,8,12.4,0.002,0.257,5.8,2010.169747,160.5,13.9,13.2,15.3,16.2,16.5,14.8,14.3,11.2
0.2,8.72,13,0.3,8.2,49.4,0.003,0.222,8.7,2010.169747,79.9,13.9,13.2,15.3,16.2,16.5,14.8,14.3,11.2
0.7,8.96,13.1,0.5,8.4,12.4,0.002,0.493,7.4,2010.169747,255.35,13.9,13.2,15.3,16.2,16.5,14.8,14.3,11.2
0.2,8.72,13,0.3,8.2,49.4,0.003,0.226,8.9,2010.169747,81.23333333,13.9,13.2,15.3,16.2,16.5,14.8,14.3,11.2
0.7,8.73,11.7,8,8.1,11.9,0.002,0.367,4.7,2010.169747,199,13.9,13.2,15.3,16.2,16.5,14.8,14.3,11.2
0.6,8.33,11,20.5,8.2,11.7,0.002,0.16,8.9,2010.169747,96,13.9,13.2,15.3,16.2,16.5,14.8,14.3,11.2
0.8,7.46,12.9,33.5,8,9.8,0.002,0.005,13.8,2010.169747,11.35,13.9,13.2,15.3,16.2,16.5,14.8,14.3,11.2
0.4,7.5,12.6,33.4,8,16.2,0.002,0.018,17,2010.169747,22,13.9,13.2,15.3,16.2,16.5,14.8,14.3,11.2
0.9,7.47,21.1,12.5,7.6,5.5,0.006,0.227,4.5,2010.260096,46.5,27.8,24.3,14.7,22.9,22.9,20,19.9,21.6
1,8.28,22.6,6.6,8.4,4.2,0.002,0.326,5.6,2010.260096,171.85,27.8,24.3,14.7,22.9,22.9,20,19.9,21.6
0.2,6.8,24.4,0.3,7.8,12.8,0.002,0.096,8,2010.260096,56.85,27.8,24.3,14.7,22.9,22.9,20,19.9,21.6
0.2,6.8,24.4,0.3,7.8,12.8,0.003,0.114,8.7,2010.260096,43.9,27.8,24.3,14.7,22.9,22.9,20,19.9,21.6
0.8,8.27,22.6,4.8,7.8,6.3,0.002,0.399,5.4,2010.260096,208.35,27.8,24.3,14.7,22.9,22.9,20,19.9,21.6
1,8.01,21.4,6.2,7.8,5.1,0.002,0.334,2.9,2010.260096,175.85,27.8,24.3,14.7,22.9,22.9,20,19.9,21.6
1.7,7.87,21.7,9.7,8.2,2.8,0.002,0.279,2.4,2010.260096,156,27.8,24.3,14.7,22.9,22.9,20,19.9,21.6
0.7,6.77,21.3,0.1,7.6,10.5,0.007,0.471,6,2010.260096,71,27.8,24.3,14.7,22.9,22.9,20,19.9,21.6
4,7.5,20.5,31.8,8.2,3.4,0.002,0.003,1.6,2010.260096,10.35,27.8,24.3,14.7,22.9,22.9,20,19.9,21.6
1.5,7.9,22.2,11.3,8.1,3.7,0.002,0.268,2.4,2010.260096,149,27.8,24.3,14.7,22.9,22.9,20,19.9,21.6
1,6.62,23.9,16.3,7.4,5.3,0.004,0.156,5.1,2010.339493,57.25,27.5,24.4,26.4,24.5,24.7,23,22.6,21.6
0.8,7.23,25.1,7.7,7.9,7.5,0.002,0.4,5.8,2010.339493,208.85,27.5,24.4,26.4,24.5,24.7,23,22.6,21.6
0.9,6.49,25.5,0.3,7.8,8.7,0.007,0.408,2.9,2010.339493,63.42857143,27.5,24.4,26.4,24.5,24.7,23,22.6,21.6
0.6,7.71,26.2,1.3,8,12.2,0.002,0.262,12.3,2010.339493,139.85,27.5,24.4,26.4,24.5,24.7,23,22.6,21.6
0.8,6.74,25.1,4.1,7.9,7.5,0.004,0.364,5.4,2010.339493,98.25,27.5,24.4,26.4,24.5,24.7,23,22.6,21.6
1,6.99,24.3,13.9,7.5,7.7,0.002,0.194,8.9,2010.339493,105.85,27.5,24.4,26.4,24.5,24.7,23,22.6,21.6
0.8,7.39,24.4,12.9,7.8,8.7,0.002,0.264,7.8,2010.339493,140.85,27.5,24.4,26.4,24.5,24.7,23,22.6,21.6
1.1,4.5,24,0.1,7.9,6.8,0.005,0.449,0.9,2010.339493,93.34,27.5,24.4,26.4,24.5,24.7,23,22.6,21.6
2.1,6.44,23.7,32.7,7.5,3,0.002,0.004,2.2,2010.339493,10.85,27.5,24.4,26.4,24.5,24.7,23,22.6,21.6
0.7,7.25,24.7,8.2,7.9,9.3,0.003,0.374,6.9,2010.339493,130.5666667,27.5,24.4,26.4,24.5,24.7,23,22.6,21.6
0.9,7.4,29.8,19.3,8.2,11.5,0.002,0.025,13.6,2010.43258,21.35,30.4,34,31,30.3,30.4,28,29.9,29.6
1.1,7.2,29.3,23.6,7.6,6.7,0.002,0.026,10.5,2010.43258,21.85,30.4,34,31,30.3,30.4,28,29.9,29.6
0.9,8.14,30.8,1.3,8.2,8.1,0.002,0.088,15.9,2010.43258,73,30.4,34,31,30.3,30.4,28,29.9,29.6
1.2,8.11,29.8,6.2,8.1,6.7,0.002,0.317,8.5,2010.43258,172.5,30.4,34,31,30.3,30.4,28,29.9,29.6
0.9,8.14,30.8,1.3,8.2,8.1,0.002,0.011,6.9,2010.43258,15.5,30.4,34,31,30.3,30.4,28,29.9,29.6
0.9,7,29.7,21.9,7.7,6.3,0.002,0.03,10.5,2010.43258,23.85,30.4,34,31,30.3,30.4,28,29.9,29.6
1.2,7.43,30.6,21.2,8.2,6.4,0.002,0.017,8,2010.43258,17.35,30.4,34,31,30.3,30.4,28,29.9,29.6
1.3,6.86,29.4,31.2,8.4,6.5,0.002,0.003,6.2,2010.43258,10.35,30.4,34,31,30.3,30.4,28,29.9,29.6
1.4,5.58,28.6,0.1,7,5,0.009,0.504,3.8,2010.43258,61.11111111,30.4,34,31,30.3,30.4,28,29.9,29.6
1.6,6.87,29,32.2,8.2,5.2,0.002,0.0021,4.7,2010.43258,9.9,30.4,34,31,30.3,30.4,28,29.9,29.6
0.6,6.92,29.2,26.1,8.4,20.1,0.002,0.037,11.2,2010.43258,27.35,30.4,34,31,30.3,30.4,28,29.9,29.6
0.7,6.48,30.4,23,8.2,13.9,0.002,0.022,13.4,2010.528405,19.85,31.3,30.8,32.4,31.4,31.4,31.9,29.7,29.1
1,5.27,29.8,32.6,8,8.3,0.002,0.003,7.8,2010.528405,10.35,31.3,30.8,32.4,31.4,31.4,31.9,29.7,29.1
1.2,6.62,30,33.8,8,8.5,0.002,0.0021,8.9,2010.528405,9.9,31.3,30.8,32.4,31.4,31.4,31.9,29.7,29.1
1.1,5.68,29.5,0.1,7.6,3.2,0.004,0.51,4.5,2010.528405,133.5,31.3,30.8,32.4,31.4,31.4,31.9,29.7,29.1
0.8,5.95,32.4,6,8.2,11.4,0.002,0.005,16.1,2010.588638,11.35,32.1,32.9,31.8,31.3,33.7,33.6,34.8,35.1
0.8,5.95,32.4,6,8.2,11.4,0.002,0.007,15.6,2010.588638,12.35,32.1,32.9,31.8,31.3,33.7,33.6,34.8,35.1
1.5,5.56,32.3,0.1,8.3,5.3,0.002,0.339,8,2010.588638,178.35,32.1,32.9,31.8,31.3,33.7,33.6,34.8,35.1
0.5,5.68,29.5,23.9,8.1,19.5,0.002,0.004,13.4,2010.684463,47,30.3,30.2,31,31.3,30.6,30.9,30.3,30.5
0.5,6.26,30.4,14,8.4,13.6,0.008,0.0021,16.8,2010.684463,8.2625,30.3,30.2,31,31.3,30.6,30.9,30.3,30.5
0.6,6.2,29,15.4,8,6.8,0.014,0.011,14.7,2010.684463,9,30.3,30.2,31,31.3,30.6,30.9,30.3,30.5
0.5,6.26,30.4,14,8.4,13.6,0.002,0.0021,16.1,2010.684463,30.05,30.3,30.2,31,31.3,30.6,30.9,30.3,30.5
0.8,6.41,29.4,25.6,7.9,5.3,0.002,0.0021,11.2,2010.684463,42.05,30.3,30.2,31,31.3,30.6,30.9,30.3,30.5
0.9,6.39,29.6,30.5,8.4,3.4,0.002,0.0021,6.9,2010.684463,30.05,30.3,30.2,31,31.3,30.6,30.9,30.3,30.5
1.3,6.09,29.9,0.1,7.6,3.5,0.004,0.31,6.9,2010.684463,90.75,30.3,30.2,31,31.3,30.6,30.9,30.3,30.5
2,6.16,29.5,34.1,8.4,4.1,0.002,0.003,4.7,2010.684463,28,30.3,30.2,31,31.3,30.6,30.9,30.3,30.5
0.8,6.09,29.5,27,8.3,7.1,0.002,0.0021,7.8,2010.684463,21.05,30.3,30.2,31,31.3,30.6,30.9,30.3,30.5
1.4,8,19.6,21.2,7.9,5.4,0.003,0.027,4.5,2010.761123,14.9,24.3,22.7,22.7,28.3,28.2,28.7,28.5,28.1
1,6.57,19.8,20.4,8.1,14.6,0.002,0.004,24.8,2010.761123,10.85,24.3,22.7,22.7,28.3,28.2,28.7,28.5,28.1
1.6,7.02,19.8,10.5,8.4,5.7,0.002,0.33,7.6,2010.761123,173.85,24.3,22.7,22.7,28.3,28.2,28.7,28.5,28.1
1,6.57,19.8,20.4,8.1,14.6,0.002,0.005,22.3,2010.761123,11.35,24.3,22.7,22.7,28.3,28.2,28.7,28.5,28.1
1.1,8.1,20.5,19.1,8.1,6.2,0.003,0.076,9.8,2010.761123,32.66666667,24.3,22.7,22.7,28.3,28.2,28.7,28.5,28.1
1,6.78,20.1,29.8,8.2,12.8,0.002,0.014,5.4,2010.761123,15.85,24.3,22.7,22.7,28.3,28.2,28.7,28.5,28.1
2,6.35,23.8,0.1,8.4,3.4,0.008,0.52,4,2010.761123,67.2125,24.3,22.7,22.7,28.3,28.2,28.7,28.5,28.1
4,5.86,23.9,33.4,8.2,11.7,0.002,0.004,3.8,2010.761123,10.85,24.3,22.7,22.7,28.3,28.2,28.7,28.5,28.1
2.1,8.65,20.4,22,8,5.5,0.002,0.021,8.7,2010.761123,19.35,24.3,22.7,22.7,28.3,28.2,28.7,28.5,28.1
0.6,10.24,7,11.1,8,12.4,0.002,0.246,6.5,2010.950034,148,7.9,5.4,17.3,16.6,16.2,11.6,8.2,10.5
0.4,8.21,8.7,32.9,8.1,23.5,0.004,0.008,7.2,2010.950034,50.25,7.9,5.4,17.3,16.6,16.2,11.6,8.2,10.5
0.9,11.05,5,11.1,8.2,8.2,0.002,0.022,7.4,2010.950034,33.5,7.9,5.4,17.3,16.6,16.2,11.6,8.2,10.5
0.9,10.11,6.9,3.9,7.8,8.7,0.005,0.389,4.9,2010.950034,96.8,7.9,5.4,17.3,16.6,16.2,11.6,8.2,10.5
0.9,11.05,5,11.1,8.2,8.2,0.002,0.025,7.8,2010.950034,70.5,7.9,5.4,17.3,16.6,16.2,11.6,8.2,10.5
0.7,9.56,9.3,8.8,8.1,15.8,0.002,0.152,5.8,2010.950034,127.5,7.9,5.4,17.3,16.6,16.2,11.6,8.2,10.5
0.3,8.47,8.5,31.7,8.2,38.5,0.002,0.005,14.5,2010.950034,36.5,7.9,5.4,17.3,16.6,16.2,11.6,8.2,10.5
1.3,9.08,9.7,0.1,8.1,6.7,0.008,0.456,1.6,2010.950034,65.625,7.9,5.4,17.3,16.6,16.2,11.6,8.2,10.5
0.4,7.29,11,33.7,8.1,37.3,0.003,0.004,10.3,2010.950034,14.66666667,7.9,5.4,17.3,16.6,16.2,11.6,8.2,10.5
0.6,9.2,10.8,19.5,8.2,11.3,0.003,0.025,13.4,2011.027379,36.33333333,8.2,12.5,9.3,15.5,16.6,17.1,16.9,14.8
0.7,9.35,10.9,16.6,8.2,12.9,0.003,0.067,13.4,2011.027379,46.33333333,8.2,12.5,9.3,15.5,16.6,17.1,16.9,14.8
0.7,9.19,10.5,18.9,8.2,9.2,0.003,0.125,6.7,2011.027379,70.33333333,8.2,12.5,9.3,15.5,16.6,17.1,16.9,14.8
0.6,9.46,10.8,18.2,8.2,11.5,0.003,0.058,13.2,2011.027379,41,8.2,12.5,9.3,15.5,16.6,17.1,16.9,14.8
1,9.02,10.6,1.8,8.2,7.7,0.006,0.498,2.7,2011.027379,94,8.2,12.5,9.3,15.5,16.6,17.1,16.9,14.8
2,7.73,12.2,32.2,8.2,5.5,0.003,0.003,1.3,2011.027379,18.66666667,8.2,12.5,9.3,15.5,16.6,17.1,16.9,14.8
1,8.87,10.5,21.2,8.2,8.3,0.003,0.056,7.2,2011.027379,32.33333333,8.2,12.5,9.3,15.5,16.6,17.1,16.9,14.8
1,7.8,11.2,28,8.2,6.5,0.003,0.003,3.8,2011.027379,15.33333333,8.2,12.5,9.3,15.5,16.6,17.1,16.9,14.8
1.2,9.12,10.7,0.1,8.4,7.2,0.008,0.684,1.6,2011.027379,90.375,8.2,12.5,9.3,15.5,16.6,17.1,16.9,14.8
0.9,7.92,11.3,16.6,8.2,7.3,0.006,0.199,8.5,2011.106776,35.66666667,11.6,11.7,13.1,13.1,18,17.1,14,20
0.6,8.18,10.9,10.2,8.2,7.2,0.003,0.372,6.7,2011.106776,129,11.6,11.7,13.1,13.1,18,17.1,14,20
1.2,7.97,11,17.1,8.2,8.3,0.003,0.199,6.7,2011.106776,71.33333333,11.6,11.7,13.1,13.1,18,17.1,14,20
0.7,8.63,10.9,11.4,8.1,7.7,0.003,0.296,10.3,2011.106776,103.6666667,11.6,11.7,13.1,13.1,18,17.1,14,20
0.7,8.1,11.1,3.3,8.4,9.4,0.003,0.526,6.9,2011.106776,181.3333333,11.6,11.7,13.1,13.1,18,17.1,14,20
0.7,6.34,12.7,35.3,8.2,8.6,0.003,0.003,4.5,2011.106776,6,11.6,11.7,13.1,13.1,18,17.1,14,20
0.8,7.72,11.6,19.3,8.3,7.7,0.004,0.148,8.5,2011.106776,47,11.6,11.7,13.1,13.1,18,17.1,14,20
0.6,7.11,11.2,23.3,8,13.5,0.005,0.09,8.5,2011.106776,21,11.6,11.7,13.1,13.1,18,17.1,14,20
0.7,10.02,8.2,0,8.3,10.8,0.009,0.594,3.8,2011.106776,67.66666667,11.6,11.7,13.1,13.1,18,17.1,14,20
1.1,8.1,19.1,12.5,8.5,13,0.003,0.157,8.9,2011.164271,64.66666667,21.4,23.4,23.3,21.5,22.1,25.7,18.1,23.8
0.5,8.1,19.5,11.8,8.4,42.6,0.003,0.285,14.7,2011.164271,100,21.4,23.4,23.3,21.5,22.1,25.7,18.1,23.8
0.5,7.39,18.8,15.5,8.1,30.8,0.003,0.168,16.1,2011.164271,61,21.4,23.4,23.3,21.5,22.1,25.7,18.1,23.8
0.7,8.15,18.2,2,8.3,26.6,0.005,0.454,15.2,2011.164271,93.8,21.4,23.4,23.3,21.5,22.1,25.7,18.1,23.8
1,7.24,18.7,20.7,8.1,15.9,0.004,0.047,4.7,2011.164271,15.5,21.4,23.4,23.3,21.5,22.1,25.7,18.1,23.8
1.3,6.92,18.9,0.1,8.3,10.3,0.011,0.54,1.8,2011.164271,51.27272727,21.4,23.4,23.3,21.5,22.1,25.7,18.1,23.8
0.8,6.05,25.7,29.6,8.2,7.9,0.006,0.004,7.2,2011.355921,7.5,28.4,29.3,30.2,29.9,26,26.9,23.8,25.2
0.6,5.61,26.7,24.7,8.1,12.1,0.004,0.006,8.5,2011.355921,14,28.4,29.3,30.2,29.9,26,26.9,23.8,25.2
0.6,6.4,26.3,27.4,8.3,4.9,0.003,0.003,4.2,2011.355921,14.33333333,28.4,29.3,30.2,29.9,26,26.9,23.8,25.2
1.5,6.83,26.2,17.9,8.2,3.1,0.007,0.003,7.2,2011.355921,10,28.4,29.3,30.2,29.9,26,26.9,23.8,25.2
1.6,6.32,25.6,30.4,8.3,2.6,0.003,0.003,3.1,2011.355921,14,28.4,29.3,30.2,29.9,26,26.9,23.8,25.2
1.5,7.9,26.2,16.8,8.4,3.3,0.004,0.003,8,2011.355921,9.75,28.4,29.3,30.2,29.9,26,26.9,23.8,25.2
0.6,6.22,26.9,16.9,8.4,8.6,0.003,0.017,10.5,2011.355921,18,28.4,29.3,30.2,29.9,26,26.9,23.8,25.2
0.9,6.21,26.4,0.1,7.8,8.8,0.007,0.4,5.1,2011.355921,62.85714286,28.4,29.3,30.2,29.9,26,26.9,23.8,25.2
0.7,5.16,29.7,26,7.9,8.6,0.003,0.005,10.3,2011.429843,6.666666667,29.9,34.1,31.1,32.1,31.8,29.2,34.8,30.1
0.7,5.34,29.7,25.9,7.9,8.4,0.003,0.004,16.3,2011.429843,6.333333333,29.9,34.1,31.1,32.1,31.8,29.2,34.8,30.1
0.6,6.05,30,18.3,7.9,11.6,0.003,0.004,24.1,2011.429843,6.333333333,29.9,34.1,31.1,32.1,31.8,29.2,34.8,30.1
0.5,4.88,29.5,8.7,7.9,16.3,0.003,0.004,16.8,2011.429843,6.333333333,29.9,34.1,31.1,32.1,31.8,29.2,34.8,30.1
0.5,4.88,29.5,8.7,7.9,16.3,0.003,0.004,16.3,2011.429843,6.333333333,29.9,34.1,31.1,32.1,31.8,29.2,34.8,30.1
1.2,6.12,28.4,32.4,8,9.3,0.003,0.004,4.2,2011.429843,6.333333333,29.9,34.1,31.1,32.1,31.8,29.2,34.8,30.1
0.4,5.04,29.6,23.7,7.9,19.6,0.003,0.01,12.3,2011.429843,10.66666667,29.9,34.1,31.1,32.1,31.8,29.2,34.8,30.1
1,6,30.9,0.1,8.1,4.7,0.003,0.266,8,2011.429843,97.33333333,29.9,34.1,31.1,32.1,31.8,29.2,34.8,30.1
0.4,4.95,29.8,27.5,7.8,8.6,0.003,0.003,10,2011.528405,8.666666667,30.9,31.3,28.7,32,31.6,30.3,32.5,31.9
0.6,5.35,29.7,28.4,8,6.7,0.003,0.003,11.2,2011.528405,7,30.9,31.3,28.7,32,31.6,30.3,32.5,31.9
1.1,5.01,30,32,7.9,4.6,0.003,0.007,8.3,2011.528405,14.33333333,30.9,31.3,28.7,32,31.6,30.3,32.5,31.9
0.6,5.16,30,19.8,7.9,6.2,0.003,0.018,14.7,2011.528405,18,30.9,31.3,28.7,32,31.6,30.3,32.5,31.9
1.9,4.91,30.5,0.1,7.3,4.3,0.005,0.208,4.9,2011.528405,50.4,30.9,31.3,28.7,32,31.6,30.3,32.5,31.9
0.7,5.43,30.4,29.9,8,15.6,0.003,0.003,8.3,2011.5859,6,33.2,31.4,31.6,33.6,33.7,31,31,29
1,5.86,30.2,17.1,8,7.9,0.003,0.004,11.8,2011.5859,6.333333333,33.2,31.4,31.6,33.6,33.7,31,31,29
1,6.01,30.1,27,8.1,5.6,0.003,0.003,8.3,2011.5859,6,33.2,31.4,31.6,33.6,33.7,31,31,29
0.8,5.36,30.1,19.5,7.6,5.4,0.003,0.039,13.8,2011.5859,18,33.2,31.4,31.6,33.6,33.7,31,31,29
2.5,4.18,29.8,32.3,7.9,3.6,0.003,0.003,5.1,2011.5859,9.666666667,33.2,31.4,31.6,33.6,33.7,31,31,29
1.2,6.45,30.2,18.7,8,5.6,0.003,0.003,13.6,2011.5859,6,33.2,31.4,31.6,33.6,33.7,31,31,29
0.7,4.81,30.5,19.6,7.7,12.6,0.003,0.03,14.5,2011.5859,32,33.2,31.4,31.6,33.6,33.7,31,31,29
1.4,5.44,26.9,30.3,7.8,9.3,0.004,0.008,4.9,2011.681725,11.25,27.4,27.4,30.2,28.7,29,29.5,29.6,29.7
2.1,6.12,24.7,24.9,7.9,7.5,0.003,0.029,7.4,2011.681725,14.66666667,27.4,27.4,30.2,28.7,29,29.5,29.6,29.7
2,6.4,25.4,26.7,8,5.8,0.003,0.004,5.4,2011.681725,6.333333333,27.4,27.4,30.2,28.7,29,29.5,29.6,29.7
2.2,6.08,24.7,21.5,7.7,8.3,0.003,0.047,5.8,2011.681725,27.33333333,27.4,27.4,30.2,28.7,29,29.5,29.6,29.7
0.7,6.37,25.4,16.6,7.8,6.2,0.003,0.07,6.9,2011.681725,34.33333333,27.4,27.4,30.2,28.7,29,29.5,29.6,29.7
0.4,4.73,27.4,31,7.9,11.5,0.003,0.003,4,2011.681725,6,27.4,27.4,30.2,28.7,29,29.5,29.6,29.7
0.5,6.7,25.5,24.1,8,8.9,0.003,0.003,17.6,2011.681725,6,27.4,27.4,30.2,28.7,29,29.5,29.6,29.7
0.5,5.69,25.8,20.3,7.8,11.5,0.003,0.065,10,2011.681725,49.66666667,27.4,27.4,30.2,28.7,29,29.5,29.6,29.7
1,7.99,22.9,20.4,8.4,6,0.003,0.01,11.8,2011.758385,8.333333333,25.9,27,26,22.7,25.2,30.8,30.1,29
1.2,7.42,22.9,22.7,8.3,9.4,0.003,0.01,7.4,2011.758385,8.333333333,25.9,27,26,22.7,25.2,30.8,30.1,29
1.4,7.61,22.4,12.1,8.1,5.6,0.004,0.006,12.1,2011.758385,14.75,25.9,27,26,22.7,25.2,30.8,30.1,29
1,7.37,23.1,13.8,8.2,5.2,0.004,0.003,11.2,2011.758385,7.25,25.9,27,26,22.7,25.2,30.8,30.1,29
1,7.37,23.1,13.8,8.2,5.2,0.007,0.004,11.4,2011.758385,6.142857143,25.9,27,26,22.7,25.2,30.8,30.1,29
0.7,6.42,23.1,26.1,8.2,23.8,0.003,0.003,6.2,2011.758385,21.66666667,25.9,27,26,22.7,25.2,30.8,30.1,29
0.5,9.08,17,21.7,8.1,25.3,0.004,0.014,11.2,2011.835044,10.5,22.1,20.6,22.7,21.2,20,26.1,26,25.7
0.2,7.74,17.5,31.7,8.2,101.6,0.003,0.004,12.1,2011.835044,8.666666667,22.1,20.6,22.7,21.2,20,26.1,26,25.7
1,6.52,17.4,13.5,8.1,11.4,0.004,0.107,4,2011.835044,40.25,22.1,20.6,22.7,21.2,20,26.1,26,25.7
0.9,6.18,18.4,19.3,8.1,10.2,0.003,0.004,7.4,2011.835044,6.333333333,22.1,20.6,22.7,21.2,20,26.1,26,25.7
0.9,6.18,18.4,19.3,8.1,10.2,0.003,0.003,8.3,2011.835044,7.666666667,22.1,20.6,22.7,21.2,20,26.1,26,25.7
0.2,5.83,18.2,34.5,8.1,66.3,0.003,0.004,6,2011.835044,7.333333333,22.1,20.6,22.7,21.2,20,26.1,26,25.7
0.5,8.52,13.5,21,8,23.5,0.007,0.05,13.2,2011.947296,9.285714286,22.5,19.3,14.6,14.2,17.6,12.7,20.4,22.8
0.7,8.51,13.6,20.9,8.1,14.7,0.007,0.036,11.4,2011.947296,8.142857143,22.5,19.3,14.6,14.2,17.6,12.7,20.4,22.8
1,8.32,13.7,27,8.1,9.3,0.003,0.003,4.5,2011.947296,9.333333333,22.5,19.3,14.6,14.2,17.6,12.7,20.4,22.8
0.8,8.52,13.3,24.2,8,16.8,0.009,0.014,7.4,2011.947296,3.333333333,22.5,19.3,14.6,14.2,17.6,12.7,20.4,22.8
1,8.59,15,12.7,8.2,5.9,0.003,0.218,5.8,2011.947296,86.33333333,22.5,19.3,14.6,14.2,17.6,12.7,20.4,22.8
0.4,9.21,14.4,19,8.2,11.5,0.003,0.003,8.9,2011.947296,18,22.5,19.3,14.6,14.2,17.6,12.7,20.4,22.8
0.4,9.21,14.4,19,8.2,11.5,0.003,0.003,8,2011.947296,10.66666667,22.5,19.3,14.6,14.2,17.6,12.7,20.4,22.8
0.1,7.63,14.5,29.8,8,19.9,0.004,0.003,6,2011.947296,11.25,22.5,19.3,14.6,14.2,17.6,12.7,20.4,22.8
1.1,8.15,13.5,28.9,8,11.8,0.006,0.003,3.4,2011.947296,7.5,22.5,19.3,14.6,14.2,17.6,12.7,20.4,22.8
0.8,8,14,28.4,8,9.2,0.003,0.007,3.4,2011.947296,13,22.5,19.3,14.6,14.2,17.6,12.7,20.4,22.8
1.8,8.62,15.1,0.1,8.3,6.7,0.008,0.43,1.6,2011.947296,57.375,22.5,19.3,14.6,14.2,17.6,12.7,20.4,22.8
1.4,9.05,16.2,20.7,8.5,6.8,0.003,0.08,3.8,2012.024641,41.33333333,19.5,20.8,21.8,20.8,16.5,21,9.8,8.5
1.2,8.79,15.6,30,8.3,13.2,0.003,0.0024,3.13,2012.024641,20.13333333,19.5,20.8,21.8,20.8,16.5,21,9.8,8.5
1.1,7.54,15.7,0.1,8.5,5.4,0.006,0.551,1.34,2012.024641,96.66666667,19.5,20.8,21.8,20.8,16.5,21,9.8,8.5
1,8.05,18,15,8.1,6.2,0.005,0.168,4.24,2012.1013,38,19.4,23.9,24.9,21.1,20.5,22.8,19.1,19.3
1.1,8.47,18.2,15.9,8.2,5.6,0.007,0.088,5.14,2012.1013,14.42857143,19.4,23.9,24.9,21.1,20.5,22.8,19.1,19.3
1.3,8.03,18,16.9,8.1,4.6,0.006,0.133,7.37,2012.1013,28.16666667,19.4,23.9,24.9,21.1,20.5,22.8,19.1,19.3
0.7,8.03,17.6,4.1,8.3,8.9,0.007,0.335,8.71,2012.1013,51,19.4,23.9,24.9,21.1,20.5,22.8,19.1,19.3
1.1,7.73,18.5,19.9,8.1,6.9,0.005,0.081,6.7,2012.1013,20,19.4,23.9,24.9,21.1,20.5,22.8,19.1,19.3
1,7.23,16.7,0.1,8.5,10.6,0.01,0.462,2.01,2012.1013,53.2,19.4,23.9,24.9,21.1,20.5,22.8,19.1,19.3
0.8,6.76,17.5,31.9,8.2,12.3,0.003,0.005,8.27,2012.175222,26,22.5,17.1,23.3,23.3,18.4,21.1,21.7,18.9
0.6,6.26,17,31.4,8.2,15.2,0.003,0.004,8.27,2012.175222,22.33333333,22.5,17.1,23.3,23.3,18.4,21.1,21.7,18.9
0.7,7.24,17.2,23,8.3,11.8,0.003,0.003,10.95,2012.175222,21.66666667,22.5,17.1,23.3,23.3,18.4,21.1,21.7,18.9
0.9,5.82,17.7,10.6,8.2,11.7,0.003,0.51,8.04,2012.175222,183.6666667,22.5,17.1,23.3,23.3,18.4,21.1,21.7,18.9
0.5,4.8,24.5,36.2,8.1,27.6,0.003,0.0024,6.03,2012.257358,6.133333333,25.5,27.5,27,27.5,24.7,24.5,24.8,24.8
1,4.5,24.9,32.6,8.1,11.7,0.003,0.003,4.92,2012.257358,5.333333333,25.5,27.5,27,27.5,24.7,24.5,24.8,24.8
1.7,5.42,24.7,29.8,8.2,1.9,0.003,0.0024,2.23,2012.257358,6.466666667,25.5,27.5,27,27.5,24.7,24.5,24.8,24.8
1.5,5.01,25.3,25.4,8.2,3.1,0.004,0.051,5.59,2012.257358,18.25,25.5,27.5,27,27.5,24.7,24.5,24.8,24.8
1.6,4.8,24.9,22,8.2,2.3,0.005,0.097,4.24,2012.257358,22.6,25.5,27.5,27,27.5,24.7,24.5,24.8,24.8
1.3,4.3,25.6,16,8.1,6.5,0.003,0.154,5.81,2012.257358,65.66666667,25.5,27.5,27,27.5,24.7,24.5,24.8,24.8
2,5.72,26.8,32.2,8.2,4,0.003,0.004,2.9,2012.353183,8.333333333,27.7,27.6,27.5,27.5,27.9,27.7,25.9,26.3
1.2,5.66,27.4,27.6,8.2,5.4,0.003,0.0024,5.81,2012.353183,5.133333333,27.7,27.6,27.5,27.5,27.9,27.7,25.9,26.3
1.2,5.64,27.2,30.4,8.2,8.7,0.003,0.0024,7.37,2012.353183,5.8,27.7,27.6,27.5,27.5,27.9,27.7,25.9,26.3
1.6,6.32,26.9,24.9,8.3,3.2,0.003,0.006,3.13,2012.353183,6.333333333,27.7,27.6,27.5,27.5,27.9,27.7,25.9,26.3
1.2,5.78,28,16.5,8,5.8,0.003,0.045,8.71,2012.353183,20,27.7,27.6,27.5,27.5,27.9,27.7,25.9,26.3
2,5.96,26.1,34.1,8.1,2.4,0.003,0.003,1.56,2012.353183,7.666666667,27.7,27.6,27.5,27.5,27.9,27.7,25.9,26.3
1.6,6.45,26.9,19,8.2,4.8,0.003,0.077,6.26,2012.353183,32.66666667,27.7,27.6,27.5,27.5,27.9,27.7,25.9,26.3
1.6,6.11,27,0.1,8.3,6.2,0.003,0.451,4.92,2012.353183,168.6666667,27.7,27.6,27.5,27.5,27.9,27.7,25.9,26.3
1.1,5.68,28.8,34.6,8.3,10.2,0.003,0.004,2.46,2012.503765,5.666666667,31.4,31.7,32.6,30.9,30,29.9,31.1,30.3
1.4,5.98,28.8,28.6,8.1,5.2,0.003,0.0024,2.01,2012.503765,5.133333333,31.4,31.7,32.6,30.9,30,29.9,31.1,30.3
0.7,5.52,30.3,12.3,7.7,6.3,0.003,0.081,3.35,2012.503765,46,31.4,31.7,32.6,30.9,30,29.9,31.1,30.3
1.1,6.5,29.1,26,8.3,3.6,0.003,0.014,3.13,2012.503765,9,31.4,31.7,32.6,30.9,30,29.9,31.1,30.3
0.6,5.18,29.5,19.6,8.3,9.5,0.005,0.057,8.04,2012.503765,25.2,31.4,31.7,32.6,30.9,30,29.9,31.1,30.3
1.4,5.82,29.6,31.8,7.9,7.4,0.003,0.0024,4.47,2012.599589,13.46666667,31,30.3,30.1,31.2,29.8,30.2,31.9,28.1
1.2,5.98,29.5,27.4,7.9,4.9,0.003,0.0024,5.14,2012.599589,5.133333333,31,30.3,30.1,31.2,29.8,30.2,31.9,28.1
1.9,5.9,30,31.8,7.9,4.2,0.003,0.004,3.8,2012.599589,6,31,30.3,30.1,31.2,29.8,30.2,31.9,28.1
1.3,6.21,30,25.1,7.9,3.5,0.003,0.0024,4.47,2012.599589,14.46666667,31,30.3,30.1,31.2,29.8,30.2,31.9,28.1
3,6.84,29.8,37,7.8,3.9,0.003,0.005,1.79,2012.599589,6,31,30.3,30.1,31.2,29.8,30.2,31.9,28.1
1.2,5.63,30.2,24.4,7.9,6.3,0.003,0.018,7.82,2012.599589,10.33333333,31,30.3,30.1,31.2,29.8,30.2,31.9,28.1
1.2,5.13,30.1,23.6,7.8,6.5,0.003,0.049,6.7,2012.599589,33,31,30.3,30.1,31.2,29.8,30.2,31.9,28.1
1.3,5.25,29.7,0.1,7,4.7,0.003,0.115,2.01,2012.599589,45.33333333,31,30.3,30.1,31.2,29.8,30.2,31.9,28.1
0.9,5.48,29.8,11.7,7.7,8.2,0.003,0.095,11.4,2012.676249,55.66666667,29.3,31.7,30.8,31.8,31,30.1,29.7,29.5
0.4,6.55,29.8,21.4,8.2,19.7,0.003,0.007,8.71,2012.676249,11,29.3,31.7,30.8,31.8,31,30.1,29.7,29.5
0.8,6.16,28.5,32.2,8.3,9.3,0.003,0.005,8.71,2012.678987,8,28.9,29.3,31.7,30.8,31.8,31,30.1,29.7
1.2,6.09,28.8,32.9,8.3,8.7,0.003,0.003,10.72,2012.678987,5.333333333,28.9,29.3,31.7,30.8,31.8,31,30.1,29.7
0.7,6.09,28.5,29.2,8.3,12.3,0.003,0.0024,10.06,2012.678987,10.8,28.9,29.3,31.7,30.8,31.8,31,30.1,29.7
1,6.03,26.7,29.4,8.3,11.8,0.003,0.004,8.71,2012.752909,5.666666667,27.6,29.5,28.5,29.9,29.8,30.2,28.1,28.5
0.6,6.58,26.7,13.7,8.2,13.8,0.003,0.037,12.07,2012.752909,16.66666667,27.6,29.5,28.5,29.9,29.8,30.2,28.1,28.5
0.4,6.2,26.9,15.6,8.1,30.1,0.003,0.016,23.91,2012.752909,19.66666667,27.6,29.5,28.5,29.9,29.8,30.2,28.1,28.5
0.4,6.2,26.9,15.6,8.1,30.1,0.003,0.012,23.02,2012.752909,8.333333333,27.6,29.5,28.5,29.9,29.8,30.2,28.1,28.5
0.4,5.7,26.8,27,8.2,51.6,0.003,0.015,12.29,2012.752909,19,27.6,29.5,28.5,29.9,29.8,30.2,28.1,28.5
1.7,6.03,27,0.1,8,4.4,0.008,0.215,4.47,2012.752909,28.5,27.6,29.5,28.5,29.9,29.8,30.2,28.1,28.5
0.6,6.66,20,34.8,8.3,16.2,0.003,0.004,4.47,2012.848734,5.666666667,20.8,22.6,26.5,26.4,23.9,23.5,22.4,18
0.9,7.35,19.8,30.1,8.4,6.2,0.003,0.006,3.13,2012.848734,17.33333333,20.8,22.6,26.5,26.4,23.9,23.5,22.4,18
0.7,6.78,20.3,34,8.3,11.2,0.003,0.005,4.24,2012.848734,21,20.8,22.6,26.5,26.4,23.9,23.5,22.4,18
1.2,7.37,19.9,15.1,8.3,4.2,0.005,0.056,3.13,2012.848734,19.6,20.8,22.6,26.5,26.4,23.9,23.5,22.4,18
0.8,7.31,21.7,17.2,8.5,7.5,0.003,0.006,12.07,2012.848734,14.66666667,20.8,22.6,26.5,26.4,23.9,23.5,22.4,18
0.8,7.31,21.7,17.2,8.5,7.5,0.003,0.004,8.49,2012.848734,9,20.8,22.6,26.5,26.4,23.9,23.5,22.4,18
3,6.56,20.4,35.6,8.3,2.2,0.003,0.005,1.34,2012.848734,13.66666667,20.8,22.6,26.5,26.4,23.9,23.5,22.4,18
1.7,7.3,20.5,29.5,8.4,3.4,0.003,0.004,2.23,2012.848734,11.33333333,20.8,22.6,26.5,26.4,23.9,23.5,22.4,18
1.1,7.15,19.9,25.6,8.4,4.2,0.003,0.006,3.13,2012.848734,25.33333333,20.8,22.6,26.5,26.4,23.9,23.5,22.4,18
1.8,7.63,17.5,34.6,8.1,5.3,0.003,0.0024,2.23,2012.903491,13.8,18.1,16.1,18.3,22.8,20.6,22.9,20.8,21.8
1.1,8.67,16.4,28.9,8.2,7.2,0.003,0.025,5.36,2012.903491,17.66666667,18.1,16.1,18.3,22.8,20.6,22.9,20.8,21.8
1.4,8.1,16.4,31,8.1,2.2,0.003,0.003,1.34,2012.903491,5.333333333,18.1,16.1,18.3,22.8,20.6,22.9,20.8,21.8
1.2,8.53,16.6,28.1,8.2,5.6,0.003,0.004,4.24,2012.903491,15.33333333,18.1,16.1,18.3,22.8,20.6,22.9,20.8,21.8
1,8.89,15.9,25.2,8.2,5.4,0.003,0.004,5.14,2012.903491,20.33333333,18.1,16.1,18.3,22.8,20.6,22.9,20.8,21.8
3,7.54,17.9,35.4,8.1,2.9,0.003,0.0024,1.56,2012.903491,14.46666667,18.1,16.1,18.3,22.8,20.6,22.9,20.8,21.8
1.5,8.23,16.3,29.1,8.1,2.1,0.003,0.0024,1.56,2012.903491,9.8,18.1,16.1,18.3,22.8,20.6,22.9,20.8,21.8
1.5,8.28,16.3,29.4,8.1,4.7,0.003,0.004,2.46,2012.903491,15,18.1,16.1,18.3,22.8,20.6,22.9,20.8,21.8
2,9.17,16.5,0.1,8.3,3.6,0.005,0.218,1.79,2012.903491,47.2,18.1,16.1,18.3,22.8,20.6,22.9,20.8,21.8
0.6,9.28,12.4,18.6,8.3,11.7,0.003,0.161,10.72,2013.019165,58,21,14.2,11.9,14.8,11.5,15,18.7,21.1
0.6,9,12.5,21.7,8.2,7.6,0.003,0.181,1.34,2013.019165,74,21,14.2,11.9,14.8,11.5,15,18.7,21.1
1.8,9.4,13.4,13,8.4,3.9,0.003,0.255,1.34,2013.019165,89.33333333,21,14.2,11.9,14.8,11.5,15,18.7,21.1
1.4,9.68,13.2,21.3,8.5,7.8,0.003,0.005,9.83,2013.019165,8.666666667,21,14.2,11.9,14.8,11.5,15,18.7,21.1
1.4,9.68,13.2,21.3,8.5,7.8,0.003,0.006,10.06,2013.019165,9,21,14.2,11.9,14.8,11.5,15,18.7,21.1
1.4,7.97,12.9,35.2,8.4,8.1,0.003,0.004,2.23,2013.019165,5.666666667,21,14.2,11.9,14.8,11.5,15,18.7,21.1
0.7,10.14,13.9,9.3,8.2,16.7,0.003,0.197,6.7,2013.169747,90.66666667,13.9,10.4,11.2,10.9,18.4,17.6,20.6,18.7
0.3,9.11,14.2,2.9,7.8,33.7,0.004,0.24,3.35,2013.169747,82.5,13.9,10.4,11.2,10.9,18.4,17.6,20.6,18.7
0.2,8.24,13.6,0.5,7.8,50.3,0.014,0.262,2.46,2013.169747,24.42857143,13.9,10.4,11.2,10.9,18.4,17.6,20.6,18.7
0.3,8.13,14.3,0.1,8.5,45.6,0.023,0.237,2.23,2013.169747,13.26086957,13.9,10.4,11.2,10.9,18.4,17.6,20.6,18.7
3,8.16,16,34.7,8.2,3.6,0.003,0.003,2.9,2013.169747,25.33333333,13.9,10.4,11.2,10.9,18.4,17.6,20.6,18.7
0.5,9.34,14.4,3.7,8.3,26.2,0.006,0.231,4.47,2013.169747,58.66666667,13.9,10.4,11.2,10.9,18.4,17.6,20.6,18.7
0.5,8.83,13.9,0.8,8.2,40.3,0.016,0.225,1.56,2013.169747,18.0625,13.9,10.4,11.2,10.9,18.4,17.6,20.6,18.7
0.4,8.02,13.3,0,8.5,41.3,0.017,0.25,1.56,2013.169747,17.82352941,13.9,10.4,11.2,10.9,18.4,17.6,20.6,18.7
1.1,7.25,17.4,35,8.2,8.8,0.003,0.002,5.81,2013.249144,24.33333333,24.4,26.1,22.2,20.7,20.8,18.3,15.5,12.6
1.4,7.9,18.5,16.2,8.4,6.3,0.003,0.091,7.82,2013.249144,53.66666667,24.4,26.1,22.2,20.7,20.8,18.3,15.5,12.6
1.7,8.21,18.6,15.7,8.2,5.2,0.003,0.143,4.47,2013.249144,63.66666667,24.4,26.1,22.2,20.7,20.8,18.3,15.5,12.6
0.8,8.04,18.3,2.1,8.4,13.1,0.006,0.335,6.48,2013.249144,64.66666667,24.4,26.1,22.2,20.7,20.8,18.3,15.5,12.6
1.4,8.43,19.2,7.1,8.2,9.7,0.003,0.288,7.82,2013.249144,140.6666667,24.4,26.1,22.2,20.7,20.8,18.3,15.5,12.6
0.8,8.06,18.9,7.4,8.3,19.4,0.003,0.276,10.5,2013.249144,113,24.4,26.1,22.2,20.7,20.8,18.3,15.5,12.6
0.9,6.43,21.3,35.5,8.1,12.7,0.003,0.003,4.47,2013.347707,39,24.7,23.4,20.2,23,21.5,21,25.7,22.7
1,7.09,21.2,33.4,8.1,6.6,0.003,0.002,3.35,2013.347707,29,24.7,23.4,20.2,23,21.5,21,25.7,22.7
0.9,6.87,21.5,34.7,8.1,12.4,0.003,0.002,6.48,2013.347707,25.66666667,24.7,23.4,20.2,23,21.5,21,25.7,22.7
0.9,7.69,20,13.7,8.1,7.5,0.003,0.05,4.24,2013.347707,37.66666667,24.7,23.4,20.2,23,21.5,21,25.7,22.7
0.6,9.3,21.8,6.3,8.5,6.4,0.003,0.192,5.81,2013.347707,89.33333333,24.7,23.4,20.2,23,21.5,21,25.7,22.7
0.6,9.3,21.8,6.3,8.5,6.4,0.003,0.113,8.04,2013.347707,76.33333333,24.7,23.4,20.2,23,21.5,21,25.7,22.7
1.6,6.53,21.4,34.2,8.1,6.5,0.003,0.013,2.9,2013.347707,32,24.7,23.4,20.2,23,21.5,21,25.7,22.7
1.4,7.86,21.2,16.5,8.3,4.9,0.003,0.11,3.35,2013.347707,61.33333333,24.7,23.4,20.2,23,21.5,21,25.7,22.7
1.3,7.91,21.6,15.9,8.3,8.9,0.003,0.1,5.59,2013.347707,55,24.7,23.4,20.2,23,21.5,21,25.7,22.7
0.7,6.82,19.9,0.1,8.1,14.2,0.012,0.4,2.23,2013.347707,40.66666667,24.7,23.4,20.2,23,21.5,21,25.7,22.7
1.3,7.81,29.3,11.5,8,6.5,0.003,0.005,8.71,2013.418891,7,30,29.3,28.6,28.3,29.3,28.4,27.7,28.3
1.5,7.8,28,14.2,8.1,4.1,0.004,0.086,5.7,2013.517454,25.75,30.4,29.1,28.7,27.9,28.3,26.3,27.6,29.1
0.8,6.65,27.7,5.3,7.8,11.4,0.005,0.18,11,2013.517454,41.4,30.4,29.1,28.7,27.9,28.3,26.3,27.6,29.1
0.8,7.9,27.5,13.3,8,7.2,0.004,0.15,5.5,2013.517454,43.5,30.4,29.1,28.7,27.9,28.3,26.3,27.6,29.1
1,7.54,28.5,11.8,7.8,9.5,0.005,0.16,6,2013.517454,42.8,30.4,29.1,28.7,27.9,28.3,26.3,27.6,29.1
0.3,3.31,27.4,0.8,7,14.3,0.004,0.024,2,2013.517454,23.5,30.4,29.1,28.7,27.9,28.3,26.3,27.6,29.1
0.3,3.31,27.4,0.8,7,14.3,0.004,0.017,1.7,2013.517454,23.5,30.4,29.1,28.7,27.9,28.3,26.3,27.6,29.1
3,6.3,28,31.5,8,3.2,0.004,0.022,2.8,2013.517454,9.5,30.4,29.1,28.7,27.9,28.3,26.3,27.6,29.1
1.3,6.7,27.8,16.1,8,6.9,0.004,0.087,8.2,2013.517454,30.75,30.4,29.1,28.7,27.9,28.3,26.3,27.6,29.1
1.1,5.69,27.7,24.1,7.9,11.3,0.004,0.036,6.8,2013.517454,25.25,30.4,29.1,28.7,27.9,28.3,26.3,27.6,29.1
0.5,5.24,25.7,0.1,7.9,24.8,0.014,0.3,4.1,2013.517454,24,30.4,29.1,28.7,27.9,28.3,26.3,27.6,29.1
1.1,8.32,30,3.6,8.2,7.3,0.004,0.015,13,2013.610541,6,32.2,31.8,30.5,30.9,30.2,30.5,33.6,31.6
1.1,6.63,30,2.7,7.9,8.2,0.005,0.11,13,2013.610541,23.4,32.2,31.8,30.5,30.9,30.2,30.5,33.6,31.6
0.9,5.79,29.2,0.3,7.9,9.3,0.015,0.22,6.2,2013.610541,16.26666667,32.2,31.8,30.5,30.9,30.2,30.5,33.6,31.6
3,5.8,30.5,33.8,8,2.4,0.004,0.004,2.8,2013.610541,2.5,32.2,31.8,30.5,30.9,30.2,30.5,33.6,31.6
1.7,5.91,30.8,21.5,7.8,8.4,0.004,0.019,11,2013.610541,9.5,32.2,31.8,30.5,30.9,30.2,30.5,33.6,31.6
1,5.49,28.1,2.1,7.6,8.7,0.008,0.19,5.5,2013.673511,28.25,31.1,30.3,28.9,29.7,29.5,32.4,32.6,30.1
0.8,4.71,27,0.2,7.8,5.4,0.012,0.18,3.4,2013.673511,17.91666667,31.1,30.3,28.9,29.7,29.5,32.4,32.6,30.1
3,5.24,29.5,30.9,8,3.7,0.004,0.004,3.4,2013.673511,2.75,31.1,30.3,28.9,29.7,29.5,32.4,32.6,30.1
1.2,7.38,29.6,7.3,8.2,4.6,0.004,0.04,8.2,2013.673511,12.25,31.1,30.3,28.9,29.7,29.5,32.4,32.6,30.1
0.7,4.29,26.8,0.1,7.7,6.4,0.015,0.24,1.2,2013.673511,17.4,31.1,30.3,28.9,29.7,29.5,32.4,32.6,30.1
0.7,5.99,25.8,20.9,8,20.9,0.004,0.11,8,2013.766598,37.25,27.9,28.5,27,28.3,28.4,27.4,27.5,27.2
1.8,6.26,25.6,25.8,8,7.1,0.004,0.05,6.9,2013.766598,14.5,27.9,28.5,27,28.3,28.4,27.4,27.5,27.2
1.3,6.17,25.3,22.3,8,6.4,0.004,0.12,6.6,2013.766598,36,27.9,28.5,27,28.3,28.4,27.4,27.5,27.2
0.8,6.21,25.4,2.9,7.9,8.8,0.006,0.34,3.3,2013.766598,61.83333333,27.9,28.5,27,28.3,28.4,27.4,27.5,27.2
0.3,4.96,26.3,11.8,7.9,6.6,0.004,0.049,26,2013.766598,36,27.9,28.5,27,28.3,28.4,27.4,27.5,27.2
2,5.72,26.7,34.2,8,7.6,0.004,0.006,7,2013.766598,3.5,27.9,28.5,27,28.3,28.4,27.4,27.5,27.2
0.5,5.98,25.8,25,8,14.9,0.005,0.069,7.4,2013.766598,20.4,27.9,28.5,27,28.3,28.4,27.4,27.5,27.2
1.3,4.81,25,0.1,8.4,6.9,0.007,0.41,2.1,2013.766598,61.57142857,27.9,28.5,27,28.3,28.4,27.4,27.5,27.2
1.3,7.81,20.7,18.4,8.1,6.5,0.006,0.12,8.4,2013.824093,22.33333333,24.6,24.1,22.5,21.5,21.8,23.4,23.9,22.5
1.1,7.92,21.6,18.8,8,5.3,0.005,0.11,8.9,2013.824093,23.8,24.6,24.1,22.5,21.5,21.8,23.4,23.9,22.5
0.9,5.99,22.6,26.7,8,8.1,0.005,0.005,12,2013.824093,2.8,24.6,24.1,22.5,21.5,21.8,23.4,23.9,22.5
1.7,6.88,20.8,31.7,8,7.3,0.004,0.009,2.7,2013.824093,5.25,24.6,24.1,22.5,21.5,21.8,23.4,23.9,22.5
1,8.81,16.2,27.8,8,8.9,0.004,0.091,3.5,2013.919918,26.25,23.2,19.6,19,21.3,17.4,10,11.9,23
1.5,8.36,16.9,30.7,8,2.1,0.004,0.055,3.7,2013.919918,16.5,23.2,19.6,19,21.3,17.4,10,11.9,23
2,10.57,16,17.7,8.2,1.8,0.005,0.24,3.3,2013.919918,49.2,23.2,19.6,19,21.3,17.4,10,11.9,23
3,8.22,16.5,32.5,8,2.4,0.004,0.024,2.1,2013.919918,7.75,23.2,19.6,19,21.3,17.4,10,11.9,23
1.3,9.4,15.9,29,8,3.2,0.004,0.029,9.4,2013.919918,9,23.2,19.6,19,21.3,17.4,10,11.9,23
1.1,10.69,11.9,6.8,7.8,12.3,0.004,0.33,6.6,2014.032854,89.5,18,16.9,17.9,17.3,14.1,10.6,1.7,16.3
1.5,10.87,10.9,8.7,8.1,6.4,0.004,0.32,3.7,2014.032854,85.75,18,16.9,17.9,17.3,14.1,10.6,1.7,16.3
1.1,10.7,11.4,3.5,8.1,11.1,0.005,0.38,3.3,2014.032854,79.6,18,16.9,17.9,17.3,14.1,10.6,1.7,16.3
0.7,9.97,11.3,0.3,7.6,14.3,0.008,0.42,3.2,2014.032854,55.125,18,16.9,17.9,17.3,14.1,10.6,1.7,16.3
1.3,11.5,10.9,6.6,8.2,5.9,0.004,0.32,7.3,2014.032854,84,18,16.9,17.9,17.3,14.1,10.6,1.7,16.3
1.1,10.53,11.2,7.2,8.1,7.5,0.004,0.32,5.4,2014.032854,85.25,18,16.9,17.9,17.3,14.1,10.6,1.7,16.3
0.9,9.17,11.2,0.1,7.6,13.6,0.008,0.41,1.7,2014.032854,53.625,18,16.9,17.9,17.3,14.1,10.6,1.7,16.3
2,9.77,14.8,27.1,8.1,3.5,0.004,0.07,8.1,2014.109514,19.5,38.7,40.9,43.2,38.7,38.2,50.2,57.8,51
1.2,11.15,14.8,13,8.3,4,0.004,0.11,15,2014.109514,29.75,38.7,40.9,43.2,38.7,38.2,50.2,57.8,51
1.5,11.19,12.9,17.6,8.2,1.5,0.004,0.17,3.3,2014.109514,44.75,38.7,40.9,43.2,38.7,38.2,50.2,57.8,51
1.5,10.99,14.8,4.5,8.5,5.3,0.004,0.58,3.5,2014.109514,148.5,38.7,40.9,43.2,38.7,38.2,50.2,57.8,51
0.7,10.1,14.7,4.6,8.3,3.9,0.004,0.37,9.2,2014.109514,95.75,38.7,40.9,43.2,38.7,38.2,50.2,57.8,51
0.7,10.1,14.7,4.6,8.3,3.9,0.004,0.21,18,2014.109514,56.75,38.7,40.9,43.2,38.7,38.2,50.2,57.8,51
3,8.76,14.4,31.2,8.1,1.4,0.004,0.017,1.7,2014.109514,6.25,38.7,40.9,43.2,38.7,38.2,50.2,57.8,51
1.3,11.78,14.3,8.4,8.3,3.4,0.004,0.35,6.8,2014.109514,89.75,38.7,40.9,43.2,38.7,38.2,50.2,57.8,51
0.9,8.83,15.9,5.4,7.6,7.9,0.004,0.31,5.8,2014.169747,79.5,15,-33,-37.3,-41.8,-44.4,-44.8,-44.6,-37.6
1.1,8.34,18.6,3.7,7.6,3.7,0.005,0.34,5.3,2014.246407,75.4,22.3,21.4,22.5,24.2,19.4,17.8,15.3,20.3
0.6,7.51,17.5,0.2,7.1,4.7,0.011,0.42,4.7,2014.246407,40.81818182,22.3,21.4,22.5,24.2,19.4,17.8,15.3,20.3
0.6,8.1,24.6,0.8,7.5,3.4,0.005,0.32,8.1,2014.342231,71.2,25.8,28.6,26.7,24.9,18,21.1,23.4,24.2
1.3,7.05,30,16.1,8.5,3.6,0.004,0.008,9,2014.594114,5.5,32.4,32,31.6,31.3,31.6,31.1,30.6,31
0.7,7.39,30.9,19.4,8.3,3.7,0.004,0.006,11,2014.670773,4.5,31.5,32.9,32,31.2,32.2,31.7,31.3,30.9
0.9,5.61,31.1,23.2,8.2,6.7,0.004,0.004,9.6,2014.670773,13,31.5,32.9,32,31.2,32.2,31.7,31.3,30.9
0.5,9.42,13.4,6.7,7.4,11.5,0.006,0.21,3.2,2015.013689,61.66666667,18.5,15.6,22.1,21.6,18.2,18.5,19.2,20.7
0.7,8.58,14.3,0.1,7.5,7.8,0.008,0.24,0.6,2015.013689,31.625,18.5,15.6,22.1,21.6,18.2,18.5,19.2,20.7
1.2,9.58,13.8,0.1,7.4,6.6,0.007,0.67,5.2,2015.112252,97.57142857,16.1,14.9,19.1,20.1,17.8,16.7,18.2,13.4
1.5,9.3,17.2,26.6,7.9,3,0.004,0.028,2.3,2015.186174,9.25,22.8,21.5,19.8,19,14.5,23.4,22.8,23.1
0.8,7.8,24.1,5.1,7.8,7.9,0.005,0.28,13,2015.344969,59,27.4,27.1,26.3,27.2,25.5,24.3,26.4,24.4
1.3,6.53,28.9,27.3,8,2.6,0.004,0.004,4,2015.511978,3,31.4,30.5,30.5,30.9,30.9,31,32.8,31.6
3.5,6.14,28.5,36.1,7.9,2.1,0.004,0.004,1.2,2015.511978,11.75,31.4,30.5,30.5,30.9,30.9,31,32.8,31.6
1.3,7.8,22.7,23.6,8.1,2.5,0.004,0.048,5.4,2015.761123,13.5,22.7,23.8,20.3,22.5,24.5,28.9,29.3,30.2
1,7.85,22.5,18.4,8.1,4.8,0.004,0.086,7.8,2015.761123,25.5,22.7,23.8,20.3,22.5,24.5,28.9,29.3,30.2
1,7.64,22.4,25.1,8.1,7.4,0.004,0.006,7.5,2015.761123,3.25,22.7,23.8,20.3,22.5,24.5,28.9,29.3,30.2
1,7.71,22.3,9.5,7.9,5.4,0.004,0.19,7.2,2015.761123,52.25,22.7,23.8,20.3,22.5,24.5,28.9,29.3,30.2
1.7,6.14,25.4,31.4,8,2.8,0.004,0.082,1.9,2015.837782,25,26.1,29,28.8,27.1,27.5,27.2,28,25.2
1.5,8.68,20.8,15.2,7.9,3.1,0.004,0.14,3.9,2015.914442,38,25,24.7,24.1,24.5,24.2,23.1,22.2,19
0.3,9.3,12.5,0.8,7,30,0.008,0.21,1.7,2016.032854,29.875,15.1,16,12.2,17.5,19.1,18.1,14.2,15.8
0.3,10.3,11.9,1.1,7.2,34.2,0.01,0.23,1.9,2016.032854,27.5,15.1,16,12.2,17.5,19.1,18.1,14.2,15.8
3,8.5,14.8,33,8.1,2.3,0.004,0.004,2,2016.032854,2.75,15.1,16,12.2,17.5,19.1,18.1,14.2,15.8
0.3,9.9,12.1,0.6,8.3,30.5,0.01,0.23,1.3,2016.032854,26.4,15.1,16,12.2,17.5,19.1,18.1,14.2,15.8
0.3,9.4,12.1,0.6,8.1,29.5,0.01,0.22,1.5,2016.032854,25.1,15.1,16,12.2,17.5,19.1,18.1,14.2,15.8
0.3,9.5,11.9,0,7.8,32.8,0.013,0.25,1.2,2016.032854,21.23076923,15.1,16,12.2,17.5,19.1,18.1,14.2,15.8
0.5,9.3,14.7,22.4,8.1,21.5,0.004,0.11,10,2016.128679,30,20.7,17.1,18.7,14.1,16.7,21.9,17.9,11
0.9,10.4,14.5,10.2,7.9,7.9,0.004,0.24,9.3,2016.128679,63.5,20.7,17.1,18.7,14.1,16.7,21.9,17.9,11
1.3,11.7,14.4,10.2,8.3,6.5,0.005,0.22,9.6,2016.128679,46.6,20.7,17.1,18.7,14.1,16.7,21.9,17.9,11
0.4,10.1,13.6,1.2,7.6,24.3,0.009,0.42,2.9,2016.128679,47.44444444,20.7,17.1,18.7,14.1,16.7,21.9,17.9,11
0.5,9.8,13.7,0.4,7.9,24.2,0.008,0.42,5.6,2016.128679,53.125,20.7,17.1,18.7,14.1,16.7,21.9,17.9,11
1.1,8.5,15.4,33.5,8.1,5.7,0.004,0.004,2.3,2016.128679,9.75,20.7,17.1,18.7,14.1,16.7,21.9,17.9,11
1,10,14.5,3.1,8,16.4,0.006,0.38,7.3,2016.128679,65.16666667,20.7,17.1,18.7,14.1,16.7,21.9,17.9,11
0.4,9.6,13.3,0,8.3,26.3,0.01,0.48,3.3,2016.128679,49.4,20.7,17.1,18.7,14.1,16.7,21.9,17.9,11
1.1,10.5,18.2,5.7,8.3,7.8,0.004,0.34,1.9,2016.164271,86.5,21.9,20.3,18.8,16.2,14.9,16.8,21.1,22.3
1.6,10.5,17.3,12.3,8.4,2.7,0.004,0.2,1.9,2016.164271,51.5,21.9,20.3,18.8,16.2,14.9,16.8,21.1,22.3
0.6,10,17.3,2,8.4,18.9,0.006,0.47,5.5,2016.164271,79.5,21.9,20.3,18.8,16.2,14.9,16.8,21.1,22.3
0.5,9.7,15.3,0.1,8.3,21.6,0.008,0.5,6.2,2016.164271,63.375,21.9,20.3,18.8,16.2,14.9,16.8,21.1,22.3
2.5,9,16.9,30.8,8.2,2.4,0.004,0.004,1.2,2016.164271,2.25,21.9,20.3,18.8,16.2,14.9,16.8,21.1,22.3
0.6,10.3,16.6,2.4,8.4,13,0.004,0.43,3.6,2016.164271,109,21.9,20.3,18.8,16.2,14.9,16.8,21.1,22.3
0.8,10.8,17,7.3,8.1,7.4,0.004,0.28,7.9,2016.164271,71.5,21.9,20.3,18.8,16.2,14.9,16.8,21.1,22.3
1.1,10.5,18.2,5.7,8.3,7.8,0.004,0.35,2.9,2016.164271,89.25,21.9,20.3,18.8,16.2,14.9,16.8,21.1,22.3
0.9,8.3,23.8,14.6,8.3,5.8,0.004,0.11,8.4,2016.355921,30.75,26.2,26.1,25.8,27,24.2,25.4,27,28.5
1.3,8.3,23.6,19.9,8.3,3.4,0.004,0.06,5.6,2016.355921,16.75,26.2,26.1,25.8,27,24.2,25.4,27,28.5
1.3,8.7,23.9,10.8,8.2,3.2,0.004,0.18,7.4,2016.355921,47.5,26.2,26.1,25.8,27,24.2,25.4,27,28.5
0.4,8.5,24,3.4,8,14.1,0.004,0.32,13,2016.355921,82.5,26.2,26.1,25.8,27,24.2,25.4,27,28.5
1.4,8.2,23.4,14.9,8.2,3.5,0.004,0.12,7.4,2016.355921,32,26.2,26.1,25.8,27,24.2,25.4,27,28.5
1.2,8.2,23.2,17.5,8.1,5.9,0.004,0.084,12,2016.355921,25.25,26.2,26.1,25.8,27,24.2,25.4,27,28.5
0.5,6.7,22.9,0.1,8.3,23,0.004,0.57,3.6,2016.355921,150.5,26.2,26.1,25.8,27,24.2,25.4,27,28.5
1.2,8.2,23.2,17.5,8.1,5.9,0.004,0.083,11,2016.355921,23.25,26.2,26.1,25.8,27,24.2,25.4,27,28.5
1.5,6.9,27.7,34.2,8.3,7.2,0.004,0.004,8.1,2016.416153,1.75,30,29.8,32.1,30.4,28.6,28.3,29.1,28.8
1,7.3,29.4,21.1,8.4,5.7,0.004,0.004,8.5,2016.416153,2.25,30,29.8,32.1,30.4,28.6,28.3,29.1,28.8
1.3,7.4,28.8,31.2,8.3,3.5,0.004,0.004,6.4,2016.416153,2,30,29.8,32.1,30.4,28.6,28.3,29.1,28.8
0.9,8.3,29.5,18.1,8.5,5.7,0.004,0.021,13,2016.416153,6.75,30,29.8,32.1,30.4,28.6,28.3,29.1,28.8
1,7.3,28,8,8.1,6.5,0.004,0.19,15,2016.416153,48.5,30,29.8,32.1,30.4,28.6,28.3,29.1,28.8
0.5,7.3,28,3.2,8.5,7.9,0.004,0.009,12,2016.416153,3.75,30,29.8,32.1,30.4,28.6,28.3,29.1,28.8
0.5,7.3,28,3.2,8.5,7.9,0.004,0.01,13,2016.416153,4,30,29.8,32.1,30.4,28.6,28.3,29.1,28.8
3,7.2,26.8,33.8,8.3,3.2,0.004,0.004,1.6,2016.416153,8.25,30,29.8,32.1,30.4,28.6,28.3,29.1,28.8
1.2,7.7,28.3,14.6,8.5,4.8,0.004,0.077,9.8,2016.416153,20.5,30,29.8,32.1,30.4,28.6,28.3,29.1,28.8
1,8.1,28,10.5,8.4,7.9,0.004,0.089,15,2016.416153,23.25,30,29.8,32.1,30.4,28.6,28.3,29.1,28.8
1.3,6.6,30.2,32.7,8,5.2,0.004,0.004,3.8,2016.50924,2.75,33.3,32.2,32,32.1,29.4,28,31.8,31.5
1.3,6.6,30.6,31.6,8,6.3,0.004,0.004,5.3,2016.50924,3,33.3,32.2,32,32.1,29.4,28,31.8,31.5
1.3,6.9,30.5,32.8,8.1,4.1,0.004,0.004,4,2016.50924,3.25,33.3,32.2,32,32.1,29.4,28,31.8,31.5
1.4,6.7,30.9,30.6,8.1,4.9,0.004,0.004,8.5,2016.50924,3.25,33.3,32.2,32,32.1,29.4,28,31.8,31.5
1,6.7,29.9,14.1,7.9,7.2,0.004,0.16,12,2016.50924,42.25,33.3,32.2,32,32.1,29.4,28,31.8,31.5
0.1,6,29.9,1.8,7.8,15.9,0.004,0.02,7.5,2016.50924,22,33.3,32.2,32,32.1,29.4,28,31.8,31.5
0.1,6,29.9,1.8,7.8,15.9,0.005,0.024,8.1,2016.50924,23.4,33.3,32.2,32,32.1,29.4,28,31.8,31.5
3,6.4,28.7,34,8,2.4,0.004,0.004,2.6,2016.50924,3.5,33.3,32.2,32,32.1,29.4,28,31.8,31.5
1.2,6.9,29.8,28.5,8,3.8,0.005,0.004,4,2016.50924,2.8,33.3,32.2,32,32.1,29.4,28,31.8,31.5
0.9,6.6,30.3,15.2,8,9.6,0.005,0.049,14,2016.50924,14.4,33.3,32.2,32,32.1,29.4,28,31.8,31.5
1.3,6.3,30.3,0.2,8.2,8.3,0.004,0.47,9.4,2016.50924,120.25,33.3,32.2,32,32.1,29.4,28,31.8,31.5
1.3,6.3,31.4,30.4,8,7.7,0.004,0.004,4.7,2016.5859,2.5,31.9,31.8,32.4,32.3,32.8,32.7,32.4,32
1,7,31.3,20.8,8.3,9.5,0.004,0.004,10,2016.5859,2.25,31.9,31.8,32.4,32.3,32.8,32.7,32.4,32
1.2,6.5,31.6,28.1,8.1,4.68,0.004,0.004,6.4,2016.5859,2.25,31.9,31.8,32.4,32.3,32.8,32.7,32.4,32
1,7.2,31,19.1,8.2,4.2,0.004,0.008,9.3,2016.5859,3.5,31.9,31.8,32.4,32.3,32.8,32.7,32.4,32
0.9,6.6,29.9,12.7,7.6,6.31,0.004,0.03,14,2016.5859,9,31.9,31.8,32.4,32.3,32.8,32.7,32.4,32
0.4,4.2,30.4,8,7.5,12.32,0.005,0.032,16,2016.5859,28.4,31.9,31.8,32.4,32.3,32.8,32.7,32.4,32
0.4,4.2,30.4,8,7.5,12.32,0.004,0.03,18,2016.5859,32,31.9,31.8,32.4,32.3,32.8,32.7,32.4,32
3.1,6.2,30.6,30.2,8.1,1.93,0.004,0.004,3.8,2016.5859,2.5,31.9,31.8,32.4,32.3,32.8,32.7,32.4,32
1.3,6.2,30,22.5,7.9,3.86,0.004,0.004,8.5,2016.5859,2.25,31.9,31.8,32.4,32.3,32.8,32.7,32.4,32
0.8,5.4,30.7,20.3,7.9,10.42,0.004,0.005,10,2016.5859,5.5,31.9,31.8,32.4,32.3,32.8,32.7,32.4,32
1.2,6.4,29.1,24.8,7.9,6.16,0.004,0.004,8.1,2016.698152,3.25,31,34.1,31.9,31.5,31.4,30.3,30,30.3
0.7,6.1,28.7,16.8,7.6,7.56,0.004,0.071,11,2016.698152,25.5,31,34.1,31.9,31.5,31.4,30.3,30,30.3
0.6,4.8,30.5,20.3,7.4,5.05,0.004,0.004,12,2016.698152,12.25,31,34.1,31.9,31.5,31.4,30.3,30,30.3
0.6,4.8,30.5,20.3,7.4,5.05,0.004,0.004,16,2016.698152,17.25,31,34.1,31.9,31.5,31.4,30.3,30,30.3
1.3,6.3,29.2,28.7,7.9,4.02,0.004,0.004,5.8,2016.698152,3.25,31,34.1,31.9,31.5,31.4,30.3,30,30.3
0.9,6,29.5,27.5,7.6,9.29,0.006,0.004,5.7,2016.698152,1.833333333,31,34.1,31.9,31.5,31.4,30.3,30,30.3
0.5,6.2,28.6,19.7,7.8,22.9,0.006,0.051,8.1,2016.70089,12.83333333,31.4,31,34.1,31.9,31.5,31.4,30.3,30
0.7,6,29.1,26.2,7.7,10.94,0.004,0.004,8.3,2016.70089,5,31.4,31,34.1,31.9,31.5,31.4,30.3,30
1.5,7.17,25.7,20.33,7.8,3.3,0.004,0.004,6.4,2016.755647,2.75,28.9,30.1,28.1,28.3,31.8,30.4,30.7,31.4
1.4,7.97,19.1,26.67,8.2,3.11,0.004,0.028,3,2016.933607,8.75,21.2,24,23.9,22.8,19.4,20.2,19.1,25.9
1.3,8.68,18.8,24.09,8.1,1.2,0.004,0.004,3,2017.008214,3.75,21.9,26.4,23,23,17,13.1,24.4,22.1
1.2,8.7,18,4.72,7.5,2.5,0.004,0.33,5.4,2017.008214,88.75,21.9,26.4,23,23,17,13.1,24.4,22.1
0.8,9.28,15.5,3.45,7.5,11.1,0.004,0.25,2,2017.098563,64.75,21,18.6,16.5,24.6,21.5,21.6,21.8,17
0.9,6.45,30.6,11.5,8.2,4.7,0.004,0.02,13,2017.506502,7,32.2,32.4,32.4,32.7,31.6,30.8,29.9,28.6
1.1,8.29,29.7,5.76,8.3,4.5,0.004,0.009,13,2017.599589,3.25,31.5,31.4,30.3,29.6,30.2,26.7,30.6,29.9
1.4,9.09,17.8,22.09,8.1,1.56,0.004,0.052,4.7,2017.903491,14.25,21.4,22.3,21.7,20.9,20.4,21.2,19.3,18.1
3.4,7.78,17.8,33.69,8.1,1.6,0.007,0.004,1.7,2018.180698,1.285714286,15.9,17.6,21.9,20.3,19.4,23.9,24.6,27.4
0.4,6.52,24.1,4.66,7.7,27.7,0.004,0.004,12,2018.347707,10,29.8,30.6,28.1,27.4,27,25.4,25.8,26.1
0.8,6.87,27.3,35.1,8,2.74,0.004,0.004,6.7,2018.424367,1.75,28.4,33.2,33.8,31.4,30,29.3,28.2,28.1
1,5.85,27.9,34.72,8,3.44,0.004,0.004,6.5,2018.424367,1.75,28.4,33.2,33.8,31.4,30,29.3,28.2,28.1
1.8,6.41,27.1,34.94,8,1.4,0.004,0.004,2.1,2018.424367,1.75,28.4,33.2,33.8,31.4,30,29.3,28.2,28.1
0.8,6.48,28.8,5.79,7.7,5.34,0.004,0.12,8.3,2018.596851,35,31.7,32.7,32,31.3,30.6,26.8,28.7,30.6
0.2,4.35,28.6,1.38,6.3,5.1,0.004,0.018,2.4,2018.596851,25.75,31.7,32.7,32,31.3,30.6,26.8,28.7,30.6
0.8,5.77,30,25.95,8,5.2,0.004,0.005,13,2018.596851,2,31.7,32.7,32,31.3,30.6,26.8,28.7,30.6
1,7.13,30.4,0.07,7.5,2.11,0.004,0.34,7.7,2019.709103,86.25,34.2,31.1,31.2,32.4,31.8,31.1,31.6,31.1
1.9,7.5,17.8,37.97,8.1,2.3,0.004,0.004,2.7,2019.919918,2,11.7,19.5,23.6,25,22.8,23.6,25.1,19.5
0.6,8.18,15.6,34.46,8.1,12.7,0.004,0.014,14,2020.090349,4.75,21.6,18.2,13.8,14.5,15.9,14.4,16.8,15.5
0.8,9.06,12.7,0.05,8,8.8,0.014,0.41,1.6,2020.090349,30.57142857,21.6,18.2,13.8,14.5,15.9,14.4,16.8,15.5
0.3,8.04,22.7,0.53,7.1,14.6,0.005,0.004,23,2020.205339,1.6,23,25.9,24.8,23.1,22.6,23.2,22.1,21.3
0.4,8.22,18.9,0.17,7.1,22.8,0.012,0.29,4.9,2020.205339,25.33333333,23,25.9,24.8,23.1,22.6,23.2,22.1,21.3
0.4,7.98,18.4,0.03,7.5,21,0.012,0.29,3,2020.205339,25.33333333,23,25.9,24.8,23.1,22.6,23.2,22.1,21.3
0.8,6.88,28.1,27.13,8.2,6.2,0.004,0.031,8.2,2020.517454,9,31.3,28.8,28.2,28.7,29.2,30.8,30.5,31.4
0.9,6.73,29.4,7.45,7.9,3.6,0.004,0.009,13,2020.610541,3.5,32,33.9,32,32.8,29.8,31.7,33.5,34.6
1.3,8.07,19.2,28.49,8.1,3.5,0.004,0.023,3.9,2020.898015,7.5,21.2,22.3,24.1,23.5,23.3,20.9,19.2,22
1.7,9.62,15.1,15.26,8.2,1.89,0.004,0.23,4.7,2021.010951,58.5,18.7,16.4,15.7,19.7,21.3,21.2,19.5,18.9
0.8,8.03,30.7,14.12,8,3.36,0.004,0.023,9.3,2021.605065,8,31.7,31.1,33.6,30.7,31.1,28.6,28,29.5
0.7,8.34,20,28.4,8.1,10.4,0.004,0.046,13,2021.835044,13,25,22.1,21.5,19.4,20.8,26.3,24.8,27.5
2.2,9.29,15.1,21,8.3,1.09,0.004,0.087,4.3,2021.911704,23.25,17.4,18.1,15.8,16,18.8,19.4,17.2,15.5
