Secchi Depth(m),DO(mg/l),Temperature (deg cels),Salinity(ppt),pH,Turbidity(NTU),Nitrate+Nitrite,Phosphate,N/P,Julian Year,Chlorophyll-a (ug/l)
0.8,9.54,44.05868421,16.8,7.8,2.5,0.102,0.002,53,2003.933607,3.418
0.8,9.89,35.18142857,10.7,7.8,2.2,0.034,0.001,38,2003.933607,8.971
0.8,9.89,35.18142857,10.7,7.8,2.2,0.03,0.001,34,2003.933607,8.33
1.2,9.86,30.57828947,12.5,7.7,2.5,0.169,0.001,173,2003.933607,4.699
2,9.53,44.68203947,11.7,7.7,2.6,0.171,0.002,87.5,2003.933607,2.136
1.2,8.79,11.3,16.8,8,5.5,0.186,0.001,190,2004.019165,2.1
1,9.8,11.3,14.5,8.1,7.2,0.231,0.001,239,2004.019165,2.6
0.8,9.46,11,17.8,8,10.8,0.155,0.001,160,2004.019165,4.3
1.2,9.88,10.7,5.1,7.6,5.2,0.435,0.001,444,2004.019165,3
1.1,10.55,10.3,11.3,8.3,7.6,0.023,0.001,27,2004.019165,10.9
1.1,10.55,10.3,11.3,8.3,7.6,0.026,0.001,30,2004.019165,13.7
0.7,9.64,10.7,24,7.8,4.9,0.027,0.001,31,2004.019165,1.7
1.5,8.36,12.3,27.9,7.8,3.7,0.019,0.001,24,2004.019165,1.3
0.9,9.15,12.2,19.8,7.8,20,0.071,0.001,77,2004.106776,9
0.9,9.82,11.6,9.3,8,13,0.29,0.001,306,2004.106776,7
1.1,9.18,11.9,22,8.1,7,0.063,0.001,68,2004.106776,5.1
0.6,9.58,12.2,13.4,8.3,20,0.239,0.001,247,2004.106776,5.1
0.8,10.02,11.7,0.4,7.8,11,0.458,0.002,233.5,2004.106776,8.3
1,9.68,11,17.4,8.1,5.5,0.156,0.001,160,2004.106776,2.6
1.2,8.47,12.2,24.1,8.1,5.8,0.077,0.001,81,2004.106776,2.6
0.8,9.65,12.5,7.9,8,5.5,0.099,0.001,111,2004.109514,9.6
0.8,9.65,12.5,7.9,8,5.5,0.079,0.001,85,2004.109514,12.2
2,7.36,16.5,17.8,7.9,6.4,0.146,0.001,150,2004.186174,1.7
1.3,7.1,15.5,9.5,7.9,3.9,0.117,0.001,121,2004.186174,2.6
1.2,7.35,16.9,16.1,7.9,2.8,0.158,0.001,162,2004.186174,1.7
0.9,8.19,15.6,6.6,7.8,6.6,0.295,0.001,301,2004.186174,8.5
0.5,7.74,16.7,5.1,7.8,11.4,0.332,0.002,178,2004.186174,3.8
0.4,6.81,18.1,2,8.3,24.9,0.1,0.001,201,2004.186174,16
0.4,6.81,18.1,2,8.3,24.9,0.103,0.002,101.5,2004.186174,16
1.3,6.78,15.9,30.6,7.8,13.9,0.017,0.001,32,2004.186174,3
1,7.03,16.9,7.4,8,14,0.289,0.002,158,2004.186174,2.1
0.8,7.57,17,0.1,7.1,16.6,0.427,0.003,152.3333333,2004.186174,3
1.3,7.09,18.2,31.2,8.3,6.6,0.033,0.001,37,2004.260096,1.7
0.9,7.45,16.8,33.6,8.3,12.2,0.011,0.001,15,2004.260096,2.1
1.1,8.68,17.8,23.2,8.3,9.3,0.02,0.001,24,2004.260096,4.7
1.1,7.49,18,17.6,8.3,5.8,0.103,0.001,123,2004.260096,2.6
0.7,5.43,30.3,31.6,7.9,21,0.007,0.002,12,2004.5859,5.1
0.85,5.47,30,24.5,7.8,24,0.007,0.001,13,2004.5859,9
1,5.94,30.2,27.4,7.9,16,0.007,0.001,11,2004.5859,7.7
0.7,6.29,29.8,23.2,8,7.1,0.009,0.001,15,2004.5859,9.6
0.9,6.3,29.7,11.5,7.1,9.5,0.083,0.001,87,2004.5859,6.4
0.6,6.03,29.6,6.9,7.5,12.5,0.018,0.004,7,2004.5859,14.1
0.5,6.4,29.7,18.6,7.8,17.5,0.009,0.001,13,2004.5859,11.5
1.3,5.58,30.3,0.1,7.1,9.6,0.265,0.001,273,2004.5859,1.3
0.8,7.38,28.6,32.3,7.9,12,0.052,0.004,16.5,2004.687201,7.7
0.7,6.56,28.2,30.6,7.8,9.5,0.095,0.002,60,2004.687201,7.7
1.5,6.91,28.6,31.7,8,4.8,0.103,0.002,53.5,2004.687201,0.8
1,7.59,29.1,21.3,7.7,7.8,0.064,0.001,76,2004.687201,2.6
0.8,6.53,28.1,7.6,7.6,10,0.295,0.003,113.6666667,2004.687201,16
0.55,7.25,26.3,10.3,7.5,16.5,0.066,0.005,30,2004.687201,5.8
0.55,7.25,26.3,10.3,7.5,16.5,0.047,0.004,37.5,2004.687201,5.1
0.9,8.13,28.8,23.4,8,10.3,0.053,0.001,67,2004.687201,9.6
0.4,7.38,28.2,20.2,7.8,27.5,0.112,0.002,80,2004.687201,32
1.7,95.7,22.2,28.8,8.3,8.3,0.031,0.001,58,2004.854209,1.3
1.3,104.4,20.2,16.2,8.1,4.2,0.076,0.001,88,2004.854209,3
1.3,103.8,19.5,14.8,8.4,3.1,0.139,0.002,78.5,2004.854209,3
1.2,94.8,21.7,10.1,8,4.8,0.269,0.002,145,2004.854209,1.3
1,95.4,20.6,8.1,7.8,8.6,0.244,0.001,253,2004.854209,1.9
1,92.8,19.5,6.1,7.8,11.3,0.065,0.002,39,2004.854209,5.1
1,92.8,19.5,6.1,7.8,11.3,0.056,0.003,28.66666667,2004.854209,2.6
1.4,99.8,19.8,12.6,8,3.9,0.166,0.003,59,2004.854209,1.3
1.2,96.9,20.4,13,7.8,5,0.192,0.002,104,2004.854209,0.5
1.7,8,17.8,13.9,8,5.3,0.195,0.013,16.30769231,2004.914442,3
0.7,8.2,18,9.5,8,17.7,0.263,0.012,23.58333333,2004.914442,2.1
1.3,10.8,19.1,21.1,8.3,3.6,0.016,0.013,2.307692308,2004.914442,1.7
1.2,7.7,18.1,11.7,7.7,10.4,0.236,0.01,25.4,2004.914442,4.7
0.9,7.6,17.5,1.2,7.7,15.5,0.369,0.018,22.11111111,2004.914442,0.8
1.7,8.4,19,21.6,7.8,4.2,0.015,0.007,4.142857143,2004.914442,1.7
1.7,6.9,17.6,26.3,7.7,4,0.044,0.005,12.2,2004.914442,0.5
1.5,8.92,15.5,4.3,7.8,4.6,0.339,0.029,12.82758621,2005.008214,1.28
1.2,9.42,15.6,6.2,8,3,0.248,0.035,7.942857143,2005.008214,0.64
1.5,9.34,15,8.1,8,5,0.268,0.033,9.363636364,2005.008214,0.64
1.8,9.12,14.3,4.7,7.6,5,0.323,0.032,11.34375,2005.008214,1.28
1.2,8.91,14.1,1.4,8.1,4.4,0.086,0.046,2.717391304,2005.008214,0.64
0.9,7.72,16,4.7,7.6,6.6,0.081,0.028,4.535714286,2005.008214,1.28
0.9,7.72,16,4.7,7.6,6.6,0.058,0.017,5.764705882,2005.008214,0.64
1.5,9.47,15.6,18.9,8.2,3.3,0.097,0.036,3.583333333,2005.008214,1.28
1.9,8.03,15,25.2,8,2.7,0.016,0.004,11.75,2005.008214,1.92
1,8.9,14.5,27.5,7.8,14,0.335,0.001,354,2005.1013,2.99
0.5,9.7,14.3,15.9,7.9,22,0.258,0.001,273,2005.1013,2.56
1.3,10.1,14.7,25.4,7.8,4,0.263,0.002,143.5,2005.1013,1.28
1,9.9,14.1,16.5,8,5,0.279,0.003,105,2005.1013,5.55
0.9,10.3,13.2,2.4,7.9,8,0.08,0.003,36.66666667,2005.1013,4.49
0.6,10.9,14.6,20,7.7,10.5,0.073,0.004,23.25,2005.1013,1.92
0.6,10.9,14.6,20,7.7,10.5,0.057,0.002,40,2005.1013,2.56
1.7,8.9,13.7,28.3,7.8,3.3,0.016,0.001,35,2005.1013,1.71
1,7.8,15.9,28.9,7.8,9.6,0.021,0.001,25,2005.164271,0.5
0.5,8.8,15.3,13.3,7.8,13.8,0.141,0.001,145,2005.164271,0.9
0.9,8.9,14.8,10.7,7.8,10.3,0.218,0.001,226,2005.164271,0.56
1,9.2,14,5,7.8,10,0.29,0.001,294,2005.164271,0.98
1,7.8,13.7,1.7,7.8,19.7,0.054,0.001,58,2005.164271,0.96
1,7.8,13.7,1.7,7.8,19.7,0.098,0.001,102,2005.164271,1.28
0.8,8.2,15.7,12.7,7.8,14.7,0.208,0.001,212,2005.164271,0.98
0.4,8.7,20.9,4.5,8,16,0.258,0.004,78,2005.25462,1.11
0.4,8.3,20.5,1.3,7.8,36,0.357,0.005,82.4,2005.25462,1.6
0.3,7.9,19.9,0.2,8,42,0.458,0.006,84.66666667,2005.25462,2.01
0.3,6.3,19.1,0.1,7.6,75,0.698,0.006,128.3333333,2005.25462,0.98
0.3,8,18.5,0.5,8.2,43,0.348,0.005,79.2,2005.25462,3.82
0.4,7.6,18.1,0.2,8,44,0.276,0.005,64.4,2005.25462,1.22
1.3,9,22.4,6.2,7.9,19,0.228,0.002,152.5,2005.33128,0.5
0.7,9,21.2,11.1,8,17.8,0.2,0.002,121.5,2005.33128,1.73
2.1,7.6,22,3.8,8,12.4,0.332,0.002,199,2005.33128,0.77
1.9,7.8,19.8,1.6,8,15.5,0.363,0.003,143.6666667,2005.33128,3.4
0.5,8.3,20.6,0.2,7.5,18.2,0.095,0.009,20.44444444,2005.33128,1.41
0.6,7.4,20.9,21.8,7.8,32.1,0.232,0.005,52.6,2005.33128,1.92
0.9,7.8,29.5,9.2,8.2,4.6,0.25,0.001,256,2005.427105,0.85
1.5,6.98,28.6,16.3,8.2,3.1,0.21,0.002,123.5,2005.427105,0.85
1,7.23,30.1,4.4,8.2,4.8,0.338,0.002,193,2005.427105,1.28
1,7.01,28,1.4,8.2,8.6,0.38,0.001,436,2005.427105,5.98
0.9,6.66,29.5,0.3,8.2,13.5,0.104,0.002,86,2005.427105,2.13
1.1,5.73,28.5,10,8,10.2,0.287,0.003,102.6666667,2005.427105,1.28
0.5,7.2,28.1,1.8,8,27,0.418,0.001,487,2005.514716,3.84
1,6.06,28.5,0.1,7.8,12.4,0.494,0.002,269,2005.514716,2.99
0.8,6.8,26.6,6.1,7.8,13.8,0.386,0.002,199,2005.752909,2.56
0.8,5.4,27.9,23.1,7.8,8.4,0.008,0.001,41,2005.752909,1.92
0.9,6.1,27.3,0.1,7.8,13,0.59,0.004,150.75,2005.752909,1.71
1.5,7.8,23.4,15.6,8,5.1,0.234,0.001,253,2005.851472,1.71
1.4,7.5,23.2,24.9,8,3.4,0.049,0.001,74,2005.851472,1.28
2.2,7.8,23.6,10.8,8,4.3,0.203,0.002,106.5,2005.851472,2.13
1.3,7.8,22.5,6.7,7.9,7.2,0.465,0.001,481,2005.851472,1.92
0.6,6.5,24.7,18,7.7,13.3,0.406,0.002,219.5,2005.851472,3.2
1,7.8,23.2,25.7,8,4.7,0.041,0.002,29.5,2005.851472,1.28
2,6.2,23.5,28.3,7.8,3.4,0.101,0.002,55,2005.851472,1.28
1.3,7.1,18.4,16.1,7.8,5.9,0.183,0.002,111.5,2005.908966,1.28
0.9,6.8,19.7,16.8,8,12.9,0.107,0.001,126,2005.908966,3.2
1.8,6.1,18.6,28.6,8,6.8,0.007,0.001,11,2005.908966,1.28
1.3,6.4,16.2,19.9,7.9,6.9,0.073,0.001,91,2005.911704,0.85
1.7,5.6,18.1,32,8.2,6.7,0.007,0.001,11,2005.911704,1.28
1,6.6,15.5,20.6,8.1,5.9,0.1,0.001,118,2005.911704,0.85
1.2,6.9,16.2,13.4,8,6.3,0.098,0.001,125,2006.008214,5.25
1.4,6.5,16.6,20.7,8,5.2,0.068,0.001,87,2006.008214,2.99
1.2,7,16,5.8,8,4.8,0.3,0.001,349,2006.008214,1.79
2,6.2,16.1,33.2,7.8,4.1,0.007,0.001,29,2006.008214,1.71
1.3,7,16.7,13.8,8.2,4.5,0.198,0.002,108.5,2006.008214,2.44
1,6.5,15.5,0.1,8.2,12.3,0.47,0.002,250,2006.008214,0.5
0.1,9.6,16.8,5.4,7.9,16.9,0.401,0.001,436,2006.082136,5
0.1,9.6,16.8,5.4,7.9,16.9,0.438,0.001,467,2006.082136,4.74
1.5,8.4,14.6,8.6,8,5.2,0.282,0.001,300,2006.084873,2.31
1.3,8.5,15.5,7.4,8,5.4,0.41,0.001,451,2006.084873,2.01
1.2,8,14.2,1.8,8.1,6.8,0.497,0.001,536,2006.084873,3.37
1.4,7.3,15.8,31.2,8.1,7.6,0.033,0.001,56,2006.084873,2.39
1,8.5,15.3,11.6,7.8,4.1,0.278,0.001,306,2006.084873,3.54
0.8,8.3,14.6,0.1,7.9,12.1,0.571,0.002,300.5,2006.084873,0.6
1.6,9.9,16.1,7.1,7.9,4.9,0.228,0.001,239,2006.161533,9.61
1.2,9.6,15.8,9.2,7.9,6.3,0.304,0.001,330,2006.161533,3.42
1.2,10.1,18.4,4.2,8,7.6,0.45,0.002,236.5,2006.161533,4.66
0.5,9.4,17.6,2.3,8.1,18.6,0.17,0.001,197,2006.161533,6.66
0.5,9.4,17.6,2.3,8.1,18.6,0.176,0.001,200,2006.161533,7.37
3.2,8.3,16.3,30.6,8,4.7,0.034,0.002,28,2006.161533,3.5
1.3,9.5,19.2,3.5,8,5.4,0.337,0.001,367,2006.161533,2.99
1.1,9.2,18,7.8,7.8,11.2,0.253,0.002,144.5,2006.161533,2.13
0.9,9.8,15.9,0.1,7.4,14,0.621,0.002,329.5,2006.161533,0.94
0.8,6.5,31.4,20.5,7.8,6.5,0.008,0.001,13,2006.599589,6.79
1,6.9,32.1,22.2,8,6.3,0.007,0.001,11,2006.599589,6.54
1.3,6.4,31.1,0.1,7.7,5.3,0.141,0.001,155,2006.599589,10.72
1,5.9,30.3,31.8,8,7.9,0.007,0.001,28,2006.678987,7.3
0.6,4.5,29.6,12.6,7.7,9.2,0.008,0.003,8.666666667,2006.678987,14.16
1.2,5.9,29.6,23.7,8,4.7,0.007,0.002,7,2006.678987,6.49
0.9,4.5,30.1,20.1,7.5,12.4,0.019,0.002,34.5,2006.678987,7.82
1,6.9,26.9,22.9,7.8,3.5,0.007,0.001,11,2006.752909,3.67
1.5,6,27.4,32.2,7.5,3.5,0.007,0.002,5.5,2006.752909,1.67
1.4,6.4,27.1,26.9,7.7,10,0.007,0.002,5.5,2006.752909,5.17
1.6,7.21,21.1,23,7.7,7.2,0.011,0.001,17,2006.832307,1.96
1.7,7.5,21.5,21.1,7.8,4.3,0.007,0.002,7.5,2006.832307,4.57
1.3,7.39,20.8,23.9,7.7,3.4,0.007,0.001,13,2006.832307,3.84
1.3,7.17,21.5,15.7,7.8,8.6,0.059,0.001,67,2006.832307,4.1
1.2,7.06,20.8,19.1,7.5,5.4,0.168,0.002,94.5,2006.832307,4.36
0.9,6.98,20.9,14.8,7.8,7.3,0.007,0.002,7.5,2006.832307,6.07
0.9,6.98,20.9,14.8,7.8,7.3,0.007,0.004,4,2006.832307,10.32
1.4,6.02,22.6,33.7,7.7,8.9,0.007,0.001,13,2006.832307,1.41
2,7.2,21,26.9,7.7,5.4,0.007,0.001,14,2006.832307,1.84
1.5,6.18,21,27.6,7.7,7.5,0.018,0.009,5.333333333,2006.832307,1.62
1.6,7.37,20.1,0.1,8.1,7.2,0.487,0.01,50.7,2006.832307,2.56
0.8,11.1,19.3,14.6,8,8.6,0.007,0.003,4.666666667,2006.906229,11.92
1,9,17.4,14,7.8,6.5,0.042,0.001,46,2006.908966,5.47
1.5,9.7,17.5,13.5,7.6,5.6,0.053,0.001,66,2006.908966,5.38
2,10.2,17.5,25.8,7.7,4.8,0.007,0.001,11,2006.908966,4.27
1.7,10.7,17.7,22.2,7.8,6,0.011,0.001,15,2006.908966,6.58
1.6,9,17.3,34,7.8,6.9,0.007,0.001,11,2006.908966,2.65
1,7.6,16,0.1,8,8.4,0.346,0.008,45.375,2006.908966,1.88
0.5,8.17,15,14.1,7.9,11.2,0.055,0.004,19,2007.021903,6.5
1.1,8.61,15.7,19,8.1,4.8,0.101,0.001,107,2007.021903,3.8
0.8,7.57,15.6,10.1,7.8,11.6,0.205,0.009,25,2007.021903,4
0.8,8.89,16.2,4.4,8,7.4,0.072,0.005,16.4,2007.021903,6.2
2.5,7.3,16.6,33,8.1,7.6,0.007,0.004,2.75,2007.021903,1.5
1,8.54,15.9,14.6,8,8.5,0.172,0.004,48.25,2007.021903,3.8
0.7,7.85,16.6,14.5,7.9,17.2,0.166,0.007,30.14285714,2007.021903,4.7
0.5,7.11,16.2,0.1,8.1,23.7,0.284,0.014,22.21428571,2007.021903,1.3
1.2,8.01,11.3,10.1,8.1,5.1,0.209,0.001,224,2007.095825,1.8
1,7.85,11.2,16.1,8.3,7.6,0.144,0.001,148,2007.095825,3.3
1,7.4,12,10,8.1,6.2,0.272,0.002,138.5,2007.095825,9.3
0.4,6.04,11.6,1.3,7.3,12.7,0.032,0.006,8.666666667,2007.095825,16
0.4,6.04,11.6,1.3,7.3,12.7,0.089,0.004,27.25,2007.095825,8.1
1.8,6.3,13.2,30.5,8.3,5.2,0.036,0.001,40,2007.095825,0.5
1,8.08,11.1,12.4,8.2,3.6,0.194,0.001,198,2007.095825,1.7
1,7.3,11.6,16,8.1,6.4,0.152,0.002,81.5,2007.095825,1.8
0.8,7.27,11.3,0.1,8.2,16,0.487,0.014,36.28571429,2007.095825,0.5
1.8,9.26,17.4,10.5,8.3,4.6,0.326,0.008,61.5,2007.172485,5
0.2,9.63,16.5,2.8,8.2,48.5,0.078,0.005,24.2,2007.172485,17.6
0.2,9.63,16.5,2.8,8.2,48.5,0.041,0.006,12.5,2007.172485,19.2
0.8,8.66,16.1,0.1,7.7,12.6,0.659,0.008,85.75,2007.172485,2
1.4,8.59,14.4,19.7,8.3,3.7,0.011,0.002,18.5,2007.175222,2
1.5,8.68,14.8,15.5,8.3,3.1,0.208,0.002,114,2007.175222,2.4
1.8,7.31,16,31.7,8.3,3.3,0.019,0.003,73,2007.175222,2.2
0.8,8.82,15.6,24.4,7.7,18.2,0.038,0.002,97.5,2007.268309,6.9
1.4,9.28,16,17.5,8.2,6.6,0.152,0.002,86.5,2007.268309,6.5
0.8,9.33,16.2,15.6,8.1,10.2,0.141,0.002,79,2007.268309,11.8
0.5,10.01,14.7,5.3,8.3,14.5,0.165,0.002,92.5,2007.268309,26.4
0.5,10.01,14.7,5.3,8.3,14.5,0.117,0.002,67.5,2007.268309,30.8
1.2,9.79,15.1,16.8,8.2,7.2,0.142,0.002,80,2007.268309,4.2
1.1,8.67,15.8,19.6,8,9.3,0.113,0.002,73,2007.268309,3.8
1,8.04,19.1,0.1,8.3,8.3,0.058,0.009,10.11111111,2007.268309,3.1
0.9,7.06,22.4,23.2,8.3,13.9,0.003,0.002,39,2007.347707,10.3
0.7,7.87,23.4,8.9,8.3,19.8,0.153,0.002,88,2007.347707,21.7
0.9,8.61,23.3,11.9,8.3,14.2,0.084,0.002,64,2007.347707,13.6
0.6,6.86,23.2,10.8,8.1,10.5,0.004,0.002,23,2007.347707,14.3
0.6,6.86,23.2,10.8,8.1,10.5,0.005,0.002,6.5,2007.347707,27.9
1.3,6.07,23.4,35,8.3,11.6,0.004,0.002,6,2007.347707,4.2
0.8,6.5,22.4,24.9,8.3,13.7,0.003,0.002,39,2007.347707,9.8
0.4,5.74,22.4,27.7,8.2,39.1,0.01,0.003,33.66666667,2007.347707,8.5
0.6,6.1,25.1,0.1,7.9,8.2,0.465,0.008,61.75,2007.347707,4.5
0.2,5.56,26.2,35.1,8.1,38.7,0.005,0.003,7,2007.424367,15.2
0.5,5.93,26.3,35.3,8.2,21.8,0.003,0.003,10.33333333,2007.424367,7.4
0.3,5.6,26.4,35.2,8.1,35.8,0.005,0.003,4.333333333,2007.424367,8.3
0.2,5.57,26.1,25.2,8,44.7,0.095,0.002,82,2007.424367,12.3
0.3,5.95,25.9,19.1,7.9,47.7,0.051,0.002,46,2007.424367,23.5
0.4,5.63,25.8,35.1,8.1,31.1,0.0014,0.002,4.7,2007.424367,8.5
0.6,5.62,25.8,30.8,8,16.9,0.052,0.009,14.11111111,2007.424367,2.9
1,6.38,26.3,0.1,7.7,7.2,0.045,0.004,15.5,2007.424367,6
1.1,5.1,30.9,33.9,8.2,10.4,0.002,0.003,13,2007.520192,5.6
1.7,4.9,30.1,35.3,8.3,7.2,0.002,0.003,22,2007.520192,4.2
1,5.3,30.8,34.3,8.3,8.9,0.0014,0.002,13.7,2007.520192,4
1.1,6,32,21.8,8.2,7.8,0.002,0.002,19,2007.520192,8
0.6,6.6,31.4,14.4,8.2,13.7,0.0014,0.002,15.2,2007.520192,21
0.6,6.6,31.4,14.4,8.2,13.7,0.0014,0.002,15.2,2007.520192,19.4
1.2,5.4,30.1,35.3,8.3,11.6,0.0014,0.002,10.2,2007.520192,5.1
1.3,4.6,29.7,31.4,8.4,7.1,0.01,0.003,12.66666667,2007.520192,4
0.7,4.9,30.1,22.8,8.2,11.4,0.018,0.002,38.5,2007.520192,6.5
1.5,6.7,31.7,0.1,7.3,4.3,0.154,0.002,93.5,2007.520192,11.2
0.7,5.5,30.9,29.1,8,9.8,0.005,0.002,7,2007.596851,5.8
1.1,5,30,34.7,8,5.8,0.006,0.003,5.666666667,2007.596851,4.5
1.2,5.8,32.1,19.7,8,7.1,0.006,0.002,7,2007.596851,7.4
0.9,6.4,33,13.1,7.8,6.2,0.068,0.002,41,2007.596851,6.7
0.5,7.2,33.5,13.6,8,19.1,0.006,0.002,8,2007.596851,16.8
1.7,4.8,29.6,35.4,8,5.4,0.005,0.002,34,2007.596851,5.1
1,5.7,30,27.4,8,6,0.004,0.002,23,2007.596851,6.2
1.2,4.9,29.4,22.7,7.7,11.6,0.182,0.002,124.5,2007.596851,8
1,6.6,31.3,0.1,7.7,5.2,0.015,0.002,26.5,2007.596851,4.9
0.9,6.6,29.8,27.5,8,12.2,0.003,0.002,15.5,2007.689938,11.8
1.3,7.6,29.7,29,8,8.2,0.0014,0.002,9.7,2007.689938,11.8
1.3,6.9,30.1,29.4,8,7.9,0.0014,0.002,6.7,2007.689938,9.8
1.9,6,30.1,35.3,8.1,9.7,0.0014,0.002,5.2,2007.689938,5.4
1.3,7.5,29.7,34.6,8.2,9,0.0014,0.002,5.7,2007.689938,7.2
0.7,5.7,29.7,35.2,8,15,0.002,0.006,2.166666667,2007.689938,13.6
0.5,5.9,27.4,30.6,8,18.1,0.009,0.002,19.5,2007.769336,11.2
1,6.2,27.1,35.4,8.3,7.2,0.002,0.002,10.5,2007.769336,4.2
0.9,6.6,27.7,29.8,8.2,5.6,0.004,0.002,6,2007.769336,8.7
0.9,6.8,28.2,30.7,8.2,8.9,0.002,0.002,5,2007.769336,12.7
0.7,5.3,26.9,29.8,8,14.4,0.003,0.002,7,2007.769336,15.2
0.7,5.3,26.9,29.8,8,14.4,0.003,0.002,5.5,2007.769336,14.3
1.5,5.9,27.2,35.2,8.2,5.2,0.003,0.002,5.5,2007.769336,5.6
1.3,6,27.1,35.4,8.3,5.1,0.002,0.002,5,2007.769336,3.8
0.5,5,26.9,35.1,8.1,15.9,0.014,0.006,6.833333333,2007.769336,4.2
1.4,6.1,27.3,0.1,7.4,3.9,0.245,0.007,36.14285714,2007.769336,4.9
1.2,6.4,20.2,29.8,8.2,4.6,0.005,0.003,13,2007.843258,2.9
1.7,7.3,20.1,28,8.3,2.7,0.003,0.002,9.5,2007.843258,2.4
1.6,6.7,19.8,27.8,8.2,3.6,0.007,0.004,7.25,2007.843258,3.1
1.4,6.7,19.3,20.6,8.3,4.8,0.051,0.005,14.4,2007.843258,5.8
0.8,6.9,18.5,25.6,8,9.2,0.0014,0.002,10.7,2007.843258,9.2
2.5,6.2,21.3,35.4,8.3,1.8,0.0014,0.002,5.7,2007.843258,2.7
1.5,7.2,20.3,28.9,8.3,3.8,0.0014,0.002,6.7,2007.843258,2.7
1,6,20.5,33,8.2,8.2,0.003,0.002,9.5,2007.843258,4.7
2.2,7.5,20.8,0.1,7.2,0,0.162,0.008,22.375,2007.843258,4
0.9,6.3,17.7,30.7,8.3,10.7,0.002,0.002,17,2007.922656,7.6
0.9,6.7,16.1,24.8,8,13.5,0.01,0.002,23,2007.922656,3.6
1,6.9,16.3,28.7,8.4,10.2,0.002,0.002,5,2007.922656,4.2
1,7.2,15.6,25,8.3,6.1,0.014,0.002,11,2007.922656,5.8
1.1,7.3,15.6,21.9,8.3,5.2,0.05,0.002,31,2007.922656,4.7
0.8,6.9,16.4,23.1,8.3,8.5,0.003,0.002,6,2007.922656,8.9
0.8,6.9,16.4,23.1,8.3,8.5,0.006,0.002,7,2007.922656,10.9
2.5,6.5,18.1,34.3,8.3,3.2,0.0014,0.002,15.7,2007.922656,2.2
0.9,6.7,16.9,29.8,8.3,7.2,0.002,0.002,5,2007.922656,4.7
1.1,6.2,16.5,33.1,8.3,10.3,0.012,0.004,8.25,2007.922656,2.7
1.2,7,16.9,0.1,7.8,4.2,0.364,0.008,48.875,2007.922656,2.2
1.4,10.54,9.8,16,8.4,3.6,0.103,0.002,77,2008.013689,0.4
1.3,9.39,11.4,27.8,8.4,6.5,0.0062,0.002,13.1,2008.013689,0.4
0.9,10.11,10.1,19.2,8.3,6.9,0.13,0.002,130,2008.013689,0.9
1.4,11.2,11.2,16.8,8.4,5.1,0.047,0.002,29.5,2008.013689,0.4
1.6,9.5,10.9,29.4,8.5,3.4,0.01,0.003,9,2008.013689,0.4
1.4,8.33,15.8,15.4,8.4,3.2,0.196,0.002,114.5,2008.112252,2.4
0.9,7.75,16.8,2.4,7.7,7.6,0.436,0.009,53.22222222,2008.112252,2.9
0.8,7.03,16.7,7.2,8,11.5,0.196,0.012,22.08333333,2008.112252,5.6
0.8,7.03,16.7,7.2,8,11.5,0.173,0.002,133.5,2008.112252,7.4
2.5,7.14,16,30.4,8.3,4.3,0.059,0.002,36.5,2008.112252,3.1
1.3,8.24,16.2,12,8.3,5.6,0.226,0.002,124,2008.112252,4.2
1.2,7.3,16.7,18.5,8.1,6.6,0.138,0.002,84,2008.112252,3.4
0.8,9.35,15.6,6.6,7.5,3.1,0.191,0.003,86,2008.19165,3.1
0.8,9.33,15.3,7.4,7.8,3.9,0.208,0.004,65.5,2008.19165,3.4
0.7,8.61,15.4,4.1,7.5,5.2,0.279,0.006,54.66666667,2008.19165,4
0.3,9.31,16.2,1,7.7,17,0.041,0.004,27,2008.19165,14.1
2.5,8.5,16.4,32,8.3,3.1,0.0062,0.002,8.95,2008.19165,1.6
0.8,9.46,15.9,4.2,8.1,3.9,0.16,0.002,107.5,2008.19165,6.5
0.7,8.94,15.7,11.6,8,9.4,0.143,0.002,103.5,2008.19165,6.5
0.7,7.46,16.1,0.1,8,9.7,0.312,0.008,42.625,2008.19165,2.4
1,6.78,22,17.9,8.2,9.4,0.037,0.002,24.5,2008.303901,5.1
0.9,6.92,21.2,29.1,8.3,9.4,0.008,0.002,9.85,2008.303901,7.8
1.7,7.04,22.4,19.2,8.2,4,0.097,0.002,55.5,2008.303901,2.9
1,7.15,23,4.7,7.6,7.3,0.258,0.002,135.5,2008.303901,4.9
0.4,5.4,23.1,3,8.4,12.5,0.1,0.002,56.5,2008.303901,21.7
1.6,6.64,20.9,30.6,8.3,5.5,0.025,0.002,18.35,2008.303901,3.8
0.8,6.63,21.5,12.9,8.4,11.2,0.178,0.002,101,2008.303901,4.9
0.3,6.34,23.4,35.2,8.3,35.7,0.0062,0.002,26.1,2008.364134,9.8
0.4,6.43,23.5,35.1,8.3,26.2,0.026,0.002,27.5,2008.364134,6
0.8,6.79,23.4,26.4,8.2,8.1,0.16,0.002,96,2008.364134,4.5
0.8,7.17,22.7,13.8,8.2,6.4,0.322,0.002,167.5,2008.364134,6
0.9,6.28,24.1,35,8.3,9,0.0062,0.002,12.1,2008.364134,4.7
0.5,7.1,23.8,30.7,8.3,11.1,0.0062,0.002,12.1,2008.364134,9.2
0.5,6.71,24.1,27.3,8.2,25.1,0.055,0.002,50,2008.364134,14.5
0.8,6.8,25.6,0.1,7.9,11.2,0.623,0.005,130.8,2008.364134,7.6
1.3,6.4,30.2,28.7,8.1,9.9,0.0062,0.002,19.1,2008.438056,4.2
0.3,5.1,29.7,9.2,8,17,0.0062,0.002,32.1,2008.438056,13.8
1.7,5.97,29.6,34.8,8.3,3.5,0.0062,0.002,16.1,2008.438056,2.7
1,6.42,30,22.5,8,3.6,0.0062,0.002,18.1,2008.438056,5.2
0.4,4.6,30.1,26.4,8.1,13.1,0.021,0.003,23,2008.438056,7.5
0.9,6.74,30.8,0.1,7.1,6.4,0.434,0.002,235.5,2008.438056,10.9
1,6.53,29.3,20.9,8,5.8,0.029,0.002,23.5,2008.594114,8
1.5,6.14,28.9,34.1,8,4.5,0.0062,0.004,4.8,2008.594114,5.1
1.8,6.07,29.6,20.5,8,2.1,0.014,0.002,18,2008.594114,4.9
0.3,7.01,30.4,7.8,7.6,9.7,0.0062,0.002,17.6,2008.594114,18.1
0.3,7.01,30.4,7.8,7.6,9.7,0.0062,0.002,15.6,2008.594114,18.8
1.1,5.42,28.8,34.4,8,4.6,0.0062,0.004,4.55,2008.594114,5.1
1.5,5.6,28.2,29,8,4.6,0.0062,0.002,11.1,2008.594114,6.2
1.3,5.54,30.1,0.1,8.4,5.9,0.029,0.003,15.66666667,2008.594114,10.5
0.8,5.95,29.9,14.2,7.6,7.6,0.048,0.003,26,2008.687201,8.3
1.1,5.76,29.4,20.1,7.8,8.1,0.011,0.002,12.5,2008.687201,5.6
1.2,6.27,30.3,21.5,7.8,4.9,0.0062,0.002,13.1,2008.687201,7.6
0.8,5.06,29.8,4.4,7.3,7,0.099,0.007,25.14285714,2008.687201,9.6
0.6,5.68,31.1,10.7,7.2,8.4,0.058,0.002,115.5,2008.687201,16.8
0.6,5.68,31.1,10.7,7.2,8.4,0.052,0.003,114.6666667,2008.687201,15.9
3.5,5.69,28.9,32.7,7.8,2.2,0.0062,0.002,8.95,2008.687201,2.7
1.2,5.49,29.1,20.4,7.8,6.7,0.007,0.002,17,2008.687201,8.9
0.9,5.3,29.8,19.4,7.8,9.1,0.034,0.005,26.2,2008.687201,5.8
0.3,6.34,24.8,24.4,7.8,50,0.0062,0.005,5.24,2008.766598,13
0.8,6.59,24.7,28.9,7.8,12.4,0.0062,0.003,6.4,2008.766598,8.3
0.4,6.45,24.6,31.1,7.8,40.4,0.0062,0.006,3.866666667,2008.766598,10.3
0.7,7.17,25.4,11.3,7.8,11.6,0.223,0.004,60.25,2008.766598,11.2
0.6,6.38,25.7,21,7.7,18.8,0.0062,0.004,6.3,2008.766598,15.2
1,8.1,24.9,30.9,7.8,6.8,0.0062,0.004,4.55,2008.766598,9.4
0.9,6.53,24.9,32.1,7.8,8.6,0.0062,0.002,8.95,2008.766598,8.5
0.7,6.29,25.2,33.2,7.8,13.9,0.0062,0.003,7.4,2008.766598,5.8
1.7,6.99,25.1,0.1,8,3.3,0.335,0.006,80.33333333,2008.766598,5.4
0.8,7.93,18.4,18.9,7.8,7.3,0.117,0.002,69.5,2008.843258,9.4
1,8.37,18.8,16.4,8,5.3,0.131,0.002,77.5,2008.843258,9.8
1.3,7.74,18.5,25.3,7.8,5.2,0.008,0.002,13.5,2008.843258,2.9
1,8.02,18.3,21,7.8,4.4,0.204,0.002,116,2008.843258,5.6
1,8.07,19,7.5,7.6,4.6,0.345,0.002,211.5,2008.843258,5.1
0.5,8.12,19.5,21.4,8,6.8,0.0062,0.002,80.1,2008.843258,13.2
1.5,6.8,19.4,31.9,7.8,2.2,0.0062,0.002,13.1,2008.843258,3.6
1.4,7.2,18,28.1,7.8,4.1,0.0062,0.002,11.6,2008.843258,3.4
1.3,6.85,18.9,31,7.9,5.9,0.0062,0.004,37.8,2008.843258,2.9
0.9,7.88,18.3,0.1,8.2,10.9,0.643,0.007,95.85714286,2008.843258,4.5
1.1,8.96,13.9,12.6,7.8,6,0.374,0.002,194,2009.032854,5.1
1,8.58,14.3,11.9,7.8,5.2,0.362,0.002,186.85,2009.032854,10
1.4,8.48,14,1.1,8,7.4,0.446,0.011,41.81818182,2009.032854,2.4
0.5,9.19,14.3,3.2,7.8,15.4,0.266,0.002,149,2009.032854,22.3
3.5,7.21,16.3,32.5,7.8,4.2,0.0062,0.002,16.6,2009.032854,2.9
1,8.16,14.5,15.1,7.6,6.6,0.241,0.002,137.5,2009.032854,6.9
0.7,7.75,14.8,0.1,8,12.4,0.469,0.011,45.90909091,2009.032854,2.2
1.4,8.26,19.9,7.2,7.1,3.7,0.165,0.002,88.5,2009.186174,3.6
0.2,7.28,18.5,2.6,8.2,50.1,0.203,0.01,37.7,2009.284736,2.2
0.6,7.72,19.7,5.1,8.3,23.7,0.196,0.011,28.54545455,2009.284736,2.7
0.2,7.65,18.6,0.3,8.2,65.9,0.174,0.017,13.11764706,2009.284736,2.7
1.9,6.94,20,30.3,8.4,5.8,0.0062,0.002,9.1,2009.284736,4.7
0.4,7.4,19,1.3,8.4,31.6,0.209,0.015,18.13333333,2009.284736,1.6
0.4,7.07,18.4,0.5,8.3,39.1,0.193,0.018,13.44444444,2009.284736,2.4
0.4,5.93,19,0,6.8,32.2,0.021,0.017,3.411764706,2009.284736,1.3
0.6,3.5,26,29.2,8.2,13.7,0.004,0.001,26,2009.339493,8
0.5,3.2,25.3,23.4,8.2,20,0.042,0.001,120,2009.339493,10
0.4,4.3,25.7,3.6,8.2,27,0.475,0.001,498,2009.339493,15.9
0.3,4.6,26.6,0.5,8.2,48.1,0.2,0.003,73.1,2009.339493,31.5
0.3,4.6,26.6,0.5,8.2,48.1,0.155,0.003,62,2009.339493,29
0.5,3.2,24.6,32,8.2,14.3,0.006,0.001,25.3,2009.339493,6.7
0.7,3,26.6,23.6,8,11.2,0.008,0.001,27.3,2009.339493,4.2
0.7,3.7,26.2,9.7,8.1,19.6,0.193,0.003,85.33333333,2009.339493,9.4
0.8,3.1,25.2,0.1,7.7,16.6,0.516,0.011,51.72727273,2009.339493,3.1
0.9,5.8,28,27.6,7.6,7.3,0.004,0.001,23.3,2009.435318,7.6
0.9,5.6,27.5,8.4,7.8,9.2,0.159,0.005,35.66,2009.435318,8.3
0.8,6.2,28.9,2.9,7.6,10.4,0.222,0.005,60,2009.435318,8.3
0.5,7.4,29.9,1.9,7.9,10.1,0.0025,0.001,21.8,2009.435318,22.6
0.5,7.4,29.9,1.9,7.9,10.1,0.0025,0.001,21.8,2009.435318,23.7
1.5,5.6,25.7,35,7.5,5.4,0.003,0.001,22.3,2009.435318,3.1
0.9,6.7,26.8,12.8,7.9,6.4,0.103,0.001,122.3,2009.435318,9.2
1,6.6,27.2,11.5,7.8,11.5,0.117,0.004,56.75,2009.435318,6
0.6,4.1,26.6,0.1,7.4,13.9,0.259,0.015,20.53333333,2009.435318,2.9
1.1,4.31,29.9,27.6,7.7,12.7,0.014,0.001,33.3,2009.531143,11.2
1.3,4.6,29.3,26,7.8,5.3,0.025,0.001,44.3,2009.531143,4.7
1.2,5.6,28.7,16.3,8,7.2,0.196,0.001,259,2009.531143,4.9
0.7,6.91,31.4,10.1,8.2,8.3,0.008,0.004,13.5,2009.531143,32.2
0.7,6.91,31.4,10.1,8.2,8.3,0.004,0.001,27,2009.531143,16.1
3.5,4.49,29,35.8,7.8,2.8,0.004,0.001,23.3,2009.531143,1.6
1.2,4.86,30.5,25.2,7.8,7.6,0.007,0.001,26.3,2009.531143,9.6
1,3.99,30.1,24.2,7.7,12.3,0.054,0.001,98,2009.531143,11.8
1.3,4.24,29.4,0.1,7.3,5.8,0.396,0.003,138.4333333,2009.531143,6.7
1,7,27.6,16.3,8,12.2,0.098,0.004,30.75,2009.684463,9.4
0.5,8.2,28.1,24.3,8,15.6,0.004,0.001,23.3,2009.684463,11.2
0.7,5.5,28.3,24.8,7.8,13.3,0.032,0.002,53,2009.684463,12.7
0.8,7.4,29.6,6.7,7.8,7.3,0.276,0.001,295.3,2009.684463,6
0.6,5.6,30.8,16.6,7.4,10.2,0.025,0.003,93,2009.684463,27.3
0.6,5.6,30.8,16.6,7.4,10.2,0.024,0.001,182,2009.684463,25
1.6,6.5,28.3,30.5,7.8,4.8,0.004,0.001,23.3,2009.684463,5.4
0.7,7.5,28.3,28.8,7.8,12.8,0.011,0.001,30.3,2009.684463,15.6
0.7,6.2,28.4,29.6,7.8,22.3,0.011,0.006,6.5,2009.684463,7.4
1,6.5,28.3,0.1,7.6,8.7,0.392,0.007,58.75714286,2009.684463,5.6
0.6,6.9,27.2,11.7,7.9,9.7,0.043,0.001,62.3,2009.761123,11.4
1,7.7,27.6,16.6,7.4,3.5,0.009,0.001,28.3,2009.761123,8.9
0.6,6.6,27.3,5.2,7.4,8.5,0.112,0.004,37,2009.761123,7.8
0.5,5.2,28.5,0.6,8,9.5,0.131,0.012,13.83333333,2009.761123,4.7
0.2,7.7,28.1,3.2,7.5,7.9,0.062,0.003,58.33333333,2009.761123,20.8
0.2,7.7,28.1,3.2,7.5,7.9,0.058,0.003,62,2009.761123,16.3
0.7,5.8,27.6,31.7,7.1,7.3,0.004,0.001,23.3,2009.761123,5.6
0.7,6.2,26.8,14,7.3,5.1,0.042,0.001,61.3,2009.761123,12.3
0.8,4.9,26.1,8.4,7.4,13.6,0.12,0.009,27.77777778,2009.761123,5.8
0.5,4.6,25.4,0.1,8.2,11.8,0.136,0.01,15.53,2009.761123,3.1
0.7,7.82,19.1,19.6,6.3,9.2,0.025,0.001,44.3,2009.837782,9.6
0.5,6.42,19.2,0.1,7.6,10.2,0.403,0.006,71.33333333,2009.837782,2.4
0.6,9.1,13.7,2.7,7.4,14.5,0.27,0.008,38.25,2009.933607,2.7
1.5,9.5,13.7,11.4,7.7,6,0.159,0.005,36.6,2009.933607,4.5
1.2,8.8,13.8,3.4,7.2,15.5,0.257,0.006,55.83333333,2009.933607,2
0.6,8.4,13.5,0.2,8,38.2,0.281,0.015,20.46666667,2009.933607,1.8
0.4,7.6,14.3,1.2,8.2,12.3,0.044,0.003,30,2009.933607,2
0.4,7.6,14.3,1.2,8.2,12.3,0.127,0.008,30.125,2009.933607,2
1.4,9.2,14.1,12,7.6,4.5,0.159,0.005,39,2009.933607,5.6
1.7,8.9,14.2,18.9,7.6,4.6,0.858,0.007,125.3285714,2009.933607,2.7
0.4,8.2,13,0,7.2,24.5,0.322,0.007,52.42857143,2009.933607,1.6
0.5,10.57,6.2,1.6,8.1,27.4,0.4,0.006,71.33333333,2010.030116,1.8
1,11.27,5.7,6.1,8,15.6,0.216,0.002,182.5,2010.030116,4.2
0.6,11.06,6.4,0.1,8,25.7,0.441,0.005,92.6,2010.030116,2
0.3,10.7,6.2,0.1,7.8,21.2,0.453,0.009,55.11111111,2010.030116,1.8
0.6,9.99,7.4,15.2,8,24.1,0.194,0.002,106.5,2010.030116,4.5
0.2,8.99,11.7,2.4,8.2,18,0.37,0.007,59.28571429,2010.087611,3.8
0.4,10.56,13.4,0.2,7.6,10.2,0.038,0.003,23,2010.087611,3.1
0.5,8.61,12.2,1.2,8,15.7,0.361,0.008,50.5,2010.087611,4
0.5,8.92,12.1,2.4,7.9,14.5,0.379,0.006,70,2010.087611,4.7
0.5,9.26,12,2.5,8,13.8,0.378,0.006,68.33333333,2010.087611,3.8
0.5,8.57,11.5,0,8.2,25.9,0.343,0.01,39.6,2010.087611,3.1
4,7.55,13.1,33,7.6,2.7,0.005,0.002,16.5,2010.087611,2.7
0.4,8.88,11.8,1.8,8,31.1,0.365,0.007,57.28571429,2010.087611,4.5
0.5,8.78,12.2,4,8.4,17.9,0.43,0.002,226.5,2010.169747,5.1
0.6,8.73,10.3,13.8,8,12.4,0.257,0.002,160.5,2010.169747,5.8
0.2,8.72,13,0.3,8.2,49.4,0.222,0.003,79.9,2010.169747,8.7
0.7,8.96,13.1,0.5,8.4,12.4,0.493,0.002,255.35,2010.169747,7.4
0.2,8.72,13,0.3,8.2,49.4,0.226,0.003,81.23333333,2010.169747,8.9
0.7,8.73,11.7,8,8.1,11.9,0.367,0.002,199,2010.169747,4.7
0.6,8.33,11,20.5,8.2,11.7,0.16,0.002,96,2010.169747,8.9
0.8,7.46,12.9,33.5,8,9.8,0.005,0.002,11.35,2010.169747,13.8
0.4,7.5,12.6,33.4,8,16.2,0.018,0.002,22,2010.169747,17
0.9,7.47,21.1,12.5,7.6,5.5,0.227,0.006,46.5,2010.260096,4.5
1,8.28,22.6,6.6,8.4,4.2,0.326,0.002,171.85,2010.260096,5.6
0.2,6.8,24.4,0.3,7.8,12.8,0.096,0.002,56.85,2010.260096,8
0.2,6.8,24.4,0.3,7.8,12.8,0.114,0.003,43.9,2010.260096,8.7
0.8,8.27,22.6,4.8,7.8,6.3,0.399,0.002,208.35,2010.260096,5.4
1,8.01,21.4,6.2,7.8,5.1,0.334,0.002,175.85,2010.260096,2.9
1.7,7.87,21.7,9.7,8.2,2.8,0.279,0.002,156,2010.260096,2.4
0.7,6.77,21.3,0.1,7.6,10.5,0.471,0.007,71,2010.260096,6
4,7.5,20.5,31.8,8.2,3.4,0.003,0.002,10.35,2010.260096,1.6
1.5,7.9,22.2,11.3,8.1,3.7,0.268,0.002,149,2010.260096,2.4
1,6.62,23.9,16.3,7.4,5.3,0.156,0.004,57.25,2010.339493,5.1
0.8,7.23,25.1,7.7,7.9,7.5,0.4,0.002,208.85,2010.339493,5.8
0.9,6.49,25.5,0.3,7.8,8.7,0.408,0.007,63.42857143,2010.339493,2.9
0.6,7.71,26.2,1.3,8,12.2,0.262,0.002,139.85,2010.339493,12.3
0.8,6.74,25.1,4.1,7.9,7.5,0.364,0.004,98.25,2010.339493,5.4
1,6.99,24.3,13.9,7.5,7.7,0.194,0.002,105.85,2010.339493,8.9
0.8,7.39,24.4,12.9,7.8,8.7,0.264,0.002,140.85,2010.339493,7.8
1.1,4.5,24,0.1,7.9,6.8,0.449,0.005,93.34,2010.339493,0.9
2.1,6.44,23.7,32.7,7.5,3,0.004,0.002,10.85,2010.339493,2.2
0.7,7.25,24.7,8.2,7.9,9.3,0.374,0.003,130.5666667,2010.339493,6.9
0.9,7.4,29.8,19.3,8.2,11.5,0.025,0.002,21.35,2010.43258,13.6
1.1,7.2,29.3,23.6,7.6,6.7,0.026,0.002,21.85,2010.43258,10.5
0.9,8.14,30.8,1.3,8.2,8.1,0.088,0.002,73,2010.43258,15.9
1.2,8.11,29.8,6.2,8.1,6.7,0.317,0.002,172.5,2010.43258,8.5
0.9,8.14,30.8,1.3,8.2,8.1,0.011,0.002,15.5,2010.43258,6.9
0.9,7,29.7,21.9,7.7,6.3,0.03,0.002,23.85,2010.43258,10.5
1.2,7.43,30.6,21.2,8.2,6.4,0.017,0.002,17.35,2010.43258,8
1.3,6.86,29.4,31.2,8.4,6.5,0.003,0.002,10.35,2010.43258,6.2
1.4,5.58,28.6,0.1,7,5,0.504,0.009,61.11111111,2010.43258,3.8
1.6,6.87,29,32.2,8.2,5.2,0.0021,0.002,9.9,2010.43258,4.7
0.6,6.92,29.2,26.1,8.4,20.1,0.037,0.002,27.35,2010.43258,11.2
0.7,6.48,30.4,23,8.2,13.9,0.022,0.002,19.85,2010.528405,13.4
1,5.27,29.8,32.6,8,8.3,0.003,0.002,10.35,2010.528405,7.8
1.2,6.62,30,33.8,8,8.5,0.0021,0.002,9.9,2010.528405,8.9
1.1,5.68,29.5,0.1,7.6,3.2,0.51,0.004,133.5,2010.528405,4.5
0.8,5.95,32.4,6,8.2,11.4,0.005,0.002,11.35,2010.588638,16.1
0.8,5.95,32.4,6,8.2,11.4,0.007,0.002,12.35,2010.588638,15.6
1.5,5.56,32.3,0.1,8.3,5.3,0.339,0.002,178.35,2010.588638,8
0.5,5.68,29.5,23.9,8.1,19.5,0.004,0.002,47,2010.684463,13.4
0.5,6.26,30.4,14,8.4,13.6,0.0021,0.008,8.2625,2010.684463,16.8
0.6,6.2,29,15.4,8,6.8,0.011,0.014,9,2010.684463,14.7
0.5,6.26,30.4,14,8.4,13.6,0.0021,0.002,30.05,2010.684463,16.1
0.8,6.41,29.4,25.6,7.9,5.3,0.0021,0.002,42.05,2010.684463,11.2
0.9,6.39,29.6,30.5,8.4,3.4,0.0021,0.002,30.05,2010.684463,6.9
1.3,6.09,29.9,0.1,7.6,3.5,0.31,0.004,90.75,2010.684463,6.9
2,6.16,29.5,34.1,8.4,4.1,0.003,0.002,28,2010.684463,4.7
0.8,6.09,29.5,27,8.3,7.1,0.0021,0.002,21.05,2010.684463,7.8
1.4,8,19.6,21.2,7.9,5.4,0.027,0.003,14.9,2010.761123,4.5
1,6.57,19.8,20.4,8.1,14.6,0.004,0.002,10.85,2010.761123,24.8
1.6,7.02,19.8,10.5,8.4,5.7,0.33,0.002,173.85,2010.761123,7.6
1,6.57,19.8,20.4,8.1,14.6,0.005,0.002,11.35,2010.761123,22.3
1.1,8.1,20.5,19.1,8.1,6.2,0.076,0.003,32.66666667,2010.761123,9.8
1,6.78,20.1,29.8,8.2,12.8,0.014,0.002,15.85,2010.761123,5.4
2,6.35,23.8,0.1,8.4,3.4,0.52,0.008,67.2125,2010.761123,4
4,5.86,23.9,33.4,8.2,11.7,0.004,0.002,10.85,2010.761123,3.8
2.1,8.65,20.4,22,8,5.5,0.021,0.002,19.35,2010.761123,8.7
0.6,10.24,7,11.1,8,12.4,0.246,0.002,148,2010.950034,6.5
0.4,8.21,8.7,32.9,8.1,23.5,0.008,0.004,50.25,2010.950034,7.2
0.9,11.05,5,11.1,8.2,8.2,0.022,0.002,33.5,2010.950034,7.4
0.9,10.11,6.9,3.9,7.8,8.7,0.389,0.005,96.8,2010.950034,4.9
0.9,11.05,5,11.1,8.2,8.2,0.025,0.002,70.5,2010.950034,7.8
0.7,9.56,9.3,8.8,8.1,15.8,0.152,0.002,127.5,2010.950034,5.8
0.3,8.47,8.5,31.7,8.2,38.5,0.005,0.002,36.5,2010.950034,14.5
1.3,9.08,9.7,0.1,8.1,6.7,0.456,0.008,65.625,2010.950034,1.6
0.4,7.29,11,33.7,8.1,37.3,0.004,0.003,14.66666667,2010.950034,10.3
0.6,9.2,10.8,19.5,8.2,11.3,0.025,0.003,36.33333333,2011.027379,13.4
0.7,9.35,10.9,16.6,8.2,12.9,0.067,0.003,46.33333333,2011.027379,13.4
0.7,9.19,10.5,18.9,8.2,9.2,0.125,0.003,70.33333333,2011.027379,6.7
0.6,9.46,10.8,18.2,8.2,11.5,0.058,0.003,41,2011.027379,13.2
1,9.02,10.6,1.8,8.2,7.7,0.498,0.006,94,2011.027379,2.7
2,7.73,12.2,32.2,8.2,5.5,0.003,0.003,18.66666667,2011.027379,1.3
1,8.87,10.5,21.2,8.2,8.3,0.056,0.003,32.33333333,2011.027379,7.2
1,7.8,11.2,28,8.2,6.5,0.003,0.003,15.33333333,2011.027379,3.8
1.2,9.12,10.7,0.1,8.4,7.2,0.684,0.008,90.375,2011.027379,1.6
0.9,7.92,11.3,16.6,8.2,7.3,0.199,0.006,35.66666667,2011.106776,8.5
0.6,8.18,10.9,10.2,8.2,7.2,0.372,0.003,129,2011.106776,6.7
1.2,7.97,11,17.1,8.2,8.3,0.199,0.003,71.33333333,2011.106776,6.7
0.7,8.63,10.9,11.4,8.1,7.7,0.296,0.003,103.6666667,2011.106776,10.3
0.7,8.1,11.1,3.3,8.4,9.4,0.526,0.003,181.3333333,2011.106776,6.9
0.7,6.34,12.7,35.3,8.2,8.6,0.003,0.003,6,2011.106776,4.5
0.8,7.72,11.6,19.3,8.3,7.7,0.148,0.004,47,2011.106776,8.5
0.6,7.11,11.2,23.3,8,13.5,0.09,0.005,21,2011.106776,8.5
0.7,10.02,8.2,0,8.3,10.8,0.594,0.009,67.66666667,2011.106776,3.8
1.1,8.1,19.1,12.5,8.5,13,0.157,0.003,64.66666667,2011.164271,8.9
0.5,8.1,19.5,11.8,8.4,42.6,0.285,0.003,100,2011.164271,14.7
0.5,7.39,18.8,15.5,8.1,30.8,0.168,0.003,61,2011.164271,16.1
0.7,8.15,18.2,2,8.3,26.6,0.454,0.005,93.8,2011.164271,15.2
1,7.24,18.7,20.7,8.1,15.9,0.047,0.004,15.5,2011.164271,4.7
1.3,6.92,18.9,0.1,8.3,10.3,0.54,0.011,51.27272727,2011.164271,1.8
0.8,6.05,25.7,29.6,8.2,7.9,0.004,0.006,7.5,2011.355921,7.2
0.6,5.61,26.7,24.7,8.1,12.1,0.006,0.004,14,2011.355921,8.5
0.6,6.4,26.3,27.4,8.3,4.9,0.003,0.003,14.33333333,2011.355921,4.2
1.5,6.83,26.2,17.9,8.2,3.1,0.003,0.007,10,2011.355921,7.2
1.6,6.32,25.6,30.4,8.3,2.6,0.003,0.003,14,2011.355921,3.1
1.5,7.9,26.2,16.8,8.4,3.3,0.003,0.004,9.75,2011.355921,8
0.6,6.22,26.9,16.9,8.4,8.6,0.017,0.003,18,2011.355921,10.5
0.9,6.21,26.4,0.1,7.8,8.8,0.4,0.007,62.85714286,2011.355921,5.1
0.7,5.16,29.7,26,7.9,8.6,0.005,0.003,6.666666667,2011.429843,10.3
0.7,5.34,29.7,25.9,7.9,8.4,0.004,0.003,6.333333333,2011.429843,16.3
0.6,6.05,30,18.3,7.9,11.6,0.004,0.003,6.333333333,2011.429843,24.1
0.5,4.88,29.5,8.7,7.9,16.3,0.004,0.003,6.333333333,2011.429843,16.8
0.5,4.88,29.5,8.7,7.9,16.3,0.004,0.003,6.333333333,2011.429843,16.3
1.2,6.12,28.4,32.4,8,9.3,0.004,0.003,6.333333333,2011.429843,4.2
0.4,5.04,29.6,23.7,7.9,19.6,0.01,0.003,10.66666667,2011.429843,12.3
1,6,30.9,0.1,8.1,4.7,0.266,0.003,97.33333333,2011.429843,8
0.4,4.95,29.8,27.5,7.8,8.6,0.003,0.003,8.666666667,2011.528405,10
0.6,5.35,29.7,28.4,8,6.7,0.003,0.003,7,2011.528405,11.2
1.1,5.01,30,32,7.9,4.6,0.007,0.003,14.33333333,2011.528405,8.3
0.6,5.16,30,19.8,7.9,6.2,0.018,0.003,18,2011.528405,14.7
1.9,4.91,30.5,0.1,7.3,4.3,0.208,0.005,50.4,2011.528405,4.9
0.7,5.43,30.4,29.9,8,15.6,0.003,0.003,6,2011.5859,8.3
1,5.86,30.2,17.1,8,7.9,0.004,0.003,6.333333333,2011.5859,11.8
1,6.01,30.1,27,8.1,5.6,0.003,0.003,6,2011.5859,8.3
0.8,5.36,30.1,19.5,7.6,5.4,0.039,0.003,18,2011.5859,13.8
2.5,4.18,29.8,32.3,7.9,3.6,0.003,0.003,9.666666667,2011.5859,5.1
1.2,6.45,30.2,18.7,8,5.6,0.003,0.003,6,2011.5859,13.6
0.7,4.81,30.5,19.6,7.7,12.6,0.03,0.003,32,2011.5859,14.5
1.4,5.44,26.9,30.3,7.8,9.3,0.008,0.004,11.25,2011.681725,4.9
2.1,6.12,24.7,24.9,7.9,7.5,0.029,0.003,14.66666667,2011.681725,7.4
2,6.4,25.4,26.7,8,5.8,0.004,0.003,6.333333333,2011.681725,5.4
2.2,6.08,24.7,21.5,7.7,8.3,0.047,0.003,27.33333333,2011.681725,5.8
0.7,6.37,25.4,16.6,7.8,6.2,0.07,0.003,34.33333333,2011.681725,6.9
0.4,4.73,27.4,31,7.9,11.5,0.003,0.003,6,2011.681725,4
0.5,6.7,25.5,24.1,8,8.9,0.003,0.003,6,2011.681725,17.6
0.5,5.69,25.8,20.3,7.8,11.5,0.065,0.003,49.66666667,2011.681725,10
1,7.99,22.9,20.4,8.4,6,0.01,0.003,8.333333333,2011.758385,11.8
1.2,7.42,22.9,22.7,8.3,9.4,0.01,0.003,8.333333333,2011.758385,7.4
1.4,7.61,22.4,12.1,8.1,5.6,0.006,0.004,14.75,2011.758385,12.1
1,7.37,23.1,13.8,8.2,5.2,0.003,0.004,7.25,2011.758385,11.2
1,7.37,23.1,13.8,8.2,5.2,0.004,0.007,6.142857143,2011.758385,11.4
0.7,6.42,23.1,26.1,8.2,23.8,0.003,0.003,21.66666667,2011.758385,6.2
0.5,9.08,17,21.7,8.1,25.3,0.014,0.004,10.5,2011.835044,11.2
0.2,7.74,17.5,31.7,8.2,101.6,0.004,0.003,8.666666667,2011.835044,12.1
1,6.52,17.4,13.5,8.1,11.4,0.107,0.004,40.25,2011.835044,4
0.9,6.18,18.4,19.3,8.1,10.2,0.004,0.003,6.333333333,2011.835044,7.4
0.9,6.18,18.4,19.3,8.1,10.2,0.003,0.003,7.666666667,2011.835044,8.3
0.2,5.83,18.2,34.5,8.1,66.3,0.004,0.003,7.333333333,2011.835044,6
0.5,8.52,13.5,21,8,23.5,0.05,0.007,9.285714286,2011.947296,13.2
0.7,8.51,13.6,20.9,8.1,14.7,0.036,0.007,8.142857143,2011.947296,11.4
1,8.32,13.7,27,8.1,9.3,0.003,0.003,9.333333333,2011.947296,4.5
0.8,8.52,13.3,24.2,8,16.8,0.014,0.009,3.333333333,2011.947296,7.4
1,8.59,15,12.7,8.2,5.9,0.218,0.003,86.33333333,2011.947296,5.8
0.4,9.21,14.4,19,8.2,11.5,0.003,0.003,18,2011.947296,8.9
0.4,9.21,14.4,19,8.2,11.5,0.003,0.003,10.66666667,2011.947296,8
0.1,7.63,14.5,29.8,8,19.9,0.003,0.004,11.25,2011.947296,6
1.1,8.15,13.5,28.9,8,11.8,0.003,0.006,7.5,2011.947296,3.4
0.8,8,14,28.4,8,9.2,0.007,0.003,13,2011.947296,3.4
1.8,8.62,15.1,0.1,8.3,6.7,0.43,0.008,57.375,2011.947296,1.6
1.4,9.05,16.2,20.7,8.5,6.8,0.08,0.003,41.33333333,2012.024641,3.8
1.2,8.79,15.6,30,8.3,13.2,0.0024,0.003,20.13333333,2012.024641,3.13
1.1,7.54,15.7,0.1,8.5,5.4,0.551,0.006,96.66666667,2012.024641,1.34
1,8.05,18,15,8.1,6.2,0.168,0.005,38,2012.1013,4.24
1.1,8.47,18.2,15.9,8.2,5.6,0.088,0.007,14.42857143,2012.1013,5.14
1.3,8.03,18,16.9,8.1,4.6,0.133,0.006,28.16666667,2012.1013,7.37
0.7,8.03,17.6,4.1,8.3,8.9,0.335,0.007,51,2012.1013,8.71
1.1,7.73,18.5,19.9,8.1,6.9,0.081,0.005,20,2012.1013,6.7
1,7.23,16.7,0.1,8.5,10.6,0.462,0.01,53.2,2012.1013,2.01
0.8,6.76,17.5,31.9,8.2,12.3,0.005,0.003,26,2012.175222,8.27
0.6,6.26,17,31.4,8.2,15.2,0.004,0.003,22.33333333,2012.175222,8.27
0.7,7.24,17.2,23,8.3,11.8,0.003,0.003,21.66666667,2012.175222,10.95
0.9,5.82,17.7,10.6,8.2,11.7,0.51,0.003,183.6666667,2012.175222,8.04
0.5,4.8,24.5,36.2,8.1,27.6,0.0024,0.003,6.133333333,2012.257358,6.03
1,4.5,24.9,32.6,8.1,11.7,0.003,0.003,5.333333333,2012.257358,4.92
1.7,5.42,24.7,29.8,8.2,1.9,0.0024,0.003,6.466666667,2012.257358,2.23
1.5,5.01,25.3,25.4,8.2,3.1,0.051,0.004,18.25,2012.257358,5.59
1.6,4.8,24.9,22,8.2,2.3,0.097,0.005,22.6,2012.257358,4.24
1.3,4.3,25.6,16,8.1,6.5,0.154,0.003,65.66666667,2012.257358,5.81
2,5.72,26.8,32.2,8.2,4,0.004,0.003,8.333333333,2012.353183,2.9
1.2,5.66,27.4,27.6,8.2,5.4,0.0024,0.003,5.133333333,2012.353183,5.81
1.2,5.64,27.2,30.4,8.2,8.7,0.0024,0.003,5.8,2012.353183,7.37
1.6,6.32,26.9,24.9,8.3,3.2,0.006,0.003,6.333333333,2012.353183,3.13
1.2,5.78,28,16.5,8,5.8,0.045,0.003,20,2012.353183,8.71
2,5.96,26.1,34.1,8.1,2.4,0.003,0.003,7.666666667,2012.353183,1.56
1.6,6.45,26.9,19,8.2,4.8,0.077,0.003,32.66666667,2012.353183,6.26
1.6,6.11,27,0.1,8.3,6.2,0.451,0.003,168.6666667,2012.353183,4.92
1.1,5.68,28.8,34.6,8.3,10.2,0.004,0.003,5.666666667,2012.503765,2.46
1.4,5.98,28.8,28.6,8.1,5.2,0.0024,0.003,5.133333333,2012.503765,2.01
0.7,5.52,30.3,12.3,7.7,6.3,0.081,0.003,46,2012.503765,3.35
1.1,6.5,29.1,26,8.3,3.6,0.014,0.003,9,2012.503765,3.13
0.6,5.18,29.5,19.6,8.3,9.5,0.057,0.005,25.2,2012.503765,8.04
1.4,5.82,29.6,31.8,7.9,7.4,0.0024,0.003,13.46666667,2012.599589,4.47
1.2,5.98,29.5,27.4,7.9,4.9,0.0024,0.003,5.133333333,2012.599589,5.14
1.9,5.9,30,31.8,7.9,4.2,0.004,0.003,6,2012.599589,3.8
1.3,6.21,30,25.1,7.9,3.5,0.0024,0.003,14.46666667,2012.599589,4.47
3,6.84,29.8,37,7.8,3.9,0.005,0.003,6,2012.599589,1.79
1.2,5.63,30.2,24.4,7.9,6.3,0.018,0.003,10.33333333,2012.599589,7.82
1.2,5.13,30.1,23.6,7.8,6.5,0.049,0.003,33,2012.599589,6.7
1.3,5.25,29.7,0.1,7,4.7,0.115,0.003,45.33333333,2012.599589,2.01
0.9,5.48,29.8,11.7,7.7,8.2,0.095,0.003,55.66666667,2012.676249,11.4
0.4,6.55,29.8,21.4,8.2,19.7,0.007,0.003,11,2012.676249,8.71
0.8,6.16,28.5,32.2,8.3,9.3,0.005,0.003,8,2012.678987,8.71
1.2,6.09,28.8,32.9,8.3,8.7,0.003,0.003,5.333333333,2012.678987,10.72
0.7,6.09,28.5,29.2,8.3,12.3,0.0024,0.003,10.8,2012.678987,10.06
1,6.03,26.7,29.4,8.3,11.8,0.004,0.003,5.666666667,2012.752909,8.71
0.6,6.58,26.7,13.7,8.2,13.8,0.037,0.003,16.66666667,2012.752909,12.07
0.4,6.2,26.9,15.6,8.1,30.1,0.016,0.003,19.66666667,2012.752909,23.91
0.4,6.2,26.9,15.6,8.1,30.1,0.012,0.003,8.333333333,2012.752909,23.02
0.4,5.7,26.8,27,8.2,51.6,0.015,0.003,19,2012.752909,12.29
1.7,6.03,27,0.1,8,4.4,0.215,0.008,28.5,2012.752909,4.47
0.6,6.66,20,34.8,8.3,16.2,0.004,0.003,5.666666667,2012.848734,4.47
0.9,7.35,19.8,30.1,8.4,6.2,0.006,0.003,17.33333333,2012.848734,3.13
0.7,6.78,20.3,34,8.3,11.2,0.005,0.003,21,2012.848734,4.24
1.2,7.37,19.9,15.1,8.3,4.2,0.056,0.005,19.6,2012.848734,3.13
0.8,7.31,21.7,17.2,8.5,7.5,0.006,0.003,14.66666667,2012.848734,12.07
0.8,7.31,21.7,17.2,8.5,7.5,0.004,0.003,9,2012.848734,8.49
3,6.56,20.4,35.6,8.3,2.2,0.005,0.003,13.66666667,2012.848734,1.34
1.7,7.3,20.5,29.5,8.4,3.4,0.004,0.003,11.33333333,2012.848734,2.23
1.1,7.15,19.9,25.6,8.4,4.2,0.006,0.003,25.33333333,2012.848734,3.13
1.8,7.63,17.5,34.6,8.1,5.3,0.0024,0.003,13.8,2012.903491,2.23
1.1,8.67,16.4,28.9,8.2,7.2,0.025,0.003,17.66666667,2012.903491,5.36
1.4,8.1,16.4,31,8.1,2.2,0.003,0.003,5.333333333,2012.903491,1.34
1.2,8.53,16.6,28.1,8.2,5.6,0.004,0.003,15.33333333,2012.903491,4.24
1,8.89,15.9,25.2,8.2,5.4,0.004,0.003,20.33333333,2012.903491,5.14
3,7.54,17.9,35.4,8.1,2.9,0.0024,0.003,14.46666667,2012.903491,1.56
1.5,8.23,16.3,29.1,8.1,2.1,0.0024,0.003,9.8,2012.903491,1.56
1.5,8.28,16.3,29.4,8.1,4.7,0.004,0.003,15,2012.903491,2.46
2,9.17,16.5,0.1,8.3,3.6,0.218,0.005,47.2,2012.903491,1.79
0.6,9.28,12.4,18.6,8.3,11.7,0.161,0.003,58,2013.019165,10.72
0.6,9,12.5,21.7,8.2,7.6,0.181,0.003,74,2013.019165,1.34
1.8,9.4,13.4,13,8.4,3.9,0.255,0.003,89.33333333,2013.019165,1.34
1.4,9.68,13.2,21.3,8.5,7.8,0.005,0.003,8.666666667,2013.019165,9.83
1.4,9.68,13.2,21.3,8.5,7.8,0.006,0.003,9,2013.019165,10.06
1.4,7.97,12.9,35.2,8.4,8.1,0.004,0.003,5.666666667,2013.019165,2.23
0.7,10.14,13.9,9.3,8.2,16.7,0.197,0.003,90.66666667,2013.169747,6.7
0.3,9.11,14.2,2.9,7.8,33.7,0.24,0.004,82.5,2013.169747,3.35
0.2,8.24,13.6,0.5,7.8,50.3,0.262,0.014,24.42857143,2013.169747,2.46
0.3,8.13,14.3,0.1,8.5,45.6,0.237,0.023,13.26086957,2013.169747,2.23
3,8.16,16,34.7,8.2,3.6,0.003,0.003,25.33333333,2013.169747,2.9
0.5,9.34,14.4,3.7,8.3,26.2,0.231,0.006,58.66666667,2013.169747,4.47
0.5,8.83,13.9,0.8,8.2,40.3,0.225,0.016,18.0625,2013.169747,1.56
0.4,8.02,13.3,0,8.5,41.3,0.25,0.017,17.82352941,2013.169747,1.56
1.1,7.25,17.4,35,8.2,8.8,0.002,0.003,24.33333333,2013.249144,5.81
1.4,7.9,18.5,16.2,8.4,6.3,0.091,0.003,53.66666667,2013.249144,7.82
1.7,8.21,18.6,15.7,8.2,5.2,0.143,0.003,63.66666667,2013.249144,4.47
0.8,8.04,18.3,2.1,8.4,13.1,0.335,0.006,64.66666667,2013.249144,6.48
1.4,8.43,19.2,7.1,8.2,9.7,0.288,0.003,140.6666667,2013.249144,7.82
0.8,8.06,18.9,7.4,8.3,19.4,0.276,0.003,113,2013.249144,10.5
0.9,6.43,21.3,35.5,8.1,12.7,0.003,0.003,39,2013.347707,4.47
1,7.09,21.2,33.4,8.1,6.6,0.002,0.003,29,2013.347707,3.35
0.9,6.87,21.5,34.7,8.1,12.4,0.002,0.003,25.66666667,2013.347707,6.48
0.9,7.69,20,13.7,8.1,7.5,0.05,0.003,37.66666667,2013.347707,4.24
0.6,9.3,21.8,6.3,8.5,6.4,0.192,0.003,89.33333333,2013.347707,5.81
0.6,9.3,21.8,6.3,8.5,6.4,0.113,0.003,76.33333333,2013.347707,8.04
1.6,6.53,21.4,34.2,8.1,6.5,0.013,0.003,32,2013.347707,2.9
1.4,7.86,21.2,16.5,8.3,4.9,0.11,0.003,61.33333333,2013.347707,3.35
1.3,7.91,21.6,15.9,8.3,8.9,0.1,0.003,55,2013.347707,5.59
0.7,6.82,19.9,0.1,8.1,14.2,0.4,0.012,40.66666667,2013.347707,2.23
1.3,7.81,29.3,11.5,8,6.5,0.005,0.003,7,2013.418891,8.71
1.5,7.8,28,14.2,8.1,4.1,0.086,0.004,25.75,2013.517454,5.7
0.8,6.65,27.7,5.3,7.8,11.4,0.18,0.005,41.4,2013.517454,11
0.8,7.9,27.5,13.3,8,7.2,0.15,0.004,43.5,2013.517454,5.5
1,7.54,28.5,11.8,7.8,9.5,0.16,0.005,42.8,2013.517454,6
0.3,3.31,27.4,0.8,7,14.3,0.024,0.004,23.5,2013.517454,2
0.3,3.31,27.4,0.8,7,14.3,0.017,0.004,23.5,2013.517454,1.7
3,6.3,28,31.5,8,3.2,0.022,0.004,9.5,2013.517454,2.8
1.3,6.7,27.8,16.1,8,6.9,0.087,0.004,30.75,2013.517454,8.2
1.1,5.69,27.7,24.1,7.9,11.3,0.036,0.004,25.25,2013.517454,6.8
0.5,5.24,25.7,0.1,7.9,24.8,0.3,0.014,24,2013.517454,4.1
1.1,8.32,30,3.6,8.2,7.3,0.015,0.004,6,2013.610541,13
1.1,6.63,30,2.7,7.9,8.2,0.11,0.005,23.4,2013.610541,13
0.9,5.79,29.2,0.3,7.9,9.3,0.22,0.015,16.26666667,2013.610541,6.2
3,5.8,30.5,33.8,8,2.4,0.004,0.004,2.5,2013.610541,2.8
1.7,5.91,30.8,21.5,7.8,8.4,0.019,0.004,9.5,2013.610541,11
1,5.49,28.1,2.1,7.6,8.7,0.19,0.008,28.25,2013.673511,5.5
0.8,4.71,27,0.2,7.8,5.4,0.18,0.012,17.91666667,2013.673511,3.4
3,5.24,29.5,30.9,8,3.7,0.004,0.004,2.75,2013.673511,3.4
1.2,7.38,29.6,7.3,8.2,4.6,0.04,0.004,12.25,2013.673511,8.2
0.7,4.29,26.8,0.1,7.7,6.4,0.24,0.015,17.4,2013.673511,1.2
0.7,5.99,25.8,20.9,8,20.9,0.11,0.004,37.25,2013.766598,8
1.8,6.26,25.6,25.8,8,7.1,0.05,0.004,14.5,2013.766598,6.9
1.3,6.17,25.3,22.3,8,6.4,0.12,0.004,36,2013.766598,6.6
0.8,6.21,25.4,2.9,7.9,8.8,0.34,0.006,61.83333333,2013.766598,3.3
0.3,4.96,26.3,11.8,7.9,6.6,0.049,0.004,36,2013.766598,26
2,5.72,26.7,34.2,8,7.6,0.006,0.004,3.5,2013.766598,7
0.5,5.98,25.8,25,8,14.9,0.069,0.005,20.4,2013.766598,7.4
1.3,4.81,25,0.1,8.4,6.9,0.41,0.007,61.57142857,2013.766598,2.1
1.3,7.81,20.7,18.4,8.1,6.5,0.12,0.006,22.33333333,2013.824093,8.4
1.1,7.92,21.6,18.8,8,5.3,0.11,0.005,23.8,2013.824093,8.9
0.9,5.99,22.6,26.7,8,8.1,0.005,0.005,2.8,2013.824093,12
1.7,6.88,20.8,31.7,8,7.3,0.009,0.004,5.25,2013.824093,2.7
1,8.81,16.2,27.8,8,8.9,0.091,0.004,26.25,2013.919918,3.5
1.5,8.36,16.9,30.7,8,2.1,0.055,0.004,16.5,2013.919918,3.7
2,10.57,16,17.7,8.2,1.8,0.24,0.005,49.2,2013.919918,3.3
3,8.22,16.5,32.5,8,2.4,0.024,0.004,7.75,2013.919918,2.1
1.3,9.4,15.9,29,8,3.2,0.029,0.004,9,2013.919918,9.4
1.1,10.69,11.9,6.8,7.8,12.3,0.33,0.004,89.5,2014.032854,6.6
1.5,10.87,10.9,8.7,8.1,6.4,0.32,0.004,85.75,2014.032854,3.7
1.1,10.7,11.4,3.5,8.1,11.1,0.38,0.005,79.6,2014.032854,3.3
0.7,9.97,11.3,0.3,7.6,14.3,0.42,0.008,55.125,2014.032854,3.2
1.3,11.5,10.9,6.6,8.2,5.9,0.32,0.004,84,2014.032854,7.3
1.1,10.53,11.2,7.2,8.1,7.5,0.32,0.004,85.25,2014.032854,5.4
0.9,9.17,11.2,0.1,7.6,13.6,0.41,0.008,53.625,2014.032854,1.7
2,9.77,14.8,27.1,8.1,3.5,0.07,0.004,19.5,2014.109514,8.1
1.2,11.15,14.8,13,8.3,4,0.11,0.004,29.75,2014.109514,15
1.5,11.19,12.9,17.6,8.2,1.5,0.17,0.004,44.75,2014.109514,3.3
1.5,10.99,14.8,4.5,8.5,5.3,0.58,0.004,148.5,2014.109514,3.5
0.7,10.1,14.7,4.6,8.3,3.9,0.37,0.004,95.75,2014.109514,9.2
0.7,10.1,14.7,4.6,8.3,3.9,0.21,0.004,56.75,2014.109514,18
3,8.76,14.4,31.2,8.1,1.4,0.017,0.004,6.25,2014.109514,1.7
1.3,11.78,14.3,8.4,8.3,3.4,0.35,0.004,89.75,2014.109514,6.8
0.9,8.83,15.9,5.4,7.6,7.9,0.31,0.004,79.5,2014.169747,5.8
1.1,8.34,18.6,3.7,7.6,3.7,0.34,0.005,75.4,2014.246407,5.3
0.6,7.51,17.5,0.2,7.1,4.7,0.42,0.011,40.81818182,2014.246407,4.7
0.6,8.1,24.6,0.8,7.5,3.4,0.32,0.005,71.2,2014.342231,8.1
1.3,7.05,30,16.1,8.5,3.6,0.008,0.004,5.5,2014.594114,9
0.7,7.39,30.9,19.4,8.3,3.7,0.006,0.004,4.5,2014.670773,11
0.9,5.61,31.1,23.2,8.2,6.7,0.004,0.004,13,2014.670773,9.6
0.5,9.42,13.4,6.7,7.4,11.5,0.21,0.006,61.66666667,2015.013689,3.2
0.7,8.58,14.3,0.1,7.5,7.8,0.24,0.008,31.625,2015.013689,0.6
1.2,9.58,13.8,0.1,7.4,6.6,0.67,0.007,97.57142857,2015.112252,5.2
1.5,9.3,17.2,26.6,7.9,3,0.028,0.004,9.25,2015.186174,2.3
0.8,7.8,24.1,5.1,7.8,7.9,0.28,0.005,59,2015.344969,13
1.3,6.53,28.9,27.3,8,2.6,0.004,0.004,3,2015.511978,4
3.5,6.14,28.5,36.1,7.9,2.1,0.004,0.004,11.75,2015.511978,1.2
1.3,7.8,22.7,23.6,8.1,2.5,0.048,0.004,13.5,2015.761123,5.4
1,7.85,22.5,18.4,8.1,4.8,0.086,0.004,25.5,2015.761123,7.8
1,7.64,22.4,25.1,8.1,7.4,0.006,0.004,3.25,2015.761123,7.5
1,7.71,22.3,9.5,7.9,5.4,0.19,0.004,52.25,2015.761123,7.2
1.7,6.14,25.4,31.4,8,2.8,0.082,0.004,25,2015.837782,1.9
1.5,8.68,20.8,15.2,7.9,3.1,0.14,0.004,38,2015.914442,3.9
0.3,9.3,12.5,0.8,7,30,0.21,0.008,29.875,2016.032854,1.7
0.3,10.3,11.9,1.1,7.2,34.2,0.23,0.01,27.5,2016.032854,1.9
3,8.5,14.8,33,8.1,2.3,0.004,0.004,2.75,2016.032854,2
0.3,9.9,12.1,0.6,8.3,30.5,0.23,0.01,26.4,2016.032854,1.3
0.3,9.4,12.1,0.6,8.1,29.5,0.22,0.01,25.1,2016.032854,1.5
0.3,9.5,11.9,0,7.8,32.8,0.25,0.013,21.23076923,2016.032854,1.2
0.5,9.3,14.7,22.4,8.1,21.5,0.11,0.004,30,2016.128679,10
0.9,10.4,14.5,10.2,7.9,7.9,0.24,0.004,63.5,2016.128679,9.3
1.3,11.7,14.4,10.2,8.3,6.5,0.22,0.005,46.6,2016.128679,9.6
0.4,10.1,13.6,1.2,7.6,24.3,0.42,0.009,47.44444444,2016.128679,2.9
0.5,9.8,13.7,0.4,7.9,24.2,0.42,0.008,53.125,2016.128679,5.6
1.1,8.5,15.4,33.5,8.1,5.7,0.004,0.004,9.75,2016.128679,2.3
1,10,14.5,3.1,8,16.4,0.38,0.006,65.16666667,2016.128679,7.3
0.4,9.6,13.3,0,8.3,26.3,0.48,0.01,49.4,2016.128679,3.3
1.1,10.5,18.2,5.7,8.3,7.8,0.34,0.004,86.5,2016.164271,1.9
1.6,10.5,17.3,12.3,8.4,2.7,0.2,0.004,51.5,2016.164271,1.9
0.6,10,17.3,2,8.4,18.9,0.47,0.006,79.5,2016.164271,5.5
0.5,9.7,15.3,0.1,8.3,21.6,0.5,0.008,63.375,2016.164271,6.2
2.5,9,16.9,30.8,8.2,2.4,0.004,0.004,2.25,2016.164271,1.2
0.6,10.3,16.6,2.4,8.4,13,0.43,0.004,109,2016.164271,3.6
0.8,10.8,17,7.3,8.1,7.4,0.28,0.004,71.5,2016.164271,7.9
1.1,10.5,18.2,5.7,8.3,7.8,0.35,0.004,89.25,2016.164271,2.9
0.9,8.3,23.8,14.6,8.3,5.8,0.11,0.004,30.75,2016.355921,8.4
1.3,8.3,23.6,19.9,8.3,3.4,0.06,0.004,16.75,2016.355921,5.6
1.3,8.7,23.9,10.8,8.2,3.2,0.18,0.004,47.5,2016.355921,7.4
0.4,8.5,24,3.4,8,14.1,0.32,0.004,82.5,2016.355921,13
1.4,8.2,23.4,14.9,8.2,3.5,0.12,0.004,32,2016.355921,7.4
1.2,8.2,23.2,17.5,8.1,5.9,0.084,0.004,25.25,2016.355921,12
0.5,6.7,22.9,0.1,8.3,23,0.57,0.004,150.5,2016.355921,3.6
1.2,8.2,23.2,17.5,8.1,5.9,0.083,0.004,23.25,2016.355921,11
1.5,6.9,27.7,34.2,8.3,7.2,0.004,0.004,1.75,2016.416153,8.1
1,7.3,29.4,21.1,8.4,5.7,0.004,0.004,2.25,2016.416153,8.5
1.3,7.4,28.8,31.2,8.3,3.5,0.004,0.004,2,2016.416153,6.4
0.9,8.3,29.5,18.1,8.5,5.7,0.021,0.004,6.75,2016.416153,13
1,7.3,28,8,8.1,6.5,0.19,0.004,48.5,2016.416153,15
0.5,7.3,28,3.2,8.5,7.9,0.009,0.004,3.75,2016.416153,12
0.5,7.3,28,3.2,8.5,7.9,0.01,0.004,4,2016.416153,13
3,7.2,26.8,33.8,8.3,3.2,0.004,0.004,8.25,2016.416153,1.6
1.2,7.7,28.3,14.6,8.5,4.8,0.077,0.004,20.5,2016.416153,9.8
1,8.1,28,10.5,8.4,7.9,0.089,0.004,23.25,2016.416153,15
1.3,6.6,30.2,32.7,8,5.2,0.004,0.004,2.75,2016.50924,3.8
1.3,6.6,30.6,31.6,8,6.3,0.004,0.004,3,2016.50924,5.3
1.3,6.9,30.5,32.8,8.1,4.1,0.004,0.004,3.25,2016.50924,4
1.4,6.7,30.9,30.6,8.1,4.9,0.004,0.004,3.25,2016.50924,8.5
1,6.7,29.9,14.1,7.9,7.2,0.16,0.004,42.25,2016.50924,12
0.1,6,29.9,1.8,7.8,15.9,0.02,0.004,22,2016.50924,7.5
0.1,6,29.9,1.8,7.8,15.9,0.024,0.005,23.4,2016.50924,8.1
3,6.4,28.7,34,8,2.4,0.004,0.004,3.5,2016.50924,2.6
1.2,6.9,29.8,28.5,8,3.8,0.004,0.005,2.8,2016.50924,4
0.9,6.6,30.3,15.2,8,9.6,0.049,0.005,14.4,2016.50924,14
1.3,6.3,30.3,0.2,8.2,8.3,0.47,0.004,120.25,2016.50924,9.4
1.3,6.3,31.4,30.4,8,7.7,0.004,0.004,2.5,2016.5859,4.7
1,7,31.3,20.8,8.3,9.5,0.004,0.004,2.25,2016.5859,10
1.2,6.5,31.6,28.1,8.1,4.68,0.004,0.004,2.25,2016.5859,6.4
1,7.2,31,19.1,8.2,4.2,0.008,0.004,3.5,2016.5859,9.3
0.9,6.6,29.9,12.7,7.6,6.31,0.03,0.004,9,2016.5859,14
0.4,4.2,30.4,8,7.5,12.32,0.032,0.005,28.4,2016.5859,16
0.4,4.2,30.4,8,7.5,12.32,0.03,0.004,32,2016.5859,18
3.1,6.2,30.6,30.2,8.1,1.93,0.004,0.004,2.5,2016.5859,3.8
1.3,6.2,30,22.5,7.9,3.86,0.004,0.004,2.25,2016.5859,8.5
0.8,5.4,30.7,20.3,7.9,10.42,0.005,0.004,5.5,2016.5859,10
1.2,6.4,29.1,24.8,7.9,6.16,0.004,0.004,3.25,2016.698152,8.1
0.7,6.1,28.7,16.8,7.6,7.56,0.071,0.004,25.5,2016.698152,11
0.6,4.8,30.5,20.3,7.4,5.05,0.004,0.004,12.25,2016.698152,12
0.6,4.8,30.5,20.3,7.4,5.05,0.004,0.004,17.25,2016.698152,16
1.3,6.3,29.2,28.7,7.9,4.02,0.004,0.004,3.25,2016.698152,5.8
0.9,6,29.5,27.5,7.6,9.29,0.004,0.006,1.833333333,2016.698152,5.7
0.5,6.2,28.6,19.7,7.8,22.9,0.051,0.006,12.83333333,2016.70089,8.1
0.7,6,29.1,26.2,7.7,10.94,0.004,0.004,5,2016.70089,8.3
1.5,7.17,25.7,20.33,7.8,3.3,0.004,0.004,2.75,2016.755647,6.4
1.4,7.97,19.1,26.67,8.2,3.11,0.028,0.004,8.75,2016.933607,3
1.3,8.68,18.8,24.09,8.1,1.2,0.004,0.004,3.75,2017.008214,3
1.2,8.7,18,4.72,7.5,2.5,0.33,0.004,88.75,2017.008214,5.4
0.8,9.28,15.5,3.45,7.5,11.1,0.25,0.004,64.75,2017.098563,2
0.9,6.45,30.6,11.5,8.2,4.7,0.02,0.004,7,2017.506502,13
1.1,8.29,29.7,5.76,8.3,4.5,0.009,0.004,3.25,2017.599589,13
1.4,9.09,17.8,22.09,8.1,1.56,0.052,0.004,14.25,2017.903491,4.7
3.4,7.78,17.8,33.69,8.1,1.6,0.004,0.007,1.285714286,2018.180698,1.7
0.4,6.52,24.1,4.66,7.7,27.7,0.004,0.004,10,2018.347707,12
0.8,6.87,27.3,35.1,8,2.74,0.004,0.004,1.75,2018.424367,6.7
1,5.85,27.9,34.72,8,3.44,0.004,0.004,1.75,2018.424367,6.5
1.8,6.41,27.1,34.94,8,1.4,0.004,0.004,1.75,2018.424367,2.1
0.8,6.48,28.8,5.79,7.7,5.34,0.12,0.004,35,2018.596851,8.3
0.2,4.35,28.6,1.38,6.3,5.1,0.018,0.004,25.75,2018.596851,2.4
0.8,5.77,30,25.95,8,5.2,0.005,0.004,2,2018.596851,13
1,7.13,30.4,0.07,7.5,2.11,0.34,0.004,86.25,2019.709103,7.7
1.9,7.5,17.8,37.97,8.1,2.3,0.004,0.004,2,2019.919918,2.7
0.6,8.18,15.6,34.46,8.1,12.7,0.014,0.004,4.75,2020.090349,14
0.8,9.06,12.7,0.05,8,8.8,0.41,0.014,30.57142857,2020.090349,1.6
0.3,8.04,22.7,0.53,7.1,14.6,0.004,0.005,1.6,2020.205339,23
0.4,8.22,18.9,0.17,7.1,22.8,0.29,0.012,25.33333333,2020.205339,4.9
0.4,7.98,18.4,0.03,7.5,21,0.29,0.012,25.33333333,2020.205339,3
0.8,6.88,28.1,27.13,8.2,6.2,0.031,0.004,9,2020.517454,8.2
0.9,6.73,29.4,7.45,7.9,3.6,0.009,0.004,3.5,2020.610541,13
1.3,8.07,19.2,28.49,8.1,3.5,0.023,0.004,7.5,2020.898015,3.9
1.7,9.62,15.1,15.26,8.2,1.89,0.23,0.004,58.5,2021.010951,4.7
0.8,8.03,30.7,14.12,8,3.36,0.023,0.004,8,2021.605065,9.3
0.7,8.34,20,28.4,8.1,10.4,0.046,0.004,13,2021.835044,13
2.2,9.29,15.1,21,8.3,1.09,0.087,0.004,23.25,2021.911704,4.3
