Act Date,LongDeg,Station ID,LongMin,LatDeg,LongSec,LatMin,LatSec,Lat,Long,Salinity(ppt),ATemp_max_1dlag,"Wind direction (direction from, expressed 0-360 deg)",ATemp_max_7dlag,ATemp_max_3dlag,Wind velocity,pH,Phosphorus as P (mg/L),Turbidity(NTU),ATemp_max_5dlag,"Nitrogen, Kjeldahl (mg/L)",ATemp_max,ATemp_max_2dlag,ATemp_max_4dlag,Temperature (deg cels),ATemp_max_6dlag,Chlorophyll-a (ug/L),LongDeg,DO(mg/l),"Nitrogen, ammonia as N (mg/L)"
2/1/2009,87,33020019,11,30,39.2,32,49.8,30.54716667,-87.19422222,2.75,16.66666667,,16.66666667,15.55555556,0,7.12,0.032,7.5,21.66666667,0.52,18.88888889,14.44444444,21.66666667,12.07,21.11111111,1.6,87,9.39,0.076
2/2/2003,87,33020019,11,30,39.2,32,49.8,30.54716667,-87.19422222,17.9,17.77777778,,14.44444444,18.33333333,0,7.82,0.021,7,18.88888889,0.8,17.77777778,14.44444444,22.22222222,12.31,15.55555556,6.4,87,8.62,0.02
2/3/2008,87,33020019,11,30,39.2,32,49.8,30.54716667,-87.19422222,0.07,,,16.66666667,20,0,6.63,0.026,17,22.22222222,0.37,,,17.22222222,11.8,15.55555556,0.9,87,,0.016
2/4/2007,87,33020019,11,30,39.2,32,49.8,30.54716667,-87.19422222,0.66,7.222222222,,13.33333333,20,0,6.81,0.014,11,11.11111111,,12.77777778,11.11111111,15.55555556,10.49,9.444444444,5,87,9.5,0.02
5/3/2009,87,33020019,11,30,39.2,32,49.8,30.54716667,-87.19422222,0.09,28.33333333,180,25.55555556,27.77777778,5,7.16,0.031,9,25.55555556,0.46,28.88888889,27.22222222,,24.61,26.11111111,4,87,7.84,0.044
5/6/2007,87,33020019,11,30,39.2,32,49.8,30.54716667,-87.19422222,0.24,27.77777778,315,29.44444444,27.22222222,3,6.73,0.029,7,26.66666667,0.59,30,26.66666667,26.66666667,26.54,28.33333333,5,87,6.42,0.05
5/7/2006,87,33020019,11,30,39.2,32,49.8,30.54716667,-87.19422222,0.93,,225,,,4,7.92,0.03,7,,0.65,,,,26.73,,5,87,7.83,0.04
8/2/2009,87,33020019,11,30,39.2,32,49.8,30.54716667,-87.19422222,0.54,32.22222222,,32.77777778,32.77777778,0,7.24,0.025,9.4,31.66666667,0.57,33.33333333,31.66666667,32.22222222,27.74,32.22222222,3.7,87,4.94,0.062
8/3/2008,87,33020019,11,30,39.2,32,49.8,30.54716667,-87.19422222,1.73,31.66666667,,31.66666667,30.55555556,0,6.71,0.027,4.4,31.66666667,0.61,31.11111111,30.55555556,32.22222222,29.48,31.11111111,3.7,87,5.52,0.058
8/4/2002,87,33020019,11,30,39.2,32,49.8,30.54716667,-87.19422222,5.5,33.33333333,125,32.77777778,32.77777778,5,7.01,0.03,6,33.33333333,*Non-detect,29.44444444,33.33333333,35,29.2,33.33333333,6.4,87,5.72,0.03
8/5/2007,87,33020019,11,30,39.2,32,49.8,30.54716667,-87.19422222,3.19,31.11111111,,32.22222222,31.66666667,0,7.08,0.025,5,32.22222222,0.61,32.22222222,32.77777778,31.11111111,29.85,33.33333333,5,87,5.57,0.062
11/2/2008,87,33020019,11,30,39.2,32,49.8,30.54716667,-87.19422222,8.66,22.77777778,,25.55555556,21.66666667,0,3.65,0.022,3.3,15.55555556,*Non-detect,24.44444444,21.66666667,17.22222222,15.59,18.33333333,1.5,87,7.91,0.056
11/4/2007,87,33020019,11,30,39.2,32,49.8,30.54716667,-87.19422222,5.97,25,330,25.55555556,28.33333333,5,6.23,0.021,4,25.55555556,0.51,24.44444444,27.22222222,27.22222222,19.38,24.44444444,5,87,7.67,0.075
11/5/2006,87,33020019,11,30,39.2,32,49.8,30.54716667,-87.19422222,2.89,,90,,,3,6.97,0.033,6,,0.82,,,,16.66,,5,87,8.05,0.05
11/6/2005,87,33020019,11,30,39.2,32,49.8,30.54716667,-87.19422222,4,25.55555556,0,20,24.44444444,40,6.2,0.027,6,21.66666667,0.23,27.22222222,24.44444444,23.88888889,19.58,23.33333333,5,87,7.88,0.03
3/1/2009,87,33020048,12,30,48,28,16.4,30.47122222,-87.21333333,0.04,23.33333333,315,16.66666667,22.22222222,6,6.4,0.013,2.5,16.11111111,0.19,14.44444444,22.77777778,20,16.96,16.66666667,1.1,87,,0.023
3/2/2008,87,33020048,12,30,48,28,16.4,30.47122222,-87.21333333,0.05,22.22222222,,17.77777778,13.33333333,0,7.16,0.022,6.4,21.66666667,0.21,22.22222222,,11.66666667,17.06,20.55555556,3.9,87,9.2,0.02
3/4/2007,87,33020048,12,30,48,28,16.4,30.47122222,-87.21333333,0.04,20.55555556,0,25.55555556,22.77777778,14,7.12,0.013,5,24.44444444,,12.77777778,17.77777778,21.66666667,16.1,20,5,87,8.86,0.02
3/5/2006,87,33020048,12,30,48,28,16.4,30.47122222,-87.21333333,0.04,,,,,0,6.5,0.011,3,,0.21,,,,17.09,,5,87,8.74,0.02
3/7/2004,87,33020048,12,30,48,28,16.4,30.47122222,-87.21333333,0,20,0,,22.22222222,,6.02,0.013,3,21.66666667,0.4,23.88888889,22.22222222,22.22222222,19.2,21.11111111,5,87,6.8,0.06
6/3/2007,87,33020048,12,30,48,28,16.4,30.47122222,-87.21333333,0.03,32.77777778,,28.33333333,27.77777778,0,8.01,0.02,2,28.88888889,0.25,30.55555556,28.33333333,26.66666667,21.36,28.88888889,5,87,7.54,0.012
6/4/2006,87,33020048,12,30,48,28,16.4,30.47122222,-87.21333333,0.04,,350,,,5,5.96,0.016,2,,0.16,,,,21.54,,5,87,7.84,0.02
6/6/2005,87,33020048,12,30,48,28,16.4,30.47122222,-87.21333333,0,28.88888889,,29.44444444,29.44444444,0,6.25,0.008,4,27.77777778,0.21,29.44444444,28.88888889,29.44444444,23.44,26.11111111,5,87,6.9,0.07
9/7/2008,87,33020048,12,30,48,28,16.4,30.47122222,-87.21333333,0.05,31.11111111,,31.66666667,31.11111111,0,6.34,0.028,3.6,30.55555556,0.33,31.66666667,30,29.44444444,23.97,28.88888889,1.8,87,7.76,0.021
9/9/2007,87,33020048,12,30,48,28,16.4,30.47122222,-87.21333333,0.04,30.55555556,,31.11111111,30.55555556,0,8.38,0.022,3,31.11111111,0.23,31.66666667,30.55555556,32.77777778,22.23,30,5,87,7.65,0.029
9/10/2006,87,33020048,12,30,48,28,16.4,30.47122222,-87.21333333,0.04,,,,,0,6.75,0.017,2,,0.15,,,,22.78,,5,87,7.62,0.02
9/11/2005,87,33020048,12,30,48,28,16.4,30.47122222,-87.21333333,0,30.55555556,,30.55555556,32.22222222,0,6.53,0.012,4,31.66666667,0.14,30.55555556,32.22222222,32.22222222,22,31.66666667,5,87,8.05,0.06
9/13/2009,87,33020048,12,30,48,28,16.4,30.47122222,-87.21333333,0.04,27.22222222,,28.88888889,31.11111111,0,6.84,0.006,2.8,30,0.15,30.55555556,28.33333333,31.66666667,23.26,31.11111111,0.58,87,6.29,0.018
12/2/2007,87,33020048,12,30,48,28,16.4,30.47122222,-87.21333333,0.04,21.66666667,,22.77777778,22.77777778,0,7.66,0.02,2,18.33333333,0.17,24.44444444,22.22222222,18.33333333,18.71,22.22222222,5,87,9.38,0.022
12/3/2006,87,33020048,12,30,48,28,16.4,30.47122222,-87.21333333,0.04,,45,,,8,7.55,0.019,2,,0.1,,,,16.55,,5,87,8.59,0.02
12/4/2005,87,33020048,12,30,48,28,16.4,30.47122222,-87.21333333,0.04,22.77777778,,22.22222222,17.77777778,,5.98,0.02,16,30,0.11,24.44444444,16.11111111,24.44444444,19.04,27.22222222,5,87,8.53,0.02
12/5/2004,87,33020048,12,30,48,28,16.4,30.47122222,-87.21333333,0,15,10,19.44444444,16.11111111,5,6.11,0.062,3,27.77777778,0.22,19.44444444,15,13.88888889,18.06,18.88888889,5,87,7.8,0.05
12/7/2008,87,33020048,12,30,48,28,16.4,30.47122222,-87.21333333,0.04,16.66666667,,17.77777778,22.77777778,0,6.59,0.028,4.2,11.66666667,0.37,15,15.55555556,20.55555556,15.99,15,1,87,9.87,0.027
3/2/2008,87,33020049,13,30,21.3,29,3.4,30.48427778,-87.22258333,0.05,22.22222222,,17.77777778,13.33333333,0,7,0.011,7.2,21.66666667,0.17,22.22222222,,11.66666667,14.12,20.55555556,0.55,87,10.2,0.024
3/4/2007,87,33020049,13,30,21.3,29,3.4,30.48427778,-87.22258333,0.05,20.55555556,0,25.55555556,22.77777778,10,7.11,0.026,21,24.44444444,,12.77777778,17.77777778,21.66666667,13.44,20,5,87,9.06,0.03
3/5/2006,87,33020049,13,30,21.3,29,3.4,30.48427778,-87.22258333,0.05,,300,,,3,7.09,0.013,6,,0.19,,,,14.08,,5,87,8.94,0.02
3/7/2004,87,33020049,13,30,21.3,29,3.4,30.48427778,-87.22258333,0,20,0,,22.22222222,,6.67,0.008,1,21.66666667,0.31,23.88888889,22.22222222,22.22222222,17.9,21.11111111,5,87,6.25,0.02
6/6/2005,87,33020049,13,30,21.3,29,3.4,30.48427778,-87.22258333,0,28.88888889,,29.44444444,29.44444444,0,6.66,0.009,6,27.77777778,0.36,29.44444444,28.88888889,29.44444444,25.7,26.11111111,5,87,5.78,0.05
9/7/2008,87,33020049,13,30,21.3,29,3.4,30.48427778,-87.22258333,0.06,31.11111111,,31.66666667,31.11111111,0,6.67,0.026,7.2,30.55555556,0.72,31.66666667,30,29.44444444,27.13,28.88888889,4.6,87,5.94,0.039
9/10/2006,87,33020049,13,30,21.3,29,3.4,30.48427778,-87.22258333,0.06,,45,,,5,6.66,0.012,4,,0.16,,,,25.03,,5,87,5.86,0.03
9/11/2005,87,33020049,13,30,21.3,29,3.4,30.48427778,-87.22258333,0,30.55555556,,30.55555556,32.22222222,0,6.39,0.014,5,31.66666667,0.1,30.55555556,32.22222222,32.22222222,23.5,31.66666667,5,87,6.8,0.04
12/2/2007,87,33020049,13,30,21.3,29,3.4,30.48427778,-87.22258333,0.06,21.66666667,,22.77777778,22.77777778,0,7.82,0.02,5,18.33333333,0.31,24.44444444,22.22222222,18.33333333,14.33,22.22222222,5,87,9.23,0.025
12/3/2006,87,33020049,13,30,21.3,29,3.4,30.48427778,-87.22258333,0.05,,0.45,,,3,7.4,0.011,3,,0.1,,,,11.55,,5,87,10.2,0.02
12/4/2005,87,33020049,13,30,21.3,29,3.4,30.48427778,-87.22258333,0.05,22.77777778,,22.22222222,17.77777778,,6.52,0.047,48,30,0.14,24.44444444,16.11111111,24.44444444,16.05,27.22222222,5,87,8.76,0.02
12/5/2004,87,33020049,13,30,21.3,29,3.4,30.48427778,-87.22258333,0.1,15,,19.44444444,16.11111111,,6.67,0.019,3,27.77777778,0.2,19.44444444,15,13.88888889,13.9,18.88888889,5,87,7.65,0.04
12/7/2008,87,33020049,13,30,21.3,29,3.4,30.48427778,-87.22258333,0.05,16.66666667,,17.77777778,22.77777778,0,6.45,0.021,8.6,11.66666667,0.29,15,15.55555556,20.55555556,10.44,15,0.66,87,10.57,0.016
3/1/2009,87,33020057,14,30,33,30,41.6,30.51155556,-87.2425,0.05,23.33333333,315,16.66666667,22.22222222,6,6.72,0.05,7.6,16.11111111,0.79,14.44444444,22.77777778,20,13.5,16.66666667,3.9,87,,0.095
3/2/2008,87,33020057,14,30,33,30,41.6,30.51155556,-87.2425,0.06,22.22222222,345,17.77777778,13.33333333,1,6.81,0.029,6.4,21.66666667,0.45,22.22222222,,11.66666667,14.88,20.55555556,2.6,87,9.11,0.058
3/3/2002,87,33020057,14,30,33,30,41.6,30.51155556,-87.2425,0,22.77777778,320,18.33333333,10.55555556,20,6.15,0.027,3,18.88888889,0.49,18.33333333,16.11111111,7.777777778,14.11,21.66666667,18.2,87,6.54,*Non-detect
3/4/2007,87,33020057,14,30,33,30,41.6,30.51155556,-87.2425,0.07,20.55555556,0,25.55555556,22.77777778,10,6.8,0.039,6,24.44444444,,12.77777778,17.77777778,21.66666667,9.02,20,5,87,5.76,0.02
3/5/2006,87,33020057,14,30,33,30,41.6,30.51155556,-87.2425,0.06,,0,,,3,6.71,0.064,8,,0.16,,,,15.13,,5,87,5.24,0.16
3/7/2004,87,33020057,14,30,33,30,41.6,30.51155556,-87.2425,0,20,0,,22.22222222,,6.48,0.01,1,21.66666667,0.36,23.88888889,22.22222222,22.22222222,20.15,21.11111111,5,87,5.88,0.02
6/3/2001,87,33020057,14,30,33,30,41.6,30.51155556,-87.2425,0,31.66666667,180,30.55555556,30.55555556,5,7.19,0.049,5,31.11111111,0.94,31.11111111,36.11111111,32.77777778,28.55,30.55555556,11.8,87,2.4,0.04
6/6/2005,87,33020057,14,30,33,30,41.6,30.51155556,-87.2425,0,28.88888889,,29.44444444,29.44444444,0,6.41,0.04,6,27.77777778,1.13,29.44444444,28.88888889,29.44444444,28.18,26.11111111,6.4,87,1.89,0.04
6/7/2009,87,33020057,14,30,33,30,41.6,30.51155556,-87.2425,0.09,29.44444444,,31.66666667,29.44444444,0,6.84,0.076,15,30.55555556,1.2,30.55555556,30.55555556,26.66666667,23.79,32.77777778,9.5,87,-0.88,0.33
9/7/2008,87,33020057,14,30,33,30,41.6,30.51155556,-87.2425,0.06,31.11111111,,31.66666667,31.11111111,0,6.07,0.061,8.1,30.55555556,0.89,31.66666667,30,29.44444444,25.27,28.88888889,24,87,3.29,0.13
9/8/2002,87,33020057,14,30,33,30,41.6,30.51155556,-87.2425,0,30.55555556,90,31.11111111,33.88888889,10,6.23,0.063,9,31.11111111,1.35,32.77777778,32.22222222,33.33333333,25.76,31.11111111,75.8,87,1.77,0.02
9/10/2006,87,33020057,14,30,33,30,41.6,30.51155556,-87.2425,0.08,,100,,,5,6.4,0.035,4,,0.56,,,,26.67,,5,87,1.61,0.07
9/11/2005,87,33020057,14,30,33,30,41.6,30.51155556,-87.2425,0.1,30.55555556,,30.55555556,32.22222222,0,6.51,0.1,34,31.66666667,3.7,30.55555556,32.22222222,32.22222222,24.2,31.66666667,49.2,87,0.64,0.04
9/13/2009,87,33020057,14,30,33,30,41.6,30.51155556,-87.2425,0.05,27.22222222,180,28.88888889,31.11111111,2,6.84,0.047,7.3,30,0.71,30.55555556,28.33333333,31.66666667,25.18,31.11111111,6,87,,0.1
12/2/2007,87,33020057,14,30,33,30,41.6,30.51155556,-87.2425,0.05,21.66666667,,22.77777778,22.77777778,0,7.74,0.025,5,18.33333333,0.51,24.44444444,22.22222222,18.33333333,15.42,22.22222222,5,87,9.08,0.055
12/3/2000,87,33020057,14,30,33,30,41.6,30.51155556,-87.2425,0,,340,,,10,5.71,0.021,1,,0.45,,,,10.54,,10.7,87,7.75,0.039
12/3/2006,87,33020057,14,30,33,30,41.6,30.51155556,-87.2425,0.06,,8,,,30,7.07,0.031,8,,0.1,,,,10.37,,17.4,87,8.99,0.02
12/4/2005,87,33020057,14,30,33,30,41.6,30.51155556,-87.2425,0.14,22.77777778,,22.22222222,17.77777778,,5.92,0.037,3,30,0.41,24.44444444,16.11111111,24.44444444,17.48,27.22222222,5,87,5.71,0.18
12/5/2004,87,33020057,14,30,33,30,41.6,30.51155556,-87.2425,0.1,15,45,19.44444444,16.11111111,5,6.55,0.013,1,27.77777778,0.33,19.44444444,15,13.88888889,14.46,18.88888889,5,87,7.11,0.06
12/7/2008,87,33020057,14,30,33,30,41.6,30.51155556,-87.2425,0.06,16.66666667,,17.77777778,22.77777778,0,8.46,0.091,26,11.66666667,0.94,15,15.55555556,20.55555556,10.16,15,4.8,87,8.57,0.11
3/1/2009,87,33020118,16,30,24.94,23,56.84,30.39912222,-87.27359444,0.39,23.33333333,320,16.66666667,22.22222222,6,6.13,0.051,7.5,16.11111111,0.89,14.44444444,22.77777778,20,14.89,16.66666667,1.5,87,,0.19
3/2/2008,87,33020118,16,30,24.94,23,56.84,30.39912222,-87.27359444,0.06,22.22222222,140,17.77777778,13.33333333,3,7.64,0.044,5.2,21.66666667,0.53,22.22222222,,11.66666667,16.71,20.55555556,0.66,87,8.21,0.057
3/4/2007,87,33020118,16,30,24.94,23,56.84,30.39912222,-87.27359444,0.05,20.55555556,0,25.55555556,22.77777778,8,7.3,0.059,4,24.44444444,,12.77777778,17.77777778,21.66666667,14.43,20,5,87,6.43,0.09
3/5/2006,87,33020118,16,30,24.94,23,56.84,30.39912222,-87.27359444,0.05,,200,,,5,6.17,0.126,7,,0.72,,,,16.01,,5,87,4.66,0.19
3/7/2004,87,33020118,16,30,24.94,23,56.84,30.39912222,-87.27359444,0,20,0,,22.22222222,,5.85,0.005,2,21.66666667,0.78,23.88888889,22.22222222,22.22222222,18.6,21.11111111,5,87,5.88,0.02
6/2/2002,87,33020118,16,30,24.94,23,56.84,30.39912222,-87.27359444,14.2,33.88888889,,31.11111111,29.44444444,0,6.26,0.125,9,30,0.6,33.88888889,30.55555556,29.44444444,27.05,32.22222222,42.7,87,4.08,0.11
6/3/2001,87,33020118,16,30,24.94,23,56.84,30.39912222,-87.27359444,17.5,31.66666667,180,30.55555556,30.55555556,5,6.96,0.075,6,31.11111111,0.87,31.11111111,36.11111111,32.77777778,27.2,30.55555556,19.2,87,3.03,0.16
6/3/2007,87,33020118,16,30,24.94,23,56.84,30.39912222,-87.27359444,11.5,32.77777778,,28.33333333,27.77777778,0,7.03,0.09,7,28.88888889,0.86,30.55555556,28.33333333,26.66666667,26.24,28.88888889,5,87,0.74,0.12
6/4/2006,87,33020118,16,30,24.94,23,56.84,30.39912222,-87.27359444,0.07,,,,,0,6.43,0.147,6,,0.93,,,,24.22,,5.3,87,1.47,0.14
6/6/2005,87,33020118,16,30,24.94,23,56.84,30.39912222,-87.27359444,0.1,28.88888889,,29.44444444,29.44444444,0,6.41,0.072,5,27.77777778,1.09,29.44444444,28.88888889,29.44444444,25.45,26.11111111,5,87,3.64,0.39
6/7/2009,87,33020118,16,30,24.94,23,56.84,30.39912222,-87.27359444,0.04,29.44444444,,31.66666667,29.44444444,0,6.4,0.039,3.9,30.55555556,0.74,30.55555556,30.55555556,26.66666667,23.12,32.77777778,1.2,87,12.88,0.05
9/7/2008,87,33020118,16,30,24.94,23,56.84,30.39912222,-87.27359444,3.49,31.11111111,,31.66666667,31.11111111,0,6.13,0.02,3.5,30.55555556,0.9,31.66666667,30,29.44444444,27.45,28.88888889,1.1,87,7.9,0.056
9/9/2007,87,33020118,16,30,24.94,23,56.84,30.39912222,-87.27359444,16.61,30.55555556,45,31.11111111,30.55555556,2,7.16,0.11,8,31.11111111,0.77,31.66666667,30.55555556,32.77777778,28.95,30,5.3,87,0.38,0.21
9/10/2006,87,33020118,16,30,24.94,23,56.84,30.39912222,-87.27359444,10.36,,90,,,10,6.87,0.086,4,,1.38,,,,26.92,,5,87,0.69,0.23
9/11/2005,87,33020118,16,30,24.94,23,56.84,30.39912222,-87.27359444,0.1,30.55555556,,30.55555556,32.22222222,0,6.5,0.095,5,31.66666667,0.71,30.55555556,32.22222222,32.22222222,24.2,31.66666667,5,87,2.39,0.58
9/13/2009,87,33020118,16,30,24.94,23,56.84,30.39912222,-87.27359444,1,27.22222222,,28.88888889,31.11111111,0,6.35,0.029,3.3,30,0.75,30.55555556,28.33333333,31.66666667,24.64,31.11111111,12,87,,0.035
12/2/2007,87,33020118,16,30,24.94,23,56.84,30.39912222,-87.27359444,0.14,21.66666667,135,22.77777778,22.77777778,4,7.5,0.054,6,18.33333333,0.71,24.44444444,22.22222222,18.33333333,18.5,22.22222222,5,87,7.94,0.068
12/3/2006,87,33020118,16,30,24.94,23,56.84,30.39912222,-87.27359444,0.35,,10,,,20,6.93,0.155,7,,0.4,,,,16.65,,5,87,1.92,0.25
12/4/2005,87,33020118,16,30,24.94,23,56.84,30.39912222,-87.27359444,0.05,22.77777778,135,22.22222222,17.77777778,3,6.2,0.008,5,30,0.65,24.44444444,16.11111111,24.44444444,18.23,27.22222222,5,87,6.29,0.21
12/5/2004,87,33020118,16,30,24.94,23,56.84,30.39912222,-87.27359444,0,15,20,19.44444444,16.11111111,10,6.62,0.104,4,27.77777778,0.42,19.44444444,15,13.88888889,17.43,18.88888889,5,87,7.23,0.09
3/1/2009,87,33020136,16,30,29.5,24,41.7,30.41158333,-87.27486111,0.09,23.33333333,320,16.66666667,22.22222222,8,7,0.046,9.3,16.11111111,0.41,14.44444444,22.77777778,20,14.48,16.66666667,5,87,,0.046
3/3/2002,87,33020136,16,30,29.5,24,41.7,30.41158333,-87.27486111,0.1,22.77777778,320,18.33333333,10.55555556,20,6.39,0.105,23,18.88888889,0.84,18.33333333,16.11111111,7.777777778,16.58,21.66666667,35.3,87,4.93,0.06
3/4/2007,87,33020136,16,30,29.5,24,41.7,30.41158333,-87.27486111,0.09,20.55555556,0,25.55555556,22.77777778,7,7.04,0.022,1,24.44444444,,12.77777778,17.77777778,21.66666667,16.94,20,5,87,8.71,0.05
3/5/2006,87,33020136,16,30,29.5,24,41.7,30.41158333,-87.27486111,0.08,,160,,,5,9.97,0.044,3,,0.24,,,,20.91,,5,87,10.02,0.02
3/7/2004,87,33020136,16,30,29.5,24,41.7,30.41158333,-87.27486111,0.1,20,0,,22.22222222,,6.6,0.007,1,21.66666667,0.9,23.88888889,22.22222222,22.22222222,19.15,21.11111111,5,87,8.12,0.02
6/3/2001,87,33020136,16,30,29.5,24,41.7,30.41158333,-87.27486111,0.1,31.66666667,180,30.55555556,30.55555556,5,7.58,0.154,4,31.11111111,1.04,31.11111111,36.11111111,32.77777778,23.83,30.55555556,9.6,87,1.07,0.19
6/3/2007,87,33020136,16,30,29.5,24,41.7,30.41158333,-87.27486111,0.09,32.77777778,300,28.33333333,27.77777778,3,7.71,0.036,3,28.88888889,0.46,30.55555556,28.33333333,26.66666667,24.44,28.88888889,5,87,5.82,0.047
6/4/2006,87,33020136,16,30,29.5,24,41.7,30.41158333,-87.27486111,0.09,,,,,0,6.67,0.146,11,,0.98,,,,23.74,,76,87,6.86,0.04
6/6/2005,87,33020136,16,30,29.5,24,41.7,30.41158333,-87.27486111,0.1,28.88888889,120,29.44444444,29.44444444,7,6.46,0.023,4,27.77777778,0.34,29.44444444,28.88888889,29.44444444,24.51,26.11111111,5,87,5.62,0.04
9/10/2006,87,33020136,16,30,29.5,24,41.7,30.41158333,-87.27486111,0.1,,100,,,15,6.8,0.251,6,,1.57,,,,24.15,,5,87,1.74,0.6
9/11/2005,87,33020136,16,30,29.5,24,41.7,30.41158333,-87.27486111,0.1,30.55555556,45,30.55555556,32.22222222,3,6.57,0.042,4,31.66666667,0.1,30.55555556,32.22222222,32.22222222,24,31.66666667,5,87,5.98,0.04
12/3/2006,87,33020136,16,30,29.5,24,41.7,30.41158333,-87.27486111,0.09,,10,,,10,7.06,0.026,2,,0.1,,,,16.88,,5,87,6.97,0.05
12/4/2005,87,33020136,16,30,29.5,24,41.7,30.41158333,-87.27486111,0.08,22.77777778,135,22.22222222,17.77777778,4,6.36,0.04,3,30,0.27,24.44444444,16.11111111,24.44444444,23.25,27.22222222,5,87,7.45,0.08
12/5/2004,87,33020136,16,30,29.5,24,41.7,30.41158333,-87.27486111,0,15,20,19.44444444,16.11111111,12,6.82,0.085,11,27.77777778,0.34,19.44444444,15,13.88888889,18.11,18.88888889,5,87,8.15,0.07
1/7/2007,87,33030011,2,30,9.4,37,26.6,30.62405556,-87.03594444,0.95,21.11111111,200,20.55555556,21.11111111,5,5.84,0.009,4,11.11111111,0.26,21.66666667,21.66666667,15,16.56,17.77777778,5,87,8.34,0.02
4/8/2007,87,33030011,2,30,9.4,37,26.6,30.62405556,-87.03594444,0.12,12.77777778,,24.44444444,18.88888889,0,6.16,0.015,4,26.66666667,,12.22222222,18.88888889,27.22222222,16.04,26.11111111,5,87,7.91,0.02
7/5/2009,87,33030011,2,30,9.4,37,26.6,30.62405556,-87.03594444,0.03,33.33333333,280,35,33.88888889,3,6.22,0.018,5.6,32.22222222,0.36,34.44444444,34.44444444,33.88888889,28.39,34.44444444,1.8,87,5.76,0.022
7/6/2008,87,33030011,2,30,9.4,37,26.6,30.62405556,-87.03594444,0.04,31.66666667,,31.66666667,31.11111111,0,5.65,*Non-detect,3.4,30.55555556,0.31,32.22222222,31.11111111,30.55555556,26.97,30,1.4,87,7.33,0.014
7/8/2007,87,33030011,2,30,9.4,37,26.6,30.62405556,-87.03594444,0.73,32.77777778,270,35,29.44444444,4,6.05,0.02,5,31.66666667,0.49,32.77777778,33.33333333,31.11111111,27.5,32.22222222,5,87,6.68,0.03
10/1/2006,87,33030011,2,30,9.4,37,26.6,30.62405556,-87.03594444,1.1,,,,,0,6.27,0.007,2,,0.73,,,,21.71,,5,87,7.96,0.02
10/2/2005,87,33030011,2,30,9.4,37,26.6,30.62405556,-87.03594444,0.5,30,,31.11111111,30,,5.53,0.014,5,31.66666667,0.52,30,29.44444444,28.88888889,25.02,28.88888889,5,87,5.66,0.03
10/4/2009,87,33030011,2,30,9.4,37,26.6,30.62405556,-87.03594444,0.91,30,120,32.22222222,27.22222222,2.5,6.2,0.009,3.3,27.77777778,0.35,27.77777778,30,25.55555556,22.55,33.88888889,0.9,87,7.53,*Non-detect
10/5/2003,87,33030011,2,30,9.4,37,26.6,30.62405556,-87.03594444,0.5,26.11111111,30,27.77777778,24.44444444,5,5.83,,3,25.55555556,,26.66666667,24.44444444,27.22222222,20.5,23.33333333,5,87,7.07,
10/5/2008,87,33030011,2,30,9.4,37,26.6,30.62405556,-87.03594444,2.03,29.44444444,95,30,26.66666667,2.8,6.56,*Non-detect,1.8,32.22222222,0.32,29.44444444,30,28.33333333,,31.11111111,0.89,87,6.74,*Non-detect
10/7/2007,87,33030011,2,30,9.4,37,26.6,30.62405556,-87.03594444,20.77,31.11111111,80,28.88888889,30.55555556,7,6.4,0.02,2,31.11111111,0.36,30,30,29.44444444,27.78,31.11111111,5,87,1.42,0.049
1/7/2007,87,33030019,3,30,42.4,36,25.3,30.60702778,-87.06177778,0.01,21.11111111,180,20.55555556,21.11111111,4,7.01,0.013,7,11.11111111,0.25,21.66666667,21.66666667,15,16.85,17.77777778,5,87,7.99,0.02
4/8/2007,87,33030019,3,30,42.4,36,25.3,30.60702778,-87.06177778,0.01,12.77777778,,24.44444444,18.88888889,0,7.24,0.011,3,26.66666667,,12.22222222,18.88888889,27.22222222,15.12,26.11111111,5,87,9.1,0.02
7/5/2009,87,33030019,3,30,42.4,36,25.3,30.60702778,-87.06177778,0.01,33.33333333,270,35,33.88888889,6,6.47,0.007,3.5,32.22222222,0.29,34.44444444,34.44444444,33.88888889,24.67,34.44444444,0.72,87,6.17,0.02
7/6/2008,87,33030019,3,30,42.4,36,25.3,30.60702778,-87.06177778,0.01,31.66666667,,31.66666667,31.11111111,0,6.17,*Non-detect,3.6,30.55555556,0.29,32.22222222,31.11111111,30.55555556,23.32,30,0.72,87,7.54,0.015
7/8/2007,87,33030019,3,30,42.4,36,25.3,30.60702778,-87.06177778,0.01,32.77777778,,35,29.44444444,0,6.48,0.02,6,31.66666667,0.26,32.77777778,33.33333333,31.11111111,24.67,32.22222222,5,87,7.19,0.03
10/1/2006,87,33030019,3,30,42.4,36,25.3,30.60702778,-87.06177778,0.01,,,,,0,7.54,0.011,3,,0.54,,,,19.94,,5,87,8.32,0.02
10/2/2005,87,33030019,3,30,42.4,36,25.3,30.60702778,-87.06177778,0,30,140,31.11111111,30,3,4.8,0.017,5,31.66666667,0.18,30,29.44444444,28.88888889,23.5,28.88888889,5,87,5.84,0.02
10/5/2003,87,33030019,3,30,42.4,36,25.3,30.60702778,-87.06177778,0,26.11111111,,27.77777778,24.44444444,0,4.88,,1,25.55555556,,26.66666667,24.44444444,27.22222222,18.8,23.33333333,5,87,7.87,
10/7/2007,87,33030019,3,30,42.4,36,25.3,30.60702778,-87.06177778,0.02,31.11111111,,28.88888889,30.55555556,0,7.09,0.02,4,31.11111111,0.24,30,30,29.44444444,23.56,31.11111111,5,87,5.32,0.013
10/5/2003,87,33030028,2,30,4.64,36,41.486,30.61152389,-87.03462222,1.2,26.11111111,30,27.77777778,24.44444444,4,6,,2,25.55555556,,26.66666667,24.44444444,27.22222222,20.7,23.33333333,5,87,6.3,
1/4/2009,86,33040003,55,30,28.6,34,15.6,30.571,-86.92461111,0.02,23.33333333,,25,16.66666667,0,6.18,0.025,4.8,18.88888889,0.43,22.77777778,23.33333333,19.44444444,15.73,21.66666667,0.96,86,8.46,0.012
1/6/2008,86,33040003,55,30,28.6,34,15.6,30.571,-86.92461111,0.01,21.11111111,206,20.55555556,8.333333333,4.1,5.45,0.02,10,12.77777778,0.51,21.11111111,11.66666667,5.555555556,9.21,17.77777778,5,86,,0.022
1/7/2007,86,33040003,55,30,28.6,34,15.6,30.571,-86.92461111,0.02,21.11111111,200,20.55555556,21.11111111,8,5.55,0.019,8,11.11111111,0.1,21.66666667,21.66666667,15,16.87,17.77777778,5,86,7.84,0.02
4/5/2009,86,33040003,55,30,28.6,34,15.6,30.571,-86.92461111,0.01,22.22222222,230,21.11111111,22.77777778,14.2,5.65,0.019,19,23.33333333,0.55,26.11111111,25,23.88888889,17.84,20.55555556,0.74,86,,*Non-detect
4/8/2007,86,33040003,55,30,28.6,34,15.6,30.571,-86.92461111,0.01,12.77777778,180,24.44444444,18.88888889,5,5.44,0.027,6,26.66666667,,12.22222222,18.88888889,27.22222222,15.28,26.11111111,5,86,7.28,0.02
7/5/2009,86,33040003,55,30,28.6,34,15.6,30.571,-86.92461111,0.02,33.33333333,270,35,33.88888889,8,6.75,0.011,5.3,32.22222222,0.28,34.44444444,34.44444444,33.88888889,28.72,34.44444444,3,86,5.68,0.026
7/6/2008,86,33040003,55,30,28.6,34,15.6,30.571,-86.92461111,0.02,31.66666667,,31.66666667,31.11111111,0,5.76,0.02,7.8,30.55555556,0.47,32.22222222,31.11111111,30.55555556,26.03,30,1.7,86,6.49,0.026
7/8/2007,86,33040003,55,30,28.6,34,15.6,30.571,-86.92461111,0.02,32.77777778,290,35,29.44444444,8,6.03,0.02,6,31.66666667,0.46,32.77777778,33.33333333,31.11111111,28.34,32.22222222,5,86,6.42,0.024
10/1/2006,86,33040003,55,30,28.6,34,15.6,30.571,-86.92461111,0.02,,360,,,8,6.24,0.016,7,,0.1,,,,22.56,,5,86,7.8,0.02
10/2/2005,86,33040003,55,30,28.6,34,15.6,30.571,-86.92461111,0,30,100,31.11111111,30,6,5.68,0.041,17,31.66666667,0.35,30,29.44444444,28.88888889,25.97,28.88888889,5,86,4.77,0.02
10/4/2009,86,33040003,55,30,28.6,34,15.6,30.571,-86.92461111,0.03,30,40,32.22222222,27.22222222,3.6,6.35,0.018,12,27.77777778,0.36,27.77777778,30,25.55555556,22.15,33.88888889,0.77,86,6.83,0.029
10/5/2008,86,33040003,55,30,28.6,34,15.6,30.571,-86.92461111,0.02,29.44444444,350,30,26.66666667,5.8,6.39,*Non-detect,5.1,32.22222222,0.22,29.44444444,30,28.33333333,,31.11111111,0.77,86,8.16,0.014
10/7/2007,86,33040003,55,30,28.6,34,15.6,30.571,-86.92461111,0.02,31.11111111,90,28.88888889,30.55555556,10,6.55,0.02,3,31.11111111,0.2,30,30,29.44444444,25.76,31.11111111,5,86,7.37,0.018
3/1/2009,87,33020HF1,12,30,31.5,27,36.1,30.46002778,-87.20875,2.65,23.33333333,320,16.66666667,22.22222222,8,6.59,0.008,4.7,16.11111111,0.52,14.44444444,22.77777778,20,16.54,16.66666667,0.66,87,,0.049
3/2/2003,87,33020HF1,12,30,31.5,27,36.1,30.46002778,-87.20875,6.7,19.44444444,270,15.55555556,20,10,6.32,0.071,7,20,0.56,20.55555556,18.33333333,17.77777778,17.71,21.11111111,17.1,87,6.9,0.08
3/2/2008,87,33020HF1,12,30,31.5,27,36.1,30.46002778,-87.20875,0.15,22.22222222,,17.77777778,13.33333333,0,7.3,0.016,5.1,21.66666667,0.16,22.22222222,,11.66666667,17.04,20.55555556,0.55,87,7.74,0.08
3/4/2007,87,33020HF1,12,30,31.5,27,36.1,30.46002778,-87.20875,11.65,20.55555556,0,25.55555556,22.77777778,10,6.33,0.012,5,24.44444444,,12.77777778,17.77777778,21.66666667,20,20,5,87,6.18,0.04
3/7/2004,87,33020HF1,12,30,31.5,27,36.1,30.46002778,-87.20875,0,20,0,,22.22222222,,6.13,0.024,3,21.66666667,0.87,23.88888889,22.22222222,22.22222222,18.7,21.11111111,5.9,87,5.74,0.02
6/2/2002,87,33020HF1,12,30,31.5,27,36.1,30.46002778,-87.20875,18.1,33.88888889,,31.11111111,29.44444444,0,6.7,0.035,9,30,0.6,33.88888889,30.55555556,29.44444444,30.3,32.22222222,9.2,87,4.08,0.08
6/3/2001,87,33020HF1,12,30,31.5,27,36.1,30.46002778,-87.20875,15.2,31.66666667,180,30.55555556,30.55555556,5,6.57,0.024,6,31.11111111,0.92,31.11111111,36.11111111,32.77777778,29.68,30.55555556,21.4,87,3.91,0.08
6/3/2007,87,33020HF1,12,30,31.5,27,36.1,30.46002778,-87.20875,18.01,32.77777778,,28.33333333,27.77777778,0,7.29,0.02,4,28.88888889,0.47,30.55555556,28.33333333,26.66666667,28.09,28.88888889,5,87,4.92,0.055
6/4/2006,87,33020HF1,12,30,31.5,27,36.1,30.46002778,-87.20875,13.8,,,,,0,6.91,0.015,5,,0.36,,,,30.38,,5,87,5.81,0.03
6/6/2005,87,33020HF1,12,30,31.5,27,36.1,30.46002778,-87.20875,0.1,28.88888889,,29.44444444,29.44444444,0,6.4,0.007,3,27.77777778,0.16,29.44444444,28.88888889,29.44444444,23.46,26.11111111,5,87,6.4,0.04
6/7/2009,87,33020HF1,12,30,31.5,27,36.1,30.46002778,-87.20875,6.3,29.44444444,,31.66666667,29.44444444,0,6.92,0.015,2.2,30.55555556,0.39,30.55555556,30.55555556,26.66666667,27.59,32.77777778,1.6,87,15,0.051
9/7/2008,87,33020HF1,12,30,31.5,27,36.1,30.46002778,-87.20875,11.69,31.11111111,,31.66666667,31.11111111,0,6.7,*Non-detect,3.5,30.55555556,*Non-detect,31.66666667,30,29.44444444,31.02,28.88888889,1.5,87,9.71,0.041
9/8/2002,87,33020HF1,12,30,31.5,27,36.1,30.46002778,-87.20875,12.7,30.55555556,90,31.11111111,33.88888889,12,,0.038,8,31.11111111,0.61,32.77777778,32.22222222,33.33333333,26.45,31.11111111,18.7,87,2.06,0.21
9/9/2007,87,33020HF1,12,30,31.5,27,36.1,30.46002778,-87.20875,18.13,30.55555556,,31.11111111,30.55555556,0,7.11,0.031,6,31.11111111,0.74,31.66666667,30.55555556,32.77777778,31.7,30,15,87,3.94,0.13
9/10/2006,87,33020HF1,12,30,31.5,27,36.1,30.46002778,-87.20875,18.17,,45,,,1,6.86,0.009,4,,0.48,,,,30.7,,7.5,87,3.5,0.11
9/11/2005,87,33020HF1,12,30,31.5,27,36.1,30.46002778,-87.20875,5,30.55555556,,30.55555556,32.22222222,0,6.62,0.008,4,31.66666667,0.54,30.55555556,32.22222222,32.22222222,29,31.66666667,5,87,7.36,0.06
9/13/2009,87,33020HF1,12,30,31.5,27,36.1,30.46002778,-87.20875,10.31,27.22222222,180,28.88888889,31.11111111,3,6.93,0.013,3.1,30,0.23,30.55555556,28.33333333,31.66666667,28.83,31.11111111,2.6,87,2.08,0.047
12/2/2007,87,33020HF1,12,30,31.5,27,36.1,30.46002778,-87.20875,18.09,21.66666667,,22.77777778,22.77777778,0,6.77,0.02,4,18.33333333,0.41,24.44444444,22.22222222,18.33333333,20.71,22.22222222,5,87,8.77,0.12
12/3/2006,87,33020HF1,12,30,31.5,27,36.1,30.46002778,-87.20875,15.07,,45,,,2,6.72,0.012,3,,0.25,,,,20.22,,5,87,5.06,0.07
12/4/2005,87,33020HF1,12,30,31.5,27,36.1,30.46002778,-87.20875,16.75,22.77777778,,22.22222222,17.77777778,,6.34,0.013,10,30,0.18,24.44444444,16.11111111,24.44444444,19.26,27.22222222,5,87,6.97,0.05
12/5/2004,87,33020HF1,12,30,31.5,27,36.1,30.46002778,-87.20875,0.8,15,0,19.44444444,16.11111111,5,7,0.009,1,27.77777778,0.22,19.44444444,15,13.88888889,18.4,18.88888889,5,87,5.12,0.06
12/7/2008,87,33020HF1,12,30,31.5,27,36.1,30.46002778,-87.20875,17.56,16.66666667,175,17.77777778,22.77777778,1,6.7,*Non-detect,3,11.66666667,0.47,15,15.55555556,20.55555556,17.19,15,0.68,87,6.55,0.06
3/1/2009,87,33020JF1,15,30,4.72,24,54.98,30.41527222,-87.25131111,0.66,23.33333333,320,16.66666667,22.22222222,8,6.82,0.044,3.9,16.11111111,0.59,14.44444444,22.77777778,20,16.68,16.66666667,3.9,87,,0.13
3/2/2003,87,33020JF1,15,30,4.72,24,54.98,30.41527222,-87.25131111,1,19.44444444,270,15.55555556,20,5,6.53,0.14,7,20,1.5,20.55555556,18.33333333,17.77777778,17,21.11111111,26.7,87,8.06,0.16
3/2/2008,87,33020JF1,15,30,4.72,24,54.98,30.41527222,-87.25131111,4,22.22222222,140,17.77777778,13.33333333,3,6.74,0.032,3.8,21.66666667,0.37,22.22222222,,11.66666667,22.32,20.55555556,4.8,87,13,0.12
3/3/2002,87,33020JF1,15,30,4.72,24,54.98,30.41527222,-87.25131111,14.9,22.77777778,320,18.33333333,10.55555556,20,6.54,0.087,11,18.88888889,0.46,18.33333333,16.11111111,7.777777778,18.08,21.66666667,20.1,87,9.7,0.05
3/4/2007,87,33020JF1,15,30,4.72,24,54.98,30.41527222,-87.25131111,2.64,20.55555556,315,25.55555556,22.77777778,10,6.7,0.039,6,24.44444444,,12.77777778,17.77777778,21.66666667,20.3,20,5,87,6.81,0.14
3/5/2006,87,33020JF1,15,30,4.72,24,54.98,30.41527222,-87.25131111,14.37,,180,,,3,6.68,0.04,6,,0.87,,,,22.26,,17.4,87,10.6,0.02
3/7/2004,87,33020JF1,15,30,4.72,24,54.98,30.41527222,-87.25131111,0.1,20,0,,22.22222222,,6.47,0.012,1,21.66666667,0.54,23.88888889,22.22222222,22.22222222,21.38,21.11111111,5,87,5.62,0.02
6/2/2002,87,33020JF1,15,30,4.72,24,54.98,30.41527222,-87.25131111,19,33.88888889,225,31.11111111,29.44444444,4,6.63,0.096,7,30,0.57,33.88888889,30.55555556,29.44444444,30.56,32.22222222,13.9,87,4.18,0.07
6/3/2001,87,33020JF1,15,30,4.72,24,54.98,30.41527222,-87.25131111,14.3,31.66666667,180,30.55555556,30.55555556,5,7.08,0.085,3,31.11111111,0.73,31.11111111,36.11111111,32.77777778,26.66,30.55555556,9.3,87,4.25,0.14
6/3/2007,87,33020JF1,15,30,4.72,24,54.98,30.41527222,-87.25131111,16.42,32.77777778,300,28.33333333,27.77777778,6,7.11,0.064,9,28.88888889,0.87,30.55555556,28.33333333,26.66666667,27.92,28.88888889,13.7,87,4.3,0.16
6/4/2006,87,33020JF1,15,30,4.72,24,54.98,30.41527222,-87.25131111,12.49,,350,,,10,6.47,0.046,6,,0.78,,,,28.86,,16,87,4.98,0.14
6/6/2005,87,33020JF1,15,30,4.72,24,54.98,30.41527222,-87.25131111,1.7,28.88888889,,29.44444444,29.44444444,,6.3,0.035,5,27.77777778,0.6,29.44444444,28.88888889,29.44444444,27.03,26.11111111,5,87,2.77,0.11
6/7/2009,87,33020JF1,15,30,4.72,24,54.98,30.41527222,-87.25131111,7.91,29.44444444,,31.66666667,29.44444444,0,6.8,0.044,5.8,30.55555556,0.85,30.55555556,30.55555556,26.66666667,28.66,32.77777778,20,87,18.03,0.064
9/7/2008,87,33020JF1,15,30,4.72,24,54.98,30.41527222,-87.25131111,8.75,31.11111111,180,31.66666667,31.11111111,5,6.4,0.11,6.3,30.55555556,0.98,31.66666667,30,29.44444444,29.8,28.88888889,43,87,9.66,0.054
9/8/2002,87,33020JF1,15,30,4.72,24,54.98,30.41527222,-87.25131111,21.9,30.55555556,90,31.11111111,33.88888889,12,7.67,0.161,15,31.11111111,1.13,32.77777778,32.22222222,33.33333333,27.79,31.11111111,75.8,87,5.49,0.035
9/9/2007,87,33020JF1,15,30,4.72,24,54.98,30.41527222,-87.25131111,17.81,30.55555556,50,31.11111111,30.55555556,5,7.13,0.044,6,31.11111111,0.66,31.66666667,30.55555556,32.77777778,30.96,30,22.9,87,3.33,0.16
9/10/2006,87,33020JF1,15,30,4.72,24,54.98,30.41527222,-87.25131111,15.15,,90,,,15,6.72,0.042,7,,1.4,,,,29.23,,18.7,87,5.12,0.2
9/11/2005,87,33020JF1,15,30,4.72,24,54.98,30.41527222,-87.25131111,4,30.55555556,45,30.55555556,32.22222222,3,6.52,0.134,15,31.66666667,1.29,30.55555556,32.22222222,32.22222222,28.09,31.66666667,15,87,4.62,0.09
9/13/2009,87,33020JF1,15,30,4.72,24,54.98,30.41527222,-87.25131111,11.83,27.22222222,120,28.88888889,31.11111111,2,6.87,0.075,11,30,0.93,30.55555556,28.33333333,31.66666667,29.09,31.11111111,19,87,,0.23
12/2/2007,87,33020JF1,15,30,4.72,24,54.98,30.41527222,-87.25131111,8.6,21.66666667,135,22.77777778,22.77777778,3,6.57,0.042,7,18.33333333,0.56,24.44444444,22.22222222,18.33333333,22.41,22.22222222,9.6,87,5.93,0.15
12/3/2000,87,33020JF1,15,30,4.72,24,54.98,30.41527222,-87.25131111,1.1,,10,,,5,6.09,0.045,9,,0.19,,,,16.46,,5.9,87,5.84,0.181
12/3/2006,87,33020JF1,15,30,4.72,24,54.98,30.41527222,-87.25131111,4.48,,350,,,10,6.87,0.038,4,,0.25,,,,19.59,,5,87,8.01,0.12
12/4/2005,87,33020JF1,15,30,4.72,24,54.98,30.41527222,-87.25131111,5.37,22.77777778,135,22.22222222,17.77777778,5,6.03,0.035,7,30,0.5,24.44444444,16.11111111,24.44444444,22.27,27.22222222,5,87,7.23,0.11
12/5/2004,87,33020JF1,15,30,4.72,24,54.98,30.41527222,-87.25131111,0.1,15,135,19.44444444,16.11111111,12,6.83,0.023,22,27.77777778,0.43,19.44444444,15,13.88888889,18.21,18.88888889,5,87,6.5,0.13
12/7/2008,87,33020JF1,15,30,4.72,24,54.98,30.41527222,-87.25131111,7.83,16.66666667,200,17.77777778,22.77777778,5,6.59,0.026,2.8,11.66666667,0.67,15,15.55555556,20.55555556,20.05,15,1.8,87,9.51,0.1
12/8/2002,87,33020JF1,15,30,4.72,24,54.98,30.41527222,-87.25131111,2.1,13.88888889,45,15.55555556,19.44444444,5,5.92,0.012,5,22.22222222,0.93,16.11111111,13.33333333,24.44444444,16.59,17.22222222,12.8,87,6.8,0.16
3/1/2009,87,3302HC11,11,30,25.9,25,52.6,30.43127778,-87.19052778,14.98,23.33333333,320,16.66666667,22.22222222,8,7.84,0.014,5.7,16.11111111,0.53,14.44444444,22.77777778,20,17.15,16.66666667,3.6,87,,0.022
3/2/2008,87,3302HC11,11,30,25.9,25,52.6,30.43127778,-87.19052778,6.96,22.22222222,360,17.77777778,13.33333333,0.3,6.91,0.014,5.3,21.66666667,0.44,22.22222222,,11.66666667,15.7,20.55555556,4.4,87,5.53,0.054
3/4/2007,87,3302HC11,11,30,25.9,25,52.6,30.43127778,-87.19052778,12.89,20.55555556,0,25.55555556,22.77777778,12,6.36,0.013,6,24.44444444,,12.77777778,17.77777778,21.66666667,16.75,20,5,87,8.62,0.07
3/5/2006,87,3302HC11,11,30,25.9,25,52.6,30.43127778,-87.19052778,14.77,,300,,,3,7.4,0.014,3,,0.37,,,,16.46,,5,87,8.8,0.02
3/7/2004,87,3302HC11,11,30,25.9,25,52.6,30.43127778,-87.19052778,5.5,20,0,,22.22222222,,6.98,0.073,6,21.66666667,1.61,23.88888889,22.22222222,22.22222222,20.3,21.11111111,56,87,6.97,0.02
6/3/2001,87,3302HC11,11,30,25.9,25,52.6,30.43127778,-87.19052778,18.5,31.66666667,,30.55555556,30.55555556,0,6.53,0.019,3,31.11111111,0.72,31.11111111,36.11111111,32.77777778,27.14,30.55555556,5.5,87,4.98,*Non-detect
6/3/2007,87,3302HC11,11,30,25.9,25,52.6,30.43127778,-87.19052778,20.14,32.77777778,0,28.33333333,27.77777778,2,7.45,0.02,3,28.88888889,0.56,30.55555556,28.33333333,26.66666667,26.24,28.88888889,5.3,87,6.38,0.01
6/4/2006,87,3302HC11,11,30,25.9,25,52.6,30.43127778,-87.19052778,13.85,,350,,,5,7.78,0.023,6,,0.63,,,,29.24,,5,87,7.48,0.04
6/6/2005,87,3302HC11,11,30,25.9,25,52.6,30.43127778,-87.19052778,6.8,28.88888889,,29.44444444,29.44444444,0,6.64,0.01,4,27.77777778,0.67,29.44444444,28.88888889,29.44444444,28.3,26.11111111,7.5,87,6.9,0.03
6/7/2009,87,3302HC11,11,30,25.9,25,52.6,30.43127778,-87.19052778,10.1,29.44444444,,31.66666667,29.44444444,0,7.82,0.028,7.2,30.55555556,0.65,30.55555556,30.55555556,26.66666667,26.81,32.77777778,12,87,15.83,0.05
9/7/2008,87,3302HC11,11,30,25.9,25,52.6,30.43127778,-87.19052778,13.45,31.11111111,,31.66666667,31.11111111,0,7.89,0.034,3.2,30.55555556,0.67,31.66666667,30,29.44444444,29.68,28.88888889,13,87,10.27,*Non-detect
9/8/2002,87,3302HC11,11,30,25.9,25,52.6,30.43127778,-87.19052778,22.3,30.55555556,90,31.11111111,33.88888889,12,7.75,0.034,7,31.11111111,0.26,32.77777778,32.22222222,33.33333333,26.26,31.11111111,6,87,5.85,0.03
9/9/2007,87,3302HC11,11,30,25.9,25,52.6,30.43127778,-87.19052778,20.84,30.55555556,,31.11111111,30.55555556,0,7.29,0.022,5,31.11111111,0.61,31.66666667,30.55555556,32.77777778,29.04,30,8.5,87,6.64,0.05
9/10/2006,87,3302HC11,11,30,25.9,25,52.6,30.43127778,-87.19052778,19.86,,45,,,10,7.58,0.021,7,,0.87,,,,27.4,,9.6,87,5.91,0.09
9/11/2005,87,3302HC11,11,30,25.9,25,52.6,30.43127778,-87.19052778,7.7,30.55555556,,30.55555556,32.22222222,0,7.12,0.022,6,31.66666667,0.76,30.55555556,32.22222222,32.22222222,27.2,31.66666667,6.9,87,8.84,0.02
9/13/2009,87,3302HC11,11,30,25.9,25,52.6,30.43127778,-87.19052778,12.46,27.22222222,180,28.88888889,31.11111111,5,7.43,0.026,5.5,30,0.62,30.55555556,28.33333333,31.66666667,26.9,31.11111111,21,87,4.27,*Non-detect
12/2/2007,87,3302HC11,11,30,25.9,25,52.6,30.43127778,-87.19052778,18.77,21.66666667,,22.77777778,22.77777778,0,6.93,0.02,2,18.33333333,0.42,24.44444444,22.22222222,18.33333333,16.43,22.22222222,5,87,10.7,0.02
12/3/2006,87,3302HC11,11,30,25.9,25,52.6,30.43127778,-87.19052778,16.82,,45,,,5,6.97,0.011,3,,0.5,,,,15.62,,5,87,7.34,0.07
12/4/2005,87,3302HC11,11,30,25.9,25,52.6,30.43127778,-87.19052778,18.76,22.77777778,,22.22222222,17.77777778,,6.98,0.013,5,30,0.42,24.44444444,16.11111111,24.44444444,18.19,27.22222222,5,87,8.47,0.11
12/5/2004,87,3302HC11,11,30,25.9,25,52.6,30.43127778,-87.19052778,7.8,15,0,19.44444444,16.11111111,5,6.01,0.009,2,27.77777778,0.46,19.44444444,15,13.88888889,14.9,18.88888889,5,87,8,0.06
12/7/2008,87,3302HC11,11,30,25.9,25,52.6,30.43127778,-87.19052778,21.01,16.66666667,,17.77777778,22.77777778,0,6.66,0.01,1.8,11.66666667,0.49,15,15.55555556,20.55555556,12.19,15,2.8,87,9.2,0.058
3/1/2009,87,3302JE20,15,30,31.74,24,39.32,30.41092222,-87.25881667,13.89,23.33333333,320,16.66666667,22.22222222,8,7.34,0.015,4.4,16.11111111,0.55,14.44444444,22.77777778,20,15.18,16.66666667,7.2,87,,0.025
3/2/2003,87,3302JE20,15,30,31.74,24,39.32,30.41092222,-87.25881667,14.8,19.44444444,270,15.55555556,20,4,7.1,0.044,5,20,0.48,20.55555556,18.33333333,17.77777778,16.81,21.11111111,8.5,87,6.87,0.039
3/2/2008,87,3302JE20,15,30,31.74,24,39.32,30.41092222,-87.25881667,11.38,22.22222222,180,17.77777778,13.33333333,3.3,6.45,0.023,6.5,21.66666667,0.37,22.22222222,,11.66666667,18.61,20.55555556,8.1,87,9.64,0.05
3/4/2007,87,3302JE20,15,30,31.74,24,39.32,30.41092222,-87.25881667,20.6,20.55555556,0,25.55555556,22.77777778,15,6.51,0.023,5,24.44444444,,12.77777778,17.77777778,21.66666667,19.52,20,5,87,7.41,0.13
3/5/2006,87,3302JE20,15,30,31.74,24,39.32,30.41092222,-87.25881667,17.07,,180,,,5,9.72,0.021,3,,0.49,,,,18.9,,5,87,9.72,0.04
3/7/2004,87,3302JE20,15,30,31.74,24,39.32,30.41092222,-87.25881667,6.2,20,0,,22.22222222,,6.85,0.046,4,21.66666667,0.71,23.88888889,22.22222222,22.22222222,21.4,21.11111111,8,87,7.35,0.08
6/2/2002,87,3302JE20,15,30,31.74,24,39.32,30.41092222,-87.25881667,21.6,33.88888889,225,31.11111111,29.44444444,2,5.22,0.033,15,30,0.45,33.88888889,30.55555556,29.44444444,30.5,32.22222222,13.4,87,5.15,*Non-detect
6/3/2001,87,3302JE20,15,30,31.74,24,39.32,30.41092222,-87.25881667,18.4,31.66666667,180,30.55555556,30.55555556,5,8.05,0.056,5,31.11111111,1.03,31.11111111,36.11111111,32.77777778,29.8,30.55555556,26.4,87,7.88,*Non-detect
6/3/2007,87,3302JE20,15,30,31.74,24,39.32,30.41092222,-87.25881667,19.64,32.77777778,300,28.33333333,27.77777778,12,7.15,0.036,4,28.88888889,0.64,30.55555556,28.33333333,26.66666667,27.87,28.88888889,9.1,87,7.7,0.019
6/4/2006,87,3302JE20,15,30,31.74,24,39.32,30.41092222,-87.25881667,16.69,,10,,,10,7.28,0.035,6,,0.77,,,,29.51,,11.4,87,7.99,0.02
6/6/2005,87,3302JE20,15,30,31.74,24,39.32,30.41092222,-87.25881667,5.5,28.88888889,120,29.44444444,29.44444444,10,6.71,0.016,4,27.77777778,0.82,29.44444444,28.88888889,29.44444444,30.26,26.11111111,5.3,87,7.05,0.04
6/7/2009,87,3302JE20,15,30,31.74,24,39.32,30.41092222,-87.25881667,9.14,29.44444444,,31.66666667,29.44444444,0,7.38,0.022,4.4,30.55555556,0.68,30.55555556,30.55555556,26.66666667,29.04,32.77777778,6,87,18.41,0.05
9/7/2008,87,3302JE20,15,30,31.74,24,39.32,30.41092222,-87.25881667,14.34,31.11111111,140,31.66666667,31.11111111,10,7.38,0.038,3.5,30.55555556,0.58,31.66666667,30,29.44444444,30.88,28.88888889,15,87,9.27,0.011
9/8/2002,87,3302JE20,15,30,31.74,24,39.32,30.41092222,-87.25881667,21.6,30.55555556,90,31.11111111,33.88888889,10,8.09,0.075,20,31.11111111,0.8,32.77777778,32.22222222,33.33333333,27.16,31.11111111,16,87,8.67,0.2
9/9/2007,87,3302JE20,15,30,31.74,24,39.32,30.41092222,-87.25881667,20.75,30.55555556,45,31.11111111,30.55555556,0,7.34,0.02,4,31.11111111,0.55,31.66666667,30.55555556,32.77777778,31.98,30,5,87,6.55,0.12
9/10/2006,87,3302JE20,15,30,31.74,24,39.32,30.41092222,-87.25881667,19.62,,50,,,25,7.49,0.024,5,,0.92,,,,30.64,,5.9,87,9.12,0.05
9/11/2005,87,3302JE20,15,30,31.74,24,39.32,30.41092222,-87.25881667,9.3,30.55555556,45,30.55555556,32.22222222,5,7.01,0.037,5,31.66666667,0.48,30.55555556,32.22222222,32.22222222,31,31.66666667,5,87,7.86,0.03
9/13/2009,87,3302JE20,15,30,31.74,24,39.32,30.41092222,-87.25881667,11.01,27.22222222,170,28.88888889,31.11111111,5,7.19,0.03,4.3,30,0.57,30.55555556,28.33333333,31.66666667,28.98,31.11111111,1.5,87,,0.061
12/2/2007,87,3302JE20,15,30,31.74,24,39.32,30.41092222,-87.25881667,16.09,21.66666667,135,22.77777778,22.77777778,8,6.53,0.032,5,18.33333333,0.51,24.44444444,22.22222222,18.33333333,21,22.22222222,11,87,8.44,0.053
12/3/2006,87,3302JE20,15,30,31.74,24,39.32,30.41092222,-87.25881667,19.65,,315,,,30,6.64,0.017,5,,0.23,,,,17.54,,5,87,7.15,0.1
12/4/2005,87,3302JE20,15,30,31.74,24,39.32,30.41092222,-87.25881667,15.31,22.77777778,135,22.22222222,17.77777778,8,6.36,0.026,5,30,0.47,24.44444444,16.11111111,24.44444444,20.76,27.22222222,9.1,87,7.18,0.04
12/5/2004,87,3302JE20,15,30,31.74,24,39.32,30.41092222,-87.25881667,8,15,135,19.44444444,16.11111111,15,6.18,0.022,3,27.77777778,0.9,19.44444444,15,13.88888889,18.49,18.88888889,16.6,87,5.31,0.06
12/7/2008,87,3302JE20,15,30,31.74,24,39.32,30.41092222,-87.25881667,22.12,16.66666667,200,17.77777778,22.77777778,5,6.56,0.015,1.8,11.66666667,0.51,15,15.55555556,20.55555556,15.61,15,4.2,87,9.53,0.036
12/8/2002,87,3302JE20,15,30,31.74,24,39.32,30.41092222,-87.25881667,21.1,13.88888889,45,15.55555556,19.44444444,6,6.25,0.02,4,22.22222222,0.66,16.11111111,13.33333333,24.44444444,15.84,17.22222222,8.5,87,7.07,0.05
1/4/2009,87,330300A2,1,30,44,36,7.8,30.60216667,-87.02888889,2.27,23.33333333,,25,16.66666667,0,6.45,*Non-detect,2.6,18.88888889,0.54,22.77777778,23.33333333,19.44444444,15.91,21.66666667,0.59,87,8.5,0.026
1/7/2007,88,330300A2,1,31,44,36,7.8,31.60216667,-88.02888889,1.11,21.11111111,200,20.55555556,21.11111111,4,5.97,0.011,3,11.11111111,0.47,21.66666667,21.66666667,15,16.92,17.77777778,5,88,7.91,0.02
4/8/2007,89,330300A2,1,32,44,36,7.8,32.60216667,-89.02888889,1.58,12.77777778,,24.44444444,18.88888889,0,6.27,0.011,3,26.66666667,,12.22222222,18.88888889,27.22222222,16.19,26.11111111,5,89,7.7,0.05
7/5/2009,90,330300A2,1,33,44,36,7.8,33.60216667,-90.02888889,0.06,33.33333333,300,35,33.88888889,3,6.42,0.017,4.7,32.22222222,0.33,34.44444444,34.44444444,33.88888889,29.09,34.44444444,3.6,90,5.55,0.014
7/6/2008,91,330300A2,1,34,44,36,7.8,34.60216667,-91.02888889,0.07,31.66666667,,31.66666667,31.11111111,0,5.77,*Non-detect,4.4,30.55555556,0.35,32.22222222,31.11111111,30.55555556,26.83,30,2.6,91,6.92,0.013
7/8/2007,92,330300A2,1,35,44,36,7.8,35.60216667,-92.02888889,2.93,32.77777778,,35,29.44444444,0,6.22,0.031,3,31.66666667,0.51,32.77777778,33.33333333,31.11111111,28.05,32.22222222,6.4,92,6.21,0.067
10/1/2006,93,330300A2,1,36,44,36,7.8,36.60216667,-93.02888889,5.34,,,,,0,6.52,0.008,2,,0.7,,,,23.88,,5,93,6.26,0.04
10/2/2005,94,330300A2,1,37,44,36,7.8,37.60216667,-94.02888889,0.8,30,140,31.11111111,30,3,5.39,0.021,4,31.66666667,0.38,30,29.44444444,28.88888889,24.55,28.88888889,5,94,5.23,0.05
10/4/2009,95,330300A2,1,38,44,36,7.8,38.60216667,-95.02888889,0.96,30,120,32.22222222,27.22222222,5.6,6.25,0.008,2.5,27.77777778,0.27,27.77777778,30,25.55555556,22.08,33.88888889,0.8,95,7.59,*Non-detect
10/5/2008,96,330300A2,1,39,44,36,7.8,39.60216667,-96.02888889,10.69,29.44444444,,30,26.66666667,0,6.98,*Non-detect,1.9,32.22222222,0.28,29.44444444,30,28.33333333,,31.11111111,1.5,96,4.42,0.019
10/7/2007,97,330300A2,1,40,44,36,7.8,40.60216667,-97.02888889,20.78,31.11111111,240,28.88888889,30.55555556,6,6.32,0.02,2,31.11111111,0.37,30,30,29.44444444,27.9,31.11111111,5,97,1.85,0.057
1/9/2007,87,420-A,9,30,47.3435,36,36.2916,30.610081,-87.16315097,0.02,16.11111111,,11.11111111,21.11111111,,5.37,,4.7,21.11111111,0.4,20,21.66666667,21.66666667,14.67,15,1.1,87,4.69,
1/16/2007,87,420-A,9,30,47.3435,36,36.2916,30.610081,-87.16315097,0.02,23.33333333,,20,21.66666667,,5.9,,2,18.88888889,0.46,16.66666667,22.22222222,21.66666667,14.08,13.88888889,5.3,87,3.6,
1/9/2007,87,420-D,10,30,26.5551,36,9.1029,30.60252858,-87.17404308,0.02,16.11111111,,11.11111111,21.11111111,,5.89,,15,21.11111111,0.52,20,21.66666667,21.66666667,15.73,15,1.1,87,8.58,
1/16/2007,87,420-D,10,30,26.5551,36,9.1029,30.60252858,-87.17404308,0.02,23.33333333,,20,21.66666667,,6.16,,1.9,18.88888889,0.42,16.66666667,22.22222222,21.66666667,16.75,13.88888889,1.1,87,8.36,
12/29/2006,87,420-D,10,30,26.5551,36,9.1029,30.60252858,-87.17404308,0.1,17.22222222,,20.55555556,10,,6.8,,3.7,17.22222222,0.15,20.55555556,11.11111111,19.44444444,14.2,21.11111111,1.1,87,8.86,
1/18/2007,87,493-D,10,30,26.5551,36,9.1029,30.60252858,-87.17404308,3.24,13.33333333,,18.88888889,23.33333333,,6.93,,7,21.66666667,0.52,13.33333333,16.66666667,22.22222222,14.91,21.66666667,2.1,87,8.83,
1/18/2007,87,493-E,8,30,20.9328,33,30.7871,30.55855197,-87.139148,2.14,13.33333333,,18.88888889,23.33333333,,7.17,,9.6,21.66666667,0.58,13.33333333,16.66666667,22.22222222,14.34,21.66666667,1.1,87,9.61,
1/18/2007,87,493-F,8,30,25.8701,33,41.2308,30.561453,-87.14051947,1.66,13.33333333,,18.88888889,23.33333333,,7.3,,14,21.66666667,0.49,13.33333333,16.66666667,22.22222222,14.2,21.66666667,2.1,87,9.61,
12/6/2006,87,539-A,5,30,15.0719,32,47.2559,30.54645997,-87.08751997,15.77,,,,,,6.51,,2.9,,0.62,,,,17.27,,1.1,87,9.73,
12/6/2006,87,539-B,6,30,22.8959,32,55.932,30.54887,-87.10635997,2.92,,,,,,5.66,,4.7,,1.1,,,,15.09,,5.3,87,9.55,
5/17/2006,87,548A-A,6,30,22.8959,32,55.932,30.54887,-87.10635997,15.56,,,,,,8,,1.8,,0.39,,,,24.49,,3.2,87,7.93,
1/19/2007,87,548A-E,8,30,15.1584,32,18.2615,30.53840597,-87.137544,15.87,13.33333333,,21.66666667,16.66666667,,8.28,,2.9,22.22222222,0.47,11.66666667,13.33333333,23.33333333,13.24,21.66666667,3.2,87,9.52,
8/10/2006,87,548C-A,11,30,15.4608,25,3.4283,30.41761897,-87.187628,20.83,,,,,,8.18,,1.8,,0.2,,,,29.47,,7.5,87,6.5,
10/24/2006,87,548C-A,11,30,15.4608,25,3.4283,30.41761897,-87.187628,27.15,,,,,,8.23,,1.6,,0.33,,,,20.89,,1.1,87,7.71,
6/28/2006,87,548E-A,12,30,5.6447,19,38.1288,30.327258,-87.20156797,27.12,,,,,,8.04,,0.69,,0.44,,,,30.16,,37,87,6.72,
12/11/2006,87,548E-A,12,30,5.6447,19,38.1288,30.327258,-87.20156797,31.61,,,,,,8.58,,0.44,,0.25,18.88888889,,,13.13,,1.1,87,8.1,
10/24/2006,87,548E-B,11,30,12.4079,20,42.216,30.34506,-87.18677997,28.54,,,,,,8.32,,2.6,,0.46,,,,19.89,,1.1,87,8.76,
12/11/2006,87,548E-C,15,30,51.5159,20,12.732,30.33687,-87.26430997,27.3,,,,,,8.51,,0.72,,0.3,18.88888889,,,11.24,,1.1,87,8.95,
12/11/2006,87,548E-D,14,30,31.344,20,5.388,30.33483,-87.24204,27.58,,,,,,8.29,,0.77,,0.35,18.88888889,,,11.25,,1.1,87,9.3,
5/16/2006,87,639-A,9,30,53.352,30,49.32,30.5137,-87.16482,0.15,,,,,,6.97,,4.2,,1.8,,,,26.07,,5.3,87,13.5,
5/16/2006,87,639-B,10,30,37.164,30,9.1799,30.50254997,-87.17699,0.05,,,,,,6.71,,5,,0.66,,,,24.63,,3.2,87,9.26,
10/16/2006,87,639-C,10,30,43.1363,30,14.0219,30.50389497,-87.17864897,0.03,,,,,,7.2,,6.3,,0.39,,,,22.9,,3.2,87,6.1,
11/27/2006,87,639-D,10,30,43.32,30,14.076,30.50391,-87.1787,0.08,,,,,,7.79,,3.1,,0.27,,,,16.58,,1.1,87,7.32,
9/26/2006,87,639-E,10,30,28.452,30,31.8599,30.50884997,-87.17457,0.05,,,,,,7.45,,2,,0.31,,,,22,,1.1,87,7.53,
12/15/2006,87,649-A,10,30,28.452,30,31.8599,30.50884997,-87.17457,22.94,21.11111111,,,20.55555556,,7.71,,1.5,,0.37,19.44444444,,18.88888889,16.62,,1.1,87,6.77,
11/29/2006,87,649-B,10,30,28.452,30,31.8599,30.50884997,-87.17457,12.48,,,,,,7.29,,2.8,,0.39,,,,20.51,,1.1,87,8.03,
12/15/2006,87,649-C,6,30,6.3331,31,40.2477,30.52784658,-87.10175919,23.83,21.11111111,,,20.55555556,,7.6,,2.3,,0.38,19.44444444,,18.88888889,16.09,,1.1,87,6.25,
1/18/2007,87,666-A,6,30,43.272,32,0.204,30.53339,-87.11202,15.3,13.33333333,,18.88888889,23.33333333,,8.17,,5.4,21.66666667,0.48,13.33333333,16.66666667,22.22222222,15.52,21.66666667,1.1,87,9.9,
1/18/2007,87,666-B,6,30,39.1536,31,33.7044,30.526029,-87.110876,12.09,13.33333333,,18.88888889,23.33333333,,7.52,,6.2,21.66666667,0.52,13.33333333,16.66666667,22.22222222,15.09,21.66666667,4.3,87,8.61,
3/12/2007,87,666-B,6,30,39.1536,31,33.7044,30.526029,-87.110876,6.98,24.44444444,,17.77777778,19.44444444,,7.17,,2.2,19.44444444,0.62,22.77777778,21.66666667,20,21.77,20.55555556,1.8,87,8.19,
8/29/2006,87,666-B,6,30,39.1536,31,33.7044,30.526029,-87.110876,18.1,,,,,,7.21,,7.3,,0.61,,,,29.89,,6.4,87,4.72,
9/26/2006,87,666-B,6,30,39.1536,31,33.7044,30.526029,-87.110876,19.15,,,,,,6.74,,12,,1.3,,,,25.67,,2.1,87,4.13,
12/20/2006,87,666-B,6,30,39.1536,31,33.7044,30.526029,-87.110876,22.97,25,,,22.22222222,,7.95,,21,19.44444444,0.79,22.22222222,22.77777778,20.55555556,22.87,21.11111111,1.1,87,8.5,
1/24/2007,87,666-C,6,30,30.2507,31,29.8452,30.524957,-87.10840297,28,11.66666667,,13.33333333,20.55555556,,7.98,,1.3,11.66666667,0.5,9.444444444,16.66666667,15.55555556,13.86,13.33333333,5.3,87,10.15,
3/12/2007,87,666-C,6,30,30.2507,31,29.8452,30.524957,-87.10840297,10.09,24.44444444,,17.77777778,19.44444444,,7.78,,3.6,19.44444444,0.64,22.77777778,21.66666667,20,23.24,20.55555556,2.7,87,8.98,
6/29/2006,87,666-C,6,30,30.2507,31,29.8452,30.524957,-87.10840297,17.8,,,,,,7.57,,6.1,,0.52,,,,30.88,,2.7,87,10.4,
9/26/2006,87,666-C,6,30,30.2507,31,29.8452,30.524957,-87.10840297,19.46,,,,,,6.93,,15,,0.93,,,,23.64,,1.1,87,4.62,
11/29/2006,87,666-C,6,30,30.2507,31,29.8452,30.524957,-87.10840297,16.2,,,,,,7.27,,4.5,,0.41,,,,19.33,,1.1,87,5.92,
12/20/2006,87,666-C,6,30,30.2507,31,29.8452,30.524957,-87.10840297,23.92,25,,,22.22222222,,8.1,,3.3,19.44444444,0.27,22.22222222,22.77777778,20.55555556,21.27,21.11111111,1.1,87,9.7,
12/7/2006,87,725-A,16,30,7.8549,28,43.3038,30.4786955,-87.26884858,0.04,,,,,,7.5,,2.9,,0.18,,,,12.27,,1.8,87,8.91,
1/18/2017,87,33010006,23,30,21,27,0,30.45,-87.38916667,0.5,,,,,,6.6,0.012,2.9,,0.29,,,,16.5,,4.2,87,7.2,0.006
7/11/2016,87,33010006,23,30,21,27,0,30.45,-87.38916667,5.1,,,,,,6.7,0.02,2.2,,0.43,,,,30.1,,15,87,4,0.005
9/26/2016,87,33010006,23,30,21,27,0,30.45,-87.38916667,5.8,,,,,,6.4,0.021,2.3,,0.4,,,,31,,9.4,87,1.9,0.003
10/24/2016,87,33010006,23,30,21,27,0,30.45,-87.38916667,18.1,,,,,,7.4,0.021,3.9,,0.54,,,,23.5,,13,87,4.1,0.003
10/29/2015,87,33010006,23,30,21,27,0,30.45,-87.38916667,7.6,,,,,,6.9,0.025,4.8,,0.54,,,,23.3,,2.5,87,5.9,*Non-detect
11/15/2016,87,33010006,23,30,21,27,0,30.45,-87.38916667,19,,,,,,7.7,0.017,2.3,,0.47,,,,23.1,,9.1,87,4.6,0.005
2/24/2010,87,33010036,19,30,25.96,26,1.9,30.43386111,-87.32387778,0.02,16.11111111,,13.33333333,18.33333333,0,7.79,0.009,2.8,16.11111111,0.29,10.55555556,18.88888889,17.77777778,12.49,15,1.7,87,9.09,*Non-detect
3/2/2008,87,33010036,19,30,25.96,26,1.9,30.43386111,-87.32387778,0.03,22.22222222,360,17.77777778,13.33333333,2,6.79,0.015,4.4,21.66666667,0.28,22.22222222,,11.66666667,15.58,20.55555556,8.1,87,0.3,0.013
3/4/2007,87,33010036,19,30,25.96,26,1.9,30.43386111,-87.32387778,0.03,20.55555556,340,25.55555556,22.77777778,10,7.2,0.012,1,24.44444444,,12.77777778,17.77777778,21.66666667,14.52,20,5,87,8.61,0.02
3/5/2006,87,33010036,19,30,25.96,26,1.9,30.43386111,-87.32387778,0.03,,,,,0,6.48,0.012,1,,0.16,,,,15.7,,5,87,8.07,0.02
3/7/2004,87,33010036,19,30,25.96,26,1.9,30.43386111,-87.32387778,0,20,0,,22.22222222,,5.8,0.009,3,21.66666667,0.31,23.88888889,22.22222222,22.22222222,18,21.11111111,5,87,6.62,0.02
6/3/2007,87,33010036,19,30,25.96,26,1.9,30.43386111,-87.32387778,0.03,32.77777778,310,28.33333333,27.77777778,2,6.93,0.02,3,28.88888889,0.44,30.55555556,28.33333333,26.66666667,23.75,28.88888889,5,87,4.85,0.01
6/4/2006,87,33010036,19,30,25.96,26,1.9,30.43386111,-87.32387778,0.03,,,,,0,5.92,0.016,3,,0.19,,,,24.67,,5,87,5.37,0.02
6/6/2005,87,33010036,19,30,25.96,26,1.9,30.43386111,-87.32387778,0,28.88888889,,29.44444444,29.44444444,0,6.44,0.017,2,27.77777778,0.4,29.44444444,28.88888889,29.44444444,25.93,26.11111111,5,87,4.65,0.03
6/7/2009,87,33010036,19,30,25.96,26,1.9,30.43386111,-87.32387778,0.03,29.44444444,,31.66666667,29.44444444,0,6.71,0.02,3.5,30.55555556,0.44,30.55555556,30.55555556,26.66666667,23.3,32.77777778,4.6,87,14.11,0.022
9/7/2008,87,33010036,19,30,25.96,26,1.9,30.43386111,-87.32387778,0.03,31.11111111,,31.66666667,31.11111111,0,5.86,0.023,2.3,30.55555556,0.57,31.66666667,30,29.44444444,25.95,28.88888889,7.6,87,4.36,0.016
9/9/2007,87,33010036,19,30,25.96,26,1.9,30.43386111,-87.32387778,0.03,30.55555556,,31.11111111,30.55555556,0,6.89,0.02,2,31.11111111,0.2,31.66666667,30.55555556,32.77777778,24.83,30,5,87,5.1,0.021
9/10/2006,87,33010036,19,30,25.96,26,1.9,30.43386111,-87.32387778,0.03,,,,,0,6.28,0.013,2,,0.22,,,,25.05,,5,87,5.37,0.02
9/11/2005,87,33010036,19,30,25.96,26,1.9,30.43386111,-87.32387778,0,30.55555556,360,30.55555556,32.22222222,1,6.64,0.023,6,31.66666667,0.12,30.55555556,32.22222222,32.22222222,24.1,31.66666667,5,87,4,0.04
12/2/2007,87,33010036,19,30,25.96,26,1.9,30.43386111,-87.32387778,0.03,21.66666667,165,22.77777778,22.77777778,4,7.69,0.02,4,18.33333333,0.29,24.44444444,22.22222222,18.33333333,17.02,22.22222222,5,87,7.69,0.016
12/3/2006,87,33010036,19,30,25.96,26,1.9,30.43386111,-87.32387778,0.03,,15,,,3,6.63,0.01,1,,0.1,,,,13.65,,5,87,8.67,0.02
12/4/2005,87,33010036,19,30,25.96,26,1.9,30.43386111,-87.32387778,0.03,22.77777778,,22.22222222,17.77777778,,6.55,0.017,2,30,0.16,24.44444444,16.11111111,24.44444444,17.53,27.22222222,5,87,7.13,0.02
12/5/2004,87,33010036,19,30,25.96,26,1.9,30.43386111,-87.32387778,0,15,20,19.44444444,16.11111111,5,6.49,0.014,1,27.77777778,0.27,19.44444444,15,13.88888889,16.2,18.88888889,5,87,6.7,0.02
12/7/2008,87,33010036,19,30,25.96,26,1.9,30.43386111,-87.32387778,0.03,16.66666667,60,17.77777778,22.77777778,5,6.23,0.11,21,11.66666667,1.1,15,15.55555556,20.55555556,12.19,15,7.4,87,9.36,0.017
3/8/2010,87,33010078,22,30,29.9,24,6.8,30.40188889,-87.37497222,0.04,18.33333333,,17.77777778,17.77777778,,6.26,0.012,3.2,15,0.33,18.88888889,16.11111111,15.55555556,12.19,9.444444444,1.1,87,8.54,0.047
4/19/2010,87,33010078,22,30,29.9,24,6.8,30.40188889,-87.37497222,3.54,27.77777778,180,25.55555556,25.55555556,3,6.71,0.029,2.7,25.55555556,0.37,28.88888889,26.66666667,24.44444444,23.19,25.55555556,10,87,6.11,0.047
4/26/2010,87,33010078,22,30,29.9,24,6.8,30.40188889,-87.37497222,5.69,27.22222222,,28.88888889,26.11111111,,6.57,0.016,3.3,25.55555556,0.43,,24.44444444,25.55555556,23.29,25.55555556,2.7,87,6.22,0.071
5/17/2010,87,33010078,22,30,29.9,24,6.8,30.40188889,-87.37497222,5.52,25,45,26.66666667,28.33333333,4,6.7,0.027,3.4,27.77777778,0.42,30.55555556,28.33333333,27.77777778,26.32,27.22222222,2.6,87,2.89,0.038
5/24/2010,87,33010078,22,30,29.9,24,6.8,30.40188889,-87.37497222,2.55,32.77777778,,30.55555556,30,0,6.83,0.018,1.4,28.88888889,0.37,35,30.55555556,29.44444444,29.11,30.55555556,4.2,87,5.49,0.019
7/12/2010,87,33010078,22,30,29.9,24,6.8,30.40188889,-87.37497222,7.04,33.33333333,183,28.88888889,33.33333333,7,6.84,0.019,2.6,31.11111111,0.58,33.33333333,33.88888889,32.77777778,30.56,29.44444444,2.1,87,3.5,
8/2/2010,87,33010078,22,30,29.9,24,6.8,30.40188889,-87.37497222,7.96,37.77777778,,32.77777778,37.22222222,0,7.02,0.013,1.8,35.55555556,0.52,36.66666667,37.77777778,35.55555556,33.59,33.33333333,4.7,87,5.35,0.056
9/7/2010,87,33010078,22,30,29.9,24,6.8,30.40188889,-87.37497222,5.81,31.11111111,250,30,32.22222222,2.1,6.66,0.03,2.8,31.66666667,0.78,31.11111111,30.55555556,32.77777778,28.26,30,4.5,87,4,0.1
9/21/2010,87,33010078,22,30,29.9,24,6.8,30.40188889,-87.37497222,11.64,33.33333333,90,32.22222222,32.77777778,2,6.66,0.046,4.2,31.66666667,0.6,32.22222222,31.66666667,32.22222222,30.64,31.66666667,40,87,2.7,0.045
10/25/2010,87,33010078,22,30,29.9,24,6.8,30.40188889,-87.37497222,17.98,28.33333333,173,27.22222222,28.88888889,8,7.22,0.043,3.6,28.88888889,0.52,29.44444444,27.77777778,26.66666667,24.51,28.88888889,36,87,4.8,0.034
11/22/2010,87,33010078,22,30,29.9,24,6.8,30.40188889,-87.37497222,10.74,23.88888889,,24.44444444,22.22222222,0,6.68,0.011,1.9,20,0.29,26.66666667,24.44444444,22.22222222,20.38,23.33333333,1.5,87,4.41,0.036
3/2/2008,87,33010082,24,30,10.7,21,8.2,30.35227778,-87.40297222,8.94,22.22222222,345,17.77777778,13.33333333,1.5,5.91,0.004,2.9,21.66666667,0.34,22.22222222,,11.66666667,14.6,20.55555556,0.55,87,6.4,0.05
3/4/2007,87,33010082,24,30,10.7,21,8.2,30.35227778,-87.40297222,22.03,20.55555556,340,25.55555556,22.77777778,8,6.28,0.005,1,24.44444444,,12.77777778,17.77777778,21.66666667,17.09,20,5,87,3.75,0.02
3/5/2006,87,33010082,24,30,10.7,21,8.2,30.35227778,-87.40297222,16.33,,,,,0,6.65,0.008,1,,0.64,,,,18.37,,5,87,3.55,0.02
3/7/2004,87,33010082,24,30,10.7,21,8.2,30.35227778,-87.40297222,0.2,20,0,,22.22222222,,4.11,0.016,7,21.66666667,0.37,23.88888889,22.22222222,22.22222222,15.15,21.11111111,5,87,7.79,0.02
3/22/2010,87,33010082,24,30,10.7,21,8.2,30.35227778,-87.40297222,2.94,17.77777778,185,19.44444444,20.55555556,2.5,4.12,0.007,2.5,14.44444444,0.43,13.33333333,20.55555556,19.44444444,12.18,18.88888889,0.64,87,7.68,*Non-detect
6/3/2001,87,33010082,24,30,10.7,21,8.2,30.35227778,-87.40297222,15.8,31.66666667,180,30.55555556,30.55555556,5,6.56,0.014,2,31.11111111,0.61,31.11111111,36.11111111,32.77777778,32.4,30.55555556,5.8,87,2.59,0.02
6/3/2007,87,33010082,24,30,10.7,21,8.2,30.35227778,-87.40297222,20.54,32.77777778,,28.33333333,27.77777778,0,6.3,0.02,1,28.88888889,0.69,30.55555556,28.33333333,26.66666667,27.8,28.88888889,5,87,1.94,0.011
6/4/2006,87,33010082,24,30,10.7,21,8.2,30.35227778,-87.40297222,16.12,,,,,0,6.49,0.034,6,,0.7,,,,33.16,,5,87,3.73,0.07
6/6/2005,87,33010082,24,30,10.7,21,8.2,30.35227778,-87.40297222,1.4,28.88888889,,29.44444444,29.44444444,0,5.2,0.01,1,27.77777778,0.53,29.44444444,28.88888889,29.44444444,24.46,26.11111111,5,87,4.86,0.05
9/8/2002,87,33010082,24,30,10.7,21,8.2,30.35227778,-87.40297222,21,30.55555556,90,31.11111111,33.88888889,5,6.76,0.012,9,31.11111111,0.19,32.77777778,32.22222222,33.33333333,26.84,31.11111111,6.9,87,2.4,0.03
9/9/2007,87,33010082,24,30,10.7,21,8.2,30.35227778,-87.40297222,22.97,30.55555556,350,31.11111111,30.55555556,5,6.35,0.02,1,31.11111111,0.85,31.66666667,30.55555556,32.77777778,31.13,30,5,87,0.55,0.05
9/10/2006,87,33010082,24,30,10.7,21,8.2,30.35227778,-87.40297222,23.55,,,,,0,6.62,0.034,8,,1.02,,,,30.91,,15.5,87,0.47,0.06
9/11/2005,87,33010082,24,30,10.7,21,8.2,30.35227778,-87.40297222,11.2,30.55555556,360,30.55555556,32.22222222,3,6.28,0.013,2,31.66666667,0.57,30.55555556,32.22222222,32.22222222,30.79,31.66666667,5,87,1.91,0.14
12/2/2007,87,33010082,24,30,10.7,21,8.2,30.35227778,-87.40297222,20.63,21.66666667,165,22.77777778,22.77777778,4,6.39,0.02,1,18.33333333,0.64,24.44444444,22.22222222,18.33333333,18.81,22.22222222,5,87,9.7,0.01
12/3/2006,87,33010082,24,30,10.7,21,8.2,30.35227778,-87.40297222,23.1,,15,,,12,6.23,0.005,2,,0.33,,,,20.06,,5,87,2.32,0.02
12/4/2005,87,33010082,24,30,10.7,21,8.2,30.35227778,-87.40297222,18.77,22.77777778,225,22.22222222,17.77777778,4,6.16,0.008,1,30,0.45,24.44444444,16.11111111,24.44444444,18.35,27.22222222,5,87,2.82,0.02
12/5/2004,87,33010082,24,30,10.7,21,8.2,30.35227778,-87.40297222,0,15,20,19.44444444,16.11111111,10,6,0.008,1,27.77777778,0.34,19.44444444,15,13.88888889,15.18,18.88888889,5,87,4.57,0.02
2/9/2015,87,330100A1,23,30,0.05,27,6.06,30.45168333,-87.38334722,6.84,,,,,,7.92,0.011,1.5,,0.38,,,,15.7,,3.2,87,9.74,0.005
3/23/2015,87,330100A1,23,30,0.05,27,6.06,30.45168333,-87.38334722,3.3,,,,,,7.3,0.008,2.5,,0.45,,,,23,,3.5,87,7.7,0.024
5/24/2005,87,330100A1,23,30,0.05,27,6.06,30.45168333,-87.38334722,2.54,33.88888889,,26.66666667,30,,8.41,0.042,7,27.77777778,0.62,34.44444444,27.77777778,28.88888889,29,27.22222222,31.3,87,9.02,
7/6/2015,87,330100A1,23,30,0.05,27,6.06,30.45168333,-87.38334722,3.7,,,,,,7.2,0.016,2.9,,0.39,,,,28.3,,8.2,87,6,0.018
8/19/2015,87,330100A1,23,30,0.05,27,6.06,30.45168333,-87.38334722,4.3,,,,,,7.8,0.018,2.3,,0.44,,,,29.5,,8.7,87,7.9,0.005
9/21/2015,87,330100A1,23,30,0.05,27,6.06,30.45168333,-87.38334722,19.9,,,,,,7.9,0.029,4,,0.63,,,,28.6,,13,87,4.1,0.005
10/29/2015,87,330100A1,23,30,0.05,27,6.06,30.45168333,-87.38334722,6.8,,,,,,7.1,0.02,4.8,,0.47,,,,23.6,,2.7,87,5.4,0.054
9/13/2016,87,330100A4,22,30,12,27,30,30.45833333,-87.37,16.6,,,,,,7.5,*Non-detect,8.1,,0.26,,,,30.4,,23,87,3.5,0.003
5/24/2005,87,330100A5,21,30,30,27,0,30.45,-87.35833333,1.39,33.88888889,,26.66666667,30,,8.01,0.047,9,27.77777778,0.7,34.44444444,27.77777778,28.88888889,28.62,27.22222222,15.6,87,8.74,
2/14/2012,87,330100A7,21,30,32.6,27,14.47,30.45401944,-87.35905556,14.77,16.11111111,,21.66666667,11.66666667,,7.51,0.023,11,15,0.34,21.11111111,9.444444444,16.11111111,12.8,20,11,87,8.67,*Non-detect
3/16/2016,87,330100A7,21,30,32.6,27,14.47,30.45401944,-87.35905556,0.5,,,,,,7.7,0.042,9.2,,0.58,,,,24,,6.3,87,8.2,0.014
3/22/2017,87,330100A7,21,30,32.6,27,14.47,30.45401944,-87.35905556,6.8,,,,,,7.7,0.019,4.2,,0.33,,,,24.9,,4.2,87,9.5,0.008
3/23/2015,87,330100A7,21,30,32.6,27,14.47,30.45401944,-87.35905556,5.2,,,,,,,0.021,5.1,,0.44,,,,24,,5.2,87,8.9,0.041
3/25/2014,87,330100A7,21,30,32.6,27,14.47,30.45401944,-87.35905556,2.22,17.77777778,,15,21.66666667,,,0.02,5.2,22.77777778,0.41,18.88888889,25.55555556,22.22222222,17.1,19.44444444,4.3,87,6.53,0.026
3/29/2011,87,330100A7,21,30,32.6,27,14.47,30.45401944,-87.35905556,3.43,,139,25,26.66666667,1,8.14,0.028,4.2,29.44444444,0.52,,,21.66666667,22.74,27.22222222,13,87,11.33,0.011
5/25/2010,87,330100A7,21,30,32.6,27,14.47,30.45401944,-87.35905556,1.42,35,174,30.55555556,30.55555556,4,6.97,0.037,4.8,29.44444444,0.47,30.55555556,32.77777778,30,28.43,28.88888889,36,87,7,0.015
5/29/2012,87,330100A7,21,30,32.6,27,14.47,30.45401944,-87.35905556,12.61,33.33333333,215,28.33333333,35,1,7.88,0.055,4.8,29.44444444,0.82,33.88888889,33.33333333,32.77777778,31.85,30,61,87,9.36,*Non-detect
6/4/2013,87,330100A7,21,30,32.6,27,14.47,30.45401944,-87.35905556,7.39,30.55555556,176,28.88888889,30.55555556,10.1,7.61,0.011,2.9,29.44444444,0.41,30.55555556,30.55555556,29.44444444,30.48,30,6.8,87,7.18,0.009
6/7/2016,87,330100A7,21,30,32.6,27,14.47,30.45401944,-87.35905556,6.8,,,,,,7.5,0.022,2.9,,0.44,,,,29.2,,11,87,7.9,0.002
6/28/2011,87,330100A7,21,30,32.6,27,14.47,30.45401944,-87.35905556,6.85,36.11111111,200,35,33.88888889,1,7.69,0.033,6.2,35,0.74,35.55555556,35,34.44444444,31.56,35,18,87,7.55,*Non-detect
8/14/2012,87,330100A7,21,30,32.6,27,14.47,30.45401944,-87.35905556,2.51,31.11111111,,31.11111111,29.44444444,,7.31,0.044,8.8,31.11111111,0.92,31.11111111,31.66666667,31.11111111,28.97,30.55555556,10,87,6.99,0.076
9/9/2014,87,330100A7,21,30,32.6,27,14.47,30.45401944,-87.35905556,7.89,30.55555556,,32.77777778,33.33333333,,,0.015,5.2,30.55555556,0.69,31.66666667,32.77777778,31.66666667,28.37,33.88888889,18,87,3.85,*Non-detect
9/10/2013,87,330100A7,21,30,32.6,27,14.47,30.45401944,-87.35905556,5.66,32.22222222,,31.66666667,32.22222222,,,0.042,7,31.66666667,0.71,31.11111111,31.11111111,31.66666667,30.33,31.11111111,25,87,3.87,0.003
9/14/2016,87,330100A7,21,30,32.6,27,14.47,30.45401944,-87.35905556,13.3,,,,,,8,0.049,5.4,,0.6,,,,30.1,,4.5,87,5.5,*Non-detect
9/16/2015,87,330100A7,21,30,32.6,27,14.47,30.45401944,-87.35905556,16.3,,,,,,8.2,0.095,8.7,,1.1,,,,28.9,,77,87,8.1,0.005
11/27/2012,87,330100A7,21,30,32.6,27,14.47,30.45401944,-87.35905556,17.62,20.55555556,,22.22222222,16.66666667,,8.13,0.016,1.8,22.77777778,0.44,20,15.55555556,23.33333333,16.9,23.88888889,6.4,87,8.35,*Non-detect
12/7/2016,87,330100A7,21,30,32.6,27,14.47,30.45401944,-87.35905556,9.5,,,,,,7,0.028,10,,0.42,,,,19.3,,7.1,87,8,0.008
12/13/2011,87,330100A7,21,30,32.6,27,14.47,30.45401944,-87.35905556,18.42,16.11111111,195,24.44444444,14.44444444,2,7.89,0.033,5.1,10.55555556,0.54,18.88888889,11.11111111,15,13.43,12.77777778,22,87,9.05,*Non-detect
12/16/2014,87,330100A7,21,30,32.6,27,14.47,30.45401944,-87.35905556,18,21.11111111,,18.33333333,20,,,0.026,3.2,15,0.5,21.11111111,18.88888889,18.88888889,16.37,14.44444444,4.1,87,7.08,0.013
12/21/2015,87,330100A7,21,30,32.6,27,14.47,30.45401944,-87.35905556,13.1,,,,,,7.2,0.015,2.4,,0.45,,,,16.1,,4.8,87,6.4,0.01
2/9/2015,87,330100C6,22,30,0,25,30,30.425,-87.36666667,17.75,,,,,,7.99,0.014,2.2,,0.43,,,,14.3,,4.4,87,9.85,0.003
3/23/2015,87,330100C6,22,30,0,25,30,30.425,-87.36666667,5,,,,,,7.3,0.006,1.6,,0.26,,,,23.2,,2.6,87,7.9,0.011
5/24/2005,87,330100C6,22,30,0,25,30,30.425,-87.36666667,2.49,33.88888889,,26.66666667,30,,8.14,0.044,9,27.77777778,0.62,34.44444444,27.77777778,28.88888889,29.29,27.22222222,14.5,87,8.1,
7/6/2015,87,330100C6,22,30,0,25,30,30.425,-87.36666667,5.3,,,,,,7.6,0.02,2.8,,0.51,,,,28.4,,13,87,6.6,0.003
8/8/2005,87,330100C6,22,30,0,25,30,30.425,-87.36666667,14.82,30,,29.44444444,26.11111111,,6.64,,4,29.44444444,,32.22222222,28.33333333,29.44444444,28.46,27.22222222,15.3,87,8.31,
8/19/2015,87,330100C6,22,30,0,25,30,30.425,-87.36666667,10.1,,,,,,8.1,0.028,3.7,,0.55,,,,30,,19,87,7.7,0.004
9/21/2015,87,330100C6,22,30,0,25,30,30.425,-87.36666667,17.5,,,,,,8.2,0.03,4.1,,0.65,,,,28.8,,13,87,7.6,0.006
10/29/2015,87,330100C6,22,30,0,25,30,30.425,-87.36666667,7.2,,,,,,7.1,0.023,7.1,,0.43,,,,23.8,,3.5,87,6.1,0.046
2/9/2015,87,330100D4,25,30,18,24,12,30.40333333,-87.42166667,17.09,,,,,,7.75,0.011,1.7,,0.39,,,,15.18,,3.4,87,10.55,0.003
3/23/2015,87,330100D4,25,30,18,24,12,30.40333333,-87.42166667,17.5,,,,,,6.8,0.005,1.7,,0.31,,,,22.8,,3,87,7.96,0.01
5/24/2005,87,330100D4,25,30,18,24,12,30.40333333,-87.42166667,4.74,33.88888889,,26.66666667,30,,7.55,0.036,8,27.77777778,0.55,34.44444444,27.77777778,28.88888889,29.26,27.22222222,11.4,87,7.18,
8/8/2005,87,330100D4,25,30,18,24,12,30.40333333,-87.42166667,17.14,30,,29.44444444,26.11111111,,6.78,,4,29.44444444,,32.22222222,28.33333333,29.44444444,28.79,27.22222222,23.1,87,1.35,
8/19/2015,87,330100D4,25,30,18,24,12,30.40333333,-87.42166667,15.5,,,,,,7.8,0.026,3.5,,0.77,,,,29.8,,13,87,4.6,0.005
9/21/2015,87,330100D4,25,30,18,24,12,30.40333333,-87.42166667,18,,,,,,8.3,0.029,6,,0.57,,,,28.1,,11,87,7.3,0.006
10/29/2015,87,330100D4,25,30,18,24,12,30.40333333,-87.42166667,20.4,,,,,,7.2,0.016,2.8,,0.44,,,,23.6,,3.1,87,6.5,0.053
7/19/2005,87,330100F4,27,30,0,20,30,30.34166667,-87.45,3,30.55555556,,29.44444444,30,,6.96,,5,28.88888889,,31.11111111,30,28.33333333,29.96,30.55555556,21.9,87,1.14,
5/23/2005,87,33010D16,27,30,3.1,21,56.4,30.36566667,-87.45086111,10.63,27.77777778,,27.77777778,28.88888889,,7.98,*Non-detect,5,27.22222222,0.52,33.88888889,30,27.77777778,27.93,26.66666667,5.9,87,7.05,
3/2/2008,87,33010FA7,24,30,12.6,19,51.6,30.331,-87.4035,0.05,22.22222222,165,17.77777778,13.33333333,2.1,4.65,0.004,1.7,21.66666667,0.91,22.22222222,,11.66666667,12.97,20.55555556,1.3,87,5.06,0.022
3/4/2007,87,33010FA7,24,30,12.6,19,51.6,30.331,-87.4035,0.11,20.55555556,340,25.55555556,22.77777778,5,4.17,0.007,2,24.44444444,,12.77777778,17.77777778,21.66666667,12.34,20,5,87,5.23,0.02
3/5/2006,87,33010FA7,24,30,12.6,19,51.6,30.331,-87.4035,0.07,,180,,,3,4.14,0.013,2,,0.72,,,,13.32,,5,87,3.9,0.02
3/7/2004,87,33010FA7,24,30,12.6,19,51.6,30.331,-87.4035,0,20,0,,22.22222222,,3.65,0.023,3,21.66666667,0.69,23.88888889,22.22222222,22.22222222,15.8,21.11111111,5,87,2.7,0.02
3/22/2010,87,33010FA7,24,30,12.6,19,51.6,30.331,-87.4035,0.01,17.77777778,220,19.44444444,20.55555556,0.5,3.86,0.011,0.95,14.44444444,0.84,13.33333333,20.55555556,19.44444444,11.73,18.88888889,5.3,87,3.96,*Non-detect
4/19/2010,87,33010FA7,24,30,12.6,19,51.6,30.331,-87.4035,12.95,27.77777778,245,25.55555556,25.55555556,4,4.54,0.009,3,25.55555556,0.7,28.88888889,26.66666667,24.44444444,18.26,25.55555556,0.87,87,1.4,0.039
6/2/2002,87,33010FA7,24,30,12.6,19,51.6,30.331,-87.4035,0.1,33.88888889,,31.11111111,29.44444444,0,3.74,0.041,10,30,1.12,33.88888889,30.55555556,29.44444444,21.84,32.22222222,9.1,87,1.02,0.02
6/3/2007,87,33010FA7,24,30,12.6,19,51.6,30.331,-87.4035,0.1,32.77777778,,28.33333333,27.77777778,0,4.54,0.041,1,28.88888889,1.4,30.55555556,28.33333333,26.66666667,21.55,28.88888889,5,87,1.55,0.052
6/4/2006,87,33010FA7,24,30,12.6,19,51.6,30.331,-87.4035,0.07,,,,,0,4.13,0.048,5,,1.11,,,,23.36,,5,87,1.23,0.04
6/6/2005,87,33010FA7,24,30,12.6,19,51.6,30.331,-87.4035,0,28.88888889,,29.44444444,29.44444444,0,4.34,0.01,1,27.77777778,,29.44444444,28.88888889,29.44444444,25.97,26.11111111,5,87,0.72,0.11
6/17/2010,87,33010FA7,24,30,12.6,19,51.6,30.331,-87.4035,0.03,32.77777778,,31.66666667,35,0,3.89,0.006,1.7,32.22222222,0.63,34.44444444,33.88888889,35.55555556,24.95,31.66666667,2.7,87,6.32,0.02
9/9/2007,87,33010FA7,24,30,12.6,19,51.6,30.331,-87.4035,0.11,30.55555556,,31.11111111,30.55555556,0,7.02,0.067,27,31.11111111,2.2,31.66666667,30.55555556,32.77777778,24.04,30,5,87,2.15,0.86
9/11/2005,87,33010FA7,24,30,12.6,19,51.6,30.331,-87.4035,0.1,30.55555556,,30.55555556,32.22222222,0,4.07,0.015,1,31.66666667,1.09,30.55555556,32.22222222,32.22222222,23.3,31.66666667,5,87,3.23,0.45
9/27/2010,87,33010FA7,24,30,12.6,19,51.6,30.331,-87.4035,0.05,28.88888889,75,33.33333333,31.66666667,2,3.92,0.009,1.2,31.66666667,1.2,28.33333333,30,31.11111111,24.06,32.22222222,0.81,87,1.77,0.037
12/2/2007,87,33010FA7,24,30,12.6,19,51.6,30.331,-87.4035,0.07,21.66666667,165,22.77777778,22.77777778,6,6.23,0.02,1,18.33333333,1.3,24.44444444,22.22222222,18.33333333,15.19,22.22222222,5,87,4.66,0.012
12/3/2006,87,33010FA7,24,30,12.6,19,51.6,30.331,-87.4035,0.19,,10,,,15,5.01,0.031,16,,2.06,,,,9.93,,5.3,87,7.97,0.64
12/4/2005,87,33010FA7,24,30,12.6,19,51.6,30.331,-87.4035,0.07,22.77777778,225,22.22222222,17.77777778,4,3.75,0.009,1,30,0.48,24.44444444,16.11111111,24.44444444,16.12,27.22222222,5,87,2.87,0.02
12/5/2004,87,33010FA7,24,30,12.6,19,51.6,30.331,-87.4035,0.1,15,20,19.44444444,16.11111111,10,3.49,0.055,1,27.77777778,0.76,19.44444444,15,13.88888889,14.67,18.88888889,5,87,3.9,0.09
5/27/2002,87,33010G4T,24,30,50.1,22,7.1,30.36863889,-87.41391667,21.8,31.11111111,,26.66666667,28.88888889,,8,0.025,7,25,0.29,32.22222222,28.88888889,26.66666667,27.5,27.22222222,5.4,87,5.8,
5/10/2010,87,33010G4W,24,30,51.9,21,7.4,30.35205556,-87.41441667,14.08,28.33333333,,25,28.88888889,,7.49,0.017,3.5,29.44444444,0.45,26.66666667,30,28.33333333,27.25,31.11111111,5,87,10.71,*Non-detect
8/9/2010,87,33010G4W,24,30,51.9,21,7.4,30.35205556,-87.41441667,16.08,34.44444444,130,36.66666667,33.33333333,2.7,8.48,0.024,5.4,33.33333333,0.51,33.33333333,35,32.77777778,32.17,33.88888889,100,87,4.31,*Non-detect
11/9/2010,87,33010G4W,24,30,51.9,21,7.4,30.35205556,-87.41441667,15.71,20,180,25.55555556,17.22222222,4,7.57,0.015,2.8,20.55555556,0.41,22.77777778,17.77777778,17.22222222,20.06,21.66666667,2.6,87,8.02,0.058
7/11/2016,87,33010H91,26,30,25,18,47,30.31305556,-87.44027778,25.8,,,,,,7.9,0.021,2,,0.42,,,,30.3,,5.4,87,5.5,*Non-detect
10/24/2016,87,33010H91,26,30,25,18,47,30.31305556,-87.44027778,29.4,,,,,,7.9,0.012,1.6,,0.23,,,,22.4,,2.9,87,6.4,0.002
1/18/2017,87,33020M31,25,30,34.2337,18,47.553,30.31320917,-87.42617603,9.4,,,,,,7.6,0.012,2.6,,0.43,,,,21.3,,8.3,87,9.5,0.013
3/2/2003,87,33020M31,25,30,34.2337,18,47.553,30.31320917,-87.42617603,21.5,19.44444444,270,15.55555556,20,8,7.82,0.047,4,20,0.56,20.55555556,18.33333333,17.77777778,8.66,21.11111111,5.3,87,10.65,0.022
3/2/2008,87,33020M31,25,30,34.2337,18,47.553,30.31320917,-87.42617603,18.17,22.22222222,180,17.77777778,13.33333333,2.5,5.91,0.11,5.9,21.66666667,0.91,22.22222222,,11.66666667,18.85,20.55555556,29,87,7.28,0.05
3/4/2007,87,33020M31,25,30,34.2337,18,47.553,30.31320917,-87.42617603,24.28,20.55555556,340,25.55555556,22.77777778,5,6.37,0.01,1,24.44444444,,12.77777778,17.77777778,21.66666667,16.14,20,5,87,8.29,0.13
3/5/2006,87,33020M31,25,30,34.2337,18,47.553,30.31320917,-87.42617603,24.25,,90,,,5,8.14,0.015,2,,0.47,,,,16.88,,5,87,8.93,0.03
3/7/2004,87,33020M31,25,30,34.2337,18,47.553,30.31320917,-87.42617603,17.8,20,0,,22.22222222,,7.8,0.053,3,21.66666667,0.6,23.88888889,22.22222222,22.22222222,19.3,21.11111111,5,87,6.38,0.05
6/3/2001,87,33020M31,25,30,34.2337,18,47.553,30.31320917,-87.42617603,25.5,31.66666667,180,30.55555556,30.55555556,5,6.47,0.025,2,31.11111111,0.7,31.11111111,36.11111111,32.77777778,27.81,30.55555556,8.5,87,5.82,*Non-detect
6/3/2007,87,33020M31,25,30,34.2337,18,47.553,30.31320917,-87.42617603,25.69,32.77777778,0,28.33333333,27.77777778,3,6.33,0.033,3,28.88888889,0.51,30.55555556,28.33333333,26.66666667,26.63,28.88888889,5,87,4.99,0.01
6/4/2006,87,33020M31,25,30,34.2337,18,47.553,30.31320917,-87.42617603,24.13,,360,,,5,7.81,0.022,3,,0.4,,,,28.21,,5,87,5.67,0.12
6/6/2005,87,33020M31,25,30,34.2337,18,47.553,30.31320917,-87.42617603,21,28.88888889,,29.44444444,29.44444444,0,7.22,0.011,3,27.77777778,0.44,29.44444444,28.88888889,29.44444444,28.78,26.11111111,5,87,4.9,0.05
6/7/2009,87,33020M31,25,30,34.2337,18,47.553,30.31320917,-87.42617603,16.41,29.44444444,,31.66666667,29.44444444,0,7.5,0.02,3,30.55555556,0.53,30.55555556,30.55555556,26.66666667,25.69,32.77777778,4.6,87,14.4,0.013
7/11/2016,87,33020M31,25,30,34.2337,18,47.553,30.31320917,-87.42617603,25.7,,,,,,7.8,0.022,1.6,,0.34,,,,30.4,,5.1,87,6,0.005
8/29/2016,87,33020M31,25,30,34.2337,18,47.553,30.31320917,-87.42617603,25.6,,,,,,8,0.014,1.8,,0.42,,,,29.9,,6.9,87,6.1,*Non-detect
9/7/2008,87,33020M31,25,30,34.2337,18,47.553,30.31320917,-87.42617603,23.63,31.11111111,180,31.66666667,31.11111111,5,7.45,0.09,3.3,30.55555556,0.85,31.66666667,30,29.44444444,29.87,28.88888889,93,87,5.97,*Non-detect
9/9/2007,87,33020M31,25,30,34.2337,18,47.553,30.31320917,-87.42617603,29.01,30.55555556,45,31.11111111,30.55555556,8,7.27,0.02,5,31.11111111,0.37,31.66666667,30.55555556,32.77777778,28.97,30,5,87,5.71,0.05
9/10/2006,87,33020M31,25,30,34.2337,18,47.553,30.31320917,-87.42617603,31.18,,90,,,10,7.86,0.013,3,,0.46,,,,28.06,,5,87,5.19,0.1
9/11/2005,87,33020M31,25,30,34.2337,18,47.553,30.31320917,-87.42617603,18.2,30.55555556,45,30.55555556,32.22222222,2,7.73,0.02,3,31.66666667,0.31,30.55555556,32.22222222,32.22222222,27.8,31.66666667,5,87,6,0.02
9/26/2016,87,33020M31,25,30,34.2337,18,47.553,30.31320917,-87.42617603,27.1,,,,,,8,0.018,1.7,,0.29,,,,29.9,,4.9,87,5.7,0.002
10/24/2016,87,33020M31,25,30,34.2337,18,47.553,30.31320917,-87.42617603,29.6,,,,,,8,0.013,2,,0.28,,,,22.5,,3.2,87,6.4,0.002
11/15/2016,87,33020M31,25,30,34.2337,18,47.553,30.31320917,-87.42617603,26,,,,,,8,0.021,2.2,,0.36,,,,19.1,,3.7,87,7.9,0.002
12/2/2007,87,33020M31,25,30,34.2337,18,47.553,30.31320917,-87.42617603,11.14,21.66666667,135,22.77777778,22.77777778,6,6.55,0.02,2,18.33333333,0.42,24.44444444,22.22222222,18.33333333,17.65,22.22222222,5,87,11.14,0.01
12/3/2006,87,33020M31,25,30,34.2337,18,47.553,30.31320917,-87.42617603,23.05,,10,,,15,5.84,0.046,8,,0.99,,,,15.16,,13.4,87,7.5,0.07
12/4/2005,87,33020M31,25,30,34.2337,18,47.553,30.31320917,-87.42617603,26.47,22.77777778,90,22.22222222,17.77777778,4,7.56,0.02,2,30,0.24,24.44444444,16.11111111,24.44444444,17.5,27.22222222,5,87,8.6,0.03
12/5/2004,87,33020M31,25,30,34.2337,18,47.553,30.31320917,-87.42617603,20.4,15,20,19.44444444,16.11111111,12,7.24,0.015,1,27.77777778,0.53,19.44444444,15,13.88888889,16.34,18.88888889,5,87,7.5,0.06
12/7/2008,87,33020M31,25,30,34.2337,18,47.553,30.31320917,-87.42617603,27.86,16.66666667,40,17.77777778,22.77777778,5,6.49,0.048,4.1,11.66666667,0.79,15,15.55555556,20.55555556,14.29,15,17,87,8.38,0.016
3/2/2003,87,33020M33,25,30,32,18,24.6,30.30683333,-87.42555556,3.51,19.44444444,270,15.55555556,20,8,7.56,0.089,6,20,0.94,20.55555556,18.33333333,17.77777778,16.03,21.11111111,22.8,87,8.77,*Non-detect
3/2/2008,87,33020M33,25,30,32,18,24.6,30.30683333,-87.42555556,15.98,22.22222222,140,17.77777778,13.33333333,4,6.87,0.012,1.7,21.66666667,0.34,22.22222222,,11.66666667,16.89,20.55555556,3.9,87,9.57,0.05
3/4/2007,87,33020M33,25,30,32,18,24.6,30.30683333,-87.42555556,25.9,20.55555556,340,25.55555556,22.77777778,5,6.49,0.011,6,24.44444444,,12.77777778,17.77777778,21.66666667,16.45,20,5.9,87,7.54,0.13
3/5/2006,87,33020M33,25,30,32,18,24.6,30.30683333,-87.42555556,20.97,,140,,,3,7.83,0.042,3,,0.84,,,,16.93,,5,87,7.82,0.04
3/7/2004,87,33020M33,25,30,32,18,24.6,30.30683333,-87.42555556,21.2,20,0,,22.22222222,,7.4,0.042,1,21.66666667,1.77,23.88888889,22.22222222,22.22222222,20.4,21.11111111,5,87,5.42,0.04
6/3/2007,87,33020M33,25,30,32,18,24.6,30.30683333,-87.42555556,25.27,32.77777778,0,28.33333333,27.77777778,5,7.27,0.02,5,28.88888889,0.46,30.55555556,28.33333333,26.66666667,26.47,28.88888889,5,87,6.14,0.01
6/4/2006,87,33020M33,25,30,32,18,24.6,30.30683333,-87.42555556,27.05,,300,,,5,6.98,0.024,6,,0.44,,,,27.64,,5,87,4.18,0.07
6/6/2005,87,33020M33,25,30,32,18,24.6,30.30683333,-87.42555556,16.6,28.88888889,,29.44444444,29.44444444,0,6.99,0.026,3,27.77777778,1.14,29.44444444,28.88888889,29.44444444,28.9,26.11111111,5,87,5.2,0.03
6/7/2009,87,33020M33,25,30,32,18,24.6,30.30683333,-87.42555556,20.69,29.44444444,,31.66666667,29.44444444,0,8.08,0.019,3.6,30.55555556,0.52,30.55555556,30.55555556,26.66666667,26.52,32.77777778,5.4,87,16.38,*Non-detect
9/7/2008,87,33020M33,25,30,32,18,24.6,30.30683333,-87.42555556,25.77,31.11111111,180,31.66666667,31.11111111,3,7.74,0.026,0.85,30.55555556,0.42,31.66666667,30,29.44444444,28.88,28.88888889,5.6,87,7.03,0.018
9/9/2007,87,33020M33,25,30,32,18,24.6,30.30683333,-87.42555556,28.52,30.55555556,45,31.11111111,30.55555556,5,7.5,0.067,5,31.11111111,0.83,31.66666667,30.55555556,32.77777778,29.98,30,24.6,87,3.77,0.05
9/10/2006,87,33020M33,25,30,32,18,24.6,30.30683333,-87.42555556,28.83,,90,,,5,7.23,0.028,4,,0.72,,,,28.08,,5.3,87,2.6,0.07
9/11/2005,87,33020M33,25,30,32,18,24.6,30.30683333,-87.42555556,15.4,30.55555556,,30.55555556,32.22222222,0,7.18,0.025,3,31.66666667,0.66,30.55555556,32.22222222,32.22222222,29.4,31.66666667,5,87,5.35,6
12/2/2007,87,33020M33,25,30,32,18,24.6,30.30683333,-87.42555556,17.3,21.66666667,135,22.77777778,22.77777778,6,6.85,0.11,5,18.33333333,1.7,24.44444444,22.22222222,18.33333333,19.89,22.22222222,10.1,87,8.79,0.13
12/3/2006,87,33020M33,25,30,32,18,24.6,30.30683333,-87.42555556,23.26,,10,,,15,7.33,0.01,2,,0.22,,,,14.52,,5,87,9.1,0.03
12/4/2005,87,33020M33,25,30,32,18,24.6,30.30683333,-87.42555556,27.26,22.77777778,145,22.22222222,17.77777778,5,7.26,0.057,7,30,0.69,24.44444444,16.11111111,24.44444444,18.35,27.22222222,5,87,8.76,0.02
12/5/2004,87,33020M33,25,30,32,18,24.6,30.30683333,-87.42555556,14.9,15,20,19.44444444,16.11111111,15,6.29,0.017,3,27.77777778,1.25,19.44444444,15,13.88888889,17.59,18.88888889,10.7,87,2.55,0.14
12/7/2008,87,33020M33,25,30,32,18,24.6,30.30683333,-87.42555556,24.04,16.66666667,60,17.77777778,22.77777778,5,6.5,0.016,1.3,11.66666667,0.55,15,15.55555556,20.55555556,12.19,15,3.9,87,10.09,*Non-detect
12/8/2002,87,33020M33,25,30,32,18,24.6,30.30683333,-87.42555556,21,13.88888889,45,15.55555556,19.44444444,4,7.44,0.043,3,22.22222222,1.26,16.11111111,13.33333333,24.44444444,14.27,17.22222222,23.3,87,7.94,0.01
11/28/2006,87,987-A,26,30,23.4527,19,20.1795,30.32227208,-87.43984797,16.24,,,,,,8.01,,1.5,,0.46,,,,16.49,,1.1,87,9.21,
12/12/2006,87,987-B,25,30,57.7797,19,24.3623,30.32343397,-87.43271658,25.43,18.88888889,,,,,8.2,,1.9,,0.34,20.55555556,,,12.92,,2.1,87,5.71,
11/28/2006,87,987-D,25,30,57.7797,19,24.3623,30.32343397,-87.43271658,19.2,,,,,,7.89,,1.8,,0.45,,,,17.48,,1.3,87,8.38,
12/12/2006,87,987-D,25,30,57.7797,19,24.3623,30.32343397,-87.43271658,25.94,18.88888889,,,,,7.92,,1.1,,0.4,20.55555556,,,13.21,,1.1,87,6.94,
8/18/2003,87,PEN200307,21,30,36,27,0,30.45,-87.36,1.2,30,,30,31.11111111,,6.8,6.8,6.5,30.55555556,,31.11111111,31.11111111,32.77777778,30.6,26.66666667,9.31,87,8.4,
8/18/2003,87,PEN200310,22,30,48,25,12,30.42,-87.38,1.3,30,,30,31.11111111,,6.4,20.773,5.76,30.55555556,,31.11111111,31.11111111,32.77777778,28.5,26.66666667,4.74,87,8.7,
8/18/2003,87,PEN200322,26,30,24,21,0,30.35,-87.44,22.2,30,,30,31.11111111,,8.2,6.95,2.94,30.55555556,,31.11111111,31.11111111,32.77777778,30.1,26.66666667,7.35,87,9,
8/18/2003,87,PEN200326,25,30,48,19,12,30.32,-87.43,7.4,30,,30,31.11111111,,7.3,11.48,3.68,30.55555556,,31.11111111,31.11111111,32.77777778,32.6,26.66666667,6.74,87,7,
7/8/2002,87,STR200201,25,30,12,28,12,30.47,-87.42,2.9,33.88888889,,32.77777778,31.66666667,,7,10.23,4.56,34.44444444,,32.22222222,32.22222222,32.22222222,28.7,33.33333333,10.46,87,1.2,
