Act Date,Station ID,LatDeg,LatMin,LatSec,LongDeg,LongMin,LongSec,Chlorophyll-a (ug/L),Cloud cover,"Depth, bottom",DO(mg/l),Fecal Coliform,"Nitrogen, Kjeldahl","Nitrogen, Nitrite (NO2) + Nitrate (NO3) as N","Nitrogen, ammonia as N",Phosphorus as P,Salinity(ppt),Secchi Depth (m),Specific conductance,"Temperature, air",Temperature (deg cels),Total Suspended Solids (TSS),Turbidity(NTU),"Wind direction (direction from, expressed 0-360 deg)",Wind velocity,pH,ATemp_max,ATemp_max_1dlag,ATemp_max_2dlag,ATemp_max_3dlag,ATemp_max_4dlag,ATemp_max_5dlag,ATemp_max_6dlag,ATemp_max_7dlag
2/1/2009,33020019,30,32,49.8,87,11,39.2,1.6,25,0.75,9.39,33,0.52,0.2,0.076,0.032,2.75,0.75,5061,,12.07,7,7.5,,0,7.12,18.88888889,16.66666667,14.44444444,15.55555556,21.66666667,21.66666667,21.11111111,16.66666667
2/2/2003,33020019,30,32,49.8,87,11,39.2,6.4,0,,8.62,*Non-detect,0.8,0.05,0.02,0.021,17.9,,32840,5,12.31,12,7,,0,7.82,17.77777778,17.77777778,14.44444444,18.33333333,22.22222222,18.88888889,15.55555556,14.44444444
2/3/2008,33020019,30,32,49.8,87,11,39.2,0.9,30,1,,,0.37,0.12,0.016,0.026,0.07,0.75,150,,11.8,4,17,,0,6.63,,,,20,17.22222222,22.22222222,15.55555556,16.66666667
2/4/2007,33020019,30,32,49.8,87,11,39.2,5,40,,9.5,155,,0.18,0.02,0.014,0.66,0.75,1312,2,10.49,5,11,,0,6.81,12.77777778,7.222222222,11.11111111,20,15.55555556,11.11111111,9.444444444,13.33333333
5/3/2009,33020019,30,32,49.8,87,11,39.2,4,50,1,7.84,12,0.46,0.19,0.044,0.031,0.09,1,187,,24.61,8,9,180,5,7.16,28.88888889,28.33333333,27.22222222,27.77777778,,25.55555556,26.11111111,25.55555556
5/6/2007,33020019,30,32,49.8,87,11,39.2,5,100,,6.42,36,0.59,0.21,0.05,0.029,0.24,1,511,22,26.54,5,7,315,3,6.73,30,27.77777778,26.66666667,27.22222222,26.66666667,26.66666667,28.33333333,29.44444444
5/7/2006,33020019,30,32,49.8,87,11,39.2,5,40,,7.83,13,0.65,0.32,0.04,0.03,0.93,1,1848,27.5,26.73,5,7,225,4,7.92,,,,,,,,
8/2/2009,33020019,30,32,49.8,87,11,39.2,3.7,50,1.25,4.94,84,0.57,0.2,0.062,0.025,0.54,1,1118,,27.74,9,9.4,,0,7.24,33.33333333,32.22222222,31.66666667,32.77777778,32.22222222,31.66666667,32.22222222,32.77777778
8/3/2008,33020019,30,32,49.8,87,11,39.2,3.7,75,0.75,5.52,58,0.61,0.16,0.058,0.027,1.73,0.75,3329,,29.48,*Non-detect,4.4,,0,6.71,31.11111111,31.66666667,30.55555556,30.55555556,32.22222222,31.66666667,31.11111111,31.66666667
8/4/2002,33020019,30,32,49.8,87,11,39.2,6.4,50,,5.72,*Non-detect,*Non-detect,0.18,0.03,0.03,5.5,,8830,26.5,29.2,12,6,125,5,7.01,29.44444444,33.33333333,33.33333333,32.77777778,35,33.33333333,33.33333333,32.77777778
8/5/2007,33020019,30,32,49.8,87,11,39.2,5,5,,5.57,,0.61,0.18,0.062,0.025,3.19,1,5875,24,29.85,5,5,,0,7.08,32.22222222,31.11111111,32.77777778,31.66666667,31.11111111,32.22222222,33.33333333,32.22222222
11/2/2008,33020019,30,32,49.8,87,11,39.2,1.5,30,0.5,7.91,124,*Non-detect,0.26,0.056,0.022,8.66,0.5,14938,,15.59,10,3.3,,0,3.65,24.44444444,22.77777778,21.66666667,21.66666667,17.22222222,15.55555556,18.33333333,25.55555556
11/4/2007,33020019,30,32,49.8,87,11,39.2,5,0,,7.67,,0.51,0.21,0.075,0.021,5.97,1,10516,7,19.38,5,4,330,5,6.23,24.44444444,25,27.22222222,28.33333333,27.22222222,25.55555556,24.44444444,25.55555556
11/5/2006,33020019,30,32,49.8,87,11,39.2,5,75,,8.05,64,0.82,0.24,0.05,0.033,2.89,1,5340,10.7,16.66,6,6,90,3,6.97,,,,,,,,
11/6/2005,33020019,30,32,49.8,87,11,39.2,5,1,,7.88,350,0.23,0.35,0.03,0.027,4,1,7600,20,19.58,5,6,0,40,6.2,27.22222222,25.55555556,24.44444444,24.44444444,23.88888889,21.66666667,23.33333333,20
3/1/2009,33020048,30,28,16.4,87,12,48,1.1,75,,,691,0.19,1.2,0.023,0.013,0.04,,93,,16.96,4,2.5,315,6,6.4,14.44444444,23.33333333,22.77777778,22.22222222,20,16.11111111,16.66666667,16.66666667
3/2/2008,33020048,30,28,16.4,87,12,48,3.9,0,,9.2,222,0.21,0.97,0.02,0.022,0.05,,101,,17.06,9,6.4,,0,7.16,22.22222222,22.22222222,,13.33333333,11.66666667,21.66666667,20.55555556,17.77777778
3/4/2007,33020048,30,28,16.4,87,12,48,5,10,,8.86,250,,1.23,0.02,0.013,0.04,,92,7,16.1,5,5,0,14,7.12,12.77777778,20.55555556,17.77777778,22.77777778,21.66666667,24.44444444,20,25.55555556
3/5/2006,33020048,30,28,16.4,87,12,48,5,0,,8.74,230,0.21,1.41,0.02,0.011,0.04,,91,11.2,17.09,5,3,,0,6.5,,,,,,,,
3/7/2004,33020048,30,28,16.4,87,12,48,5,20,,6.8,30,0.4,0.34,0.06,0.013,0,,97,19,19.2,5,3,0,,6.02,23.88888889,20,22.22222222,22.22222222,22.22222222,21.66666667,21.11111111,
6/3/2007,33020048,30,28,16.4,87,12,48,5,20,,7.54,,0.25,1.6,0.012,0.02,0.03,,71,21,21.36,5,2,,0,8.01,30.55555556,32.77777778,28.33333333,27.77777778,26.66666667,28.88888889,28.88888889,28.33333333
6/4/2006,33020048,30,28,16.4,87,12,48,5,0,,7.84,400,0.16,1.61,0.02,0.016,0.04,,86,20.5,21.54,5,2,350,5,5.96,,,,,,,,
6/6/2005,33020048,30,28,16.4,87,12,48,5,30,,6.9,220,0.21,1.16,0.07,0.008,0,,182,26,23.44,5,4,,0,6.25,29.44444444,28.88888889,28.88888889,29.44444444,29.44444444,27.77777778,26.11111111,29.44444444
9/7/2008,33020048,30,28,16.4,87,12,48,1.8,0,,7.76,246,0.33,1.2,0.021,0.028,0.05,,103,,23.97,4,3.6,,0,6.34,31.66666667,31.11111111,30,31.11111111,29.44444444,30.55555556,28.88888889,31.66666667
9/9/2007,33020048,30,28,16.4,87,12,48,5,0,,7.65,,0.23,1.5,0.029,0.022,0.04,,89,21,22.23,5,3,,0,8.38,31.66666667,30.55555556,30.55555556,30.55555556,32.77777778,31.11111111,30,31.11111111
9/10/2006,33020048,30,28,16.4,87,12,48,5,25,,7.62,4800,0.15,1.45,0.02,0.017,0.04,,90,23,22.78,5,2,,0,6.75,,,,,,,,
9/11/2005,33020048,30,28,16.4,87,12,48,5,0,,8.05,260,0.14,1.24,0.06,0.012,0,,183,22,22,5,4,,0,6.53,30.55555556,30.55555556,32.22222222,32.22222222,32.22222222,31.66666667,31.66666667,30.55555556
9/13/2009,33020048,30,28,16.4,87,12,48,0.58,100,0.5,6.29,930,0.15,0.98,0.018,0.006,0.04,,97,,23.26,*Non-detect,2.8,,0,6.84,30.55555556,27.22222222,28.33333333,31.11111111,31.66666667,30,31.11111111,28.88888889
12/2/2007,33020048,30,28,16.4,87,12,48,5,40,,9.38,,0.17,1.2,0.022,0.02,0.04,0.3,95,15,18.71,5,2,,0,7.66,24.44444444,21.66666667,22.22222222,22.77777778,18.33333333,18.33333333,22.22222222,22.77777778
12/3/2006,33020048,30,28,16.4,87,12,48,5,0,,8.59,136,0.1,1.56,0.02,0.019,0.04,,90,3.5,16.55,5,2,45,8,7.55,,,,,,,,
12/4/2005,33020048,30,28,16.4,87,12,48,5,20,,8.53,250,0.11,1.19,0.02,0.02,0.04,,90,21,19.04,5,16,,,5.98,24.44444444,22.77777778,16.11111111,17.77777778,24.44444444,30,27.22222222,22.22222222
12/5/2004,33020048,30,28,16.4,87,12,48,5,100,,7.8,420,0.22,1.13,0.05,0.062,0,,288,15,18.06,5,3,10,5,6.11,19.44444444,15,15,16.11111111,13.88888889,27.77777778,18.88888889,19.44444444
12/7/2008,33020048,30,28,16.4,87,12,48,1,0,,9.87,1150,0.37,1.2,0.027,0.028,0.04,,89,,15.99,8,4.2,,0,6.59,15,16.66666667,15.55555556,22.77777778,20.55555556,11.66666667,15,17.77777778
3/2/2008,33020049,30,29,3.4,87,13,21.3,0.55,0,,10.2,204,0.17,0.14,0.024,0.011,0.05,,116,,14.12,4,7.2,,0,7,22.22222222,22.22222222,,13.33333333,11.66666667,21.66666667,20.55555556,17.77777778
3/4/2007,33020049,30,29,3.4,87,13,21.3,5,10,,9.06,300,,0.07,0.03,0.026,0.05,,100,8,13.44,5,21,0,10,7.11,12.77777778,20.55555556,17.77777778,22.77777778,21.66666667,24.44444444,20,25.55555556
3/5/2006,33020049,30,29,3.4,87,13,21.3,5,0,,8.94,310,0.19,0.33,0.02,0.013,0.05,,111,11.2,14.08,5,6,300,3,7.09,,,,,,,,
3/7/2004,33020049,30,29,3.4,87,13,21.3,5,10,,6.25,32,0.31,0.47,0.02,0.008,0,,117,22,17.9,5,1,0,,6.67,23.88888889,20,22.22222222,22.22222222,22.22222222,21.66666667,21.11111111,
6/6/2005,33020049,30,29,3.4,87,13,21.3,5,40,,5.78,340,0.36,0.34,0.05,0.009,0,,199,26,25.7,5,6,,0,6.66,29.44444444,28.88888889,28.88888889,29.44444444,29.44444444,27.77777778,26.11111111,29.44444444
9/7/2008,33020049,30,29,3.4,87,13,21.3,4.6,0,,5.94,370,0.72,0.051,0.039,0.026,0.06,,128,,27.13,4,7.2,,0,6.67,31.66666667,31.11111111,30,31.11111111,29.44444444,30.55555556,28.88888889,31.66666667
9/10/2006,33020049,30,29,3.4,87,13,21.3,5,30,,5.86,590,0.16,0.11,0.03,0.012,0.06,,127,23.5,25.03,5,4,45,5,6.66,,,,,,,,
9/11/2005,33020049,30,29,3.4,87,13,21.3,5,0,,6.8,320,0.1,0.36,0.04,0.014,0,,205,22,23.5,5,5,,0,6.39,30.55555556,30.55555556,32.22222222,32.22222222,32.22222222,31.66666667,31.66666667,30.55555556
12/2/2007,33020049,30,29,3.4,87,13,21.3,5,100,,9.23,,0.31,0.11,0.025,0.02,0.06,,121,15,14.33,5,5,,0,7.82,24.44444444,21.66666667,22.22222222,22.77777778,18.33333333,18.33333333,22.22222222,22.77777778
12/3/2006,33020049,30,29,3.4,87,13,21.3,5,0,,10.2,173,0.1,0.06,0.02,0.011,0.05,,115,4,11.55,5,3,0.45,3,7.4,,,,,,,,
12/4/2005,33020049,30,29,3.4,87,13,21.3,5,30,,8.76,836,0.14,0.43,0.02,0.047,0.05,,108,20,16.05,5,48,,,6.52,24.44444444,22.77777778,16.11111111,17.77777778,24.44444444,30,27.22222222,22.22222222
12/5/2004,33020049,30,29,3.4,87,13,21.3,5,100,,7.65,580,0.2,0.37,0.04,0.019,0.1,,232,15,13.9,5,3,,,6.67,19.44444444,15,15,16.11111111,13.88888889,27.77777778,18.88888889,19.44444444
12/7/2008,33020049,30,29,3.4,87,13,21.3,0.66,0,,10.57,192,0.29,0.048,0.016,0.021,0.05,,112,,10.44,*Non-detect,8.6,,0,6.45,15,16.66666667,15.55555556,22.77777778,20.55555556,11.66666667,15,17.77777778
3/1/2009,33020057,30,30,41.6,87,14,33,3.9,100,,,77,0.79,0.028,0.095,0.05,0.05,,104,,13.5,10,7.6,315,6,6.72,14.44444444,23.33333333,22.77777778,22.22222222,20,16.11111111,16.66666667,16.66666667
3/2/2008,33020057,30,30,41.6,87,14,33,2.6,0,,9.11,12,0.45,0.3,0.058,0.029,0.06,,116,,14.88,4,6.4,345,1,6.81,22.22222222,22.22222222,,13.33333333,11.66666667,21.66666667,20.55555556,17.77777778
3/3/2002,33020057,30,30,41.6,87,14,33,18.2,100,,6.54,10,0.49,*Non-detect,*Non-detect,0.027,0,,102,8,14.11,*Non-detect,3,320,20,6.15,18.33333333,22.77777778,16.11111111,10.55555556,7.777777778,18.88888889,21.66666667,18.33333333
3/4/2007,33020057,30,30,41.6,87,14,33,5,10,,5.76,27,,0.01,0.02,0.039,0.07,,157,6,9.02,11,6,0,10,6.8,12.77777778,20.55555556,17.77777778,22.77777778,21.66666667,24.44444444,20,25.55555556
3/5/2006,33020057,30,30,41.6,87,14,33,5,0,,5.24,9,0.16,0.22,0.16,0.064,0.06,,123,13.9,15.13,10,8,0,3,6.71,,,,,,,,
3/7/2004,33020057,30,30,41.6,87,14,33,5,5,,5.88,52,0.36,0.48,0.02,0.01,0,,103,22,20.15,5,1,0,,6.48,23.88888889,20,22.22222222,22.22222222,22.22222222,21.66666667,21.11111111,
6/3/2001,33020057,30,30,41.6,87,14,33,11.8,40,,2.4,70,0.94,*Non-detect,0.04,0.049,0,,113,27,28.55,9,5,180,5,7.19,31.11111111,31.66666667,36.11111111,30.55555556,32.77777778,31.11111111,30.55555556,30.55555556
6/3/2007,33020057,30,30,41.6,87,14,33,153.8,10,,0.51,,20,0.036,2.9,1.9,0.07,,146,23,25.79,896,350,,0,7.37,30.55555556,32.77777778,28.33333333,27.77777778,26.66666667,28.88888889,28.88888889,28.33333333
6/4/2006,33020057,30,30,41.6,87,14,33,117.6,0,,0.73,27,2.26,0.01,0.05,0.16,0.06,,138,21,24.72,154,68,,0,6.19,,,,,,,,
6/6/2005,33020057,30,30,41.6,87,14,33,6.4,0,,1.89,45,1.13,0.01,0.04,0.04,0,,202,28,28.18,5,6,,0,6.41,29.44444444,28.88888889,28.88888889,29.44444444,29.44444444,27.77777778,26.11111111,29.44444444
6/7/2009,33020057,30,30,41.6,87,14,33,9.5,0,0.5,-0.88,270,1.2,*Non-detect,0.33,0.076,0.09,0.5,192,22,23.79,30,15,,0,6.84,30.55555556,29.44444444,30.55555556,29.44444444,26.66666667,30.55555556,32.77777778,31.66666667
9/7/2008,33020057,30,30,41.6,87,14,33,24,0,,3.29,960,0.89,0.012,0.13,0.061,0.06,,129,,25.27,13,8.1,,0,6.07,31.66666667,31.11111111,30,31.11111111,29.44444444,30.55555556,28.88888889,31.66666667
9/8/2002,33020057,30,30,41.6,87,14,33,75.8,30,,1.77,360,1.35,*Non-detect,0.02,0.063,0,,107,26,25.76,10,9,90,10,6.23,32.77777778,30.55555556,32.22222222,33.88888889,33.33333333,31.11111111,31.11111111,31.11111111
9/9/2007,33020057,30,30,41.6,87,14,33,194,0,,0.25,,0.47,0.02,0.047,0.02,0.05,,106,20,26.59,229,150,,0,7.22,31.66666667,30.55555556,30.55555556,30.55555556,32.77777778,31.11111111,30,31.11111111
9/10/2006,33020057,30,30,41.6,87,14,33,5,10,,1.61,27,0.56,0.01,0.07,0.035,0.08,,180,23,26.67,6,4,100,5,6.4,,,,,,,,
9/11/2005,33020057,30,30,41.6,87,14,33,49.2,0,,0.64,1,3.7,0.01,0.04,0.1,0.1,,216,25,24.2,53,34,,0,6.51,30.55555556,30.55555556,32.22222222,32.22222222,32.22222222,31.66666667,31.66666667,30.55555556
9/13/2009,33020057,30,30,41.6,87,14,33,6,100,0.25,,216,0.71,*Non-detect,0.1,0.047,0.05,,111,,25.18,8,7.3,180,2,6.84,30.55555556,27.22222222,28.33333333,31.11111111,31.66666667,30,31.11111111,28.88888889
12/2/2007,33020057,30,30,41.6,87,14,33,5,90,,9.08,,0.51,0.12,0.055,0.025,0.05,,107,16,15.42,5,5,,0,7.74,24.44444444,21.66666667,22.22222222,22.77777778,18.33333333,18.33333333,22.22222222,22.77777778
12/3/2000,33020057,30,30,41.6,87,14,33,10.7,5,,7.75,20,0.45,*Non-detect,0.039,0.021,0,,114,8,10.54,0,1,340,10,5.71,,,,,,,,
12/3/2006,33020057,30,30,41.6,87,14,33,17.4,0,,8.99,9,0.1,0.03,0.02,0.031,0.06,,132,5.5,10.37,12,8,8,30,7.07,,,,,,,,
12/4/2005,33020057,30,30,41.6,87,14,33,5,35,,5.71,136,0.41,0.31,0.18,0.037,0.14,,290,22.5,17.48,5,3,,,5.92,24.44444444,22.77777778,16.11111111,17.77777778,24.44444444,30,27.22222222,22.22222222
12/5/2004,33020057,30,30,41.6,87,14,33,5,100,,7.11,9,0.33,0.49,0.06,0.013,0.1,,239,15,14.46,5,1,45,5,6.55,19.44444444,15,15,16.11111111,13.88888889,27.77777778,18.88888889,19.44444444
12/7/2008,33020057,30,30,41.6,87,14,33,4.8,0,,8.57,92,0.94,*Non-detect,0.11,0.091,0.06,,128,,10.16,30,26,,0,8.46,15,16.66666667,15.55555556,22.77777778,20.55555556,11.66666667,15,17.77777778
3/1/2009,33020118,30,23,56.84,87,16,24.94,1.5,90,,,94,0.89,0.097,0.19,0.051,0.39,0.75,783,,14.89,6,7.5,320,6,6.13,14.44444444,23.33333333,22.77777778,22.22222222,20,16.11111111,16.66666667,16.66666667
3/2/2008,33020118,30,23,56.84,87,16,24.94,0.66,0,0.5,8.21,52,0.53,0.12,0.057,0.044,0.06,0.5,127,,16.71,4,5.2,140,3,7.64,22.22222222,22.22222222,,13.33333333,11.66666667,21.66666667,20.55555556,17.77777778
3/4/2007,33020118,30,23,56.84,87,16,24.94,5,5,,6.43,27,,0.07,0.09,0.059,0.05,,110,11,14.43,5,4,0,8,7.3,12.77777778,20.55555556,17.77777778,22.77777778,21.66666667,24.44444444,20,25.55555556
3/5/2006,33020118,30,23,56.84,87,16,24.94,5,0,,4.66,5500,0.72,0.3,0.19,0.126,0.05,,102,26,16.01,5,7,200,5,6.17,,,,,,,,
3/7/2004,33020118,30,23,56.84,87,16,24.94,5,5,,5.88,44,0.78,0.01,0.02,0.005,0,,92,24,18.6,5,2,0,,5.85,23.88888889,20,22.22222222,22.22222222,22.22222222,21.66666667,21.11111111,
6/2/2002,33020118,30,23,56.84,87,16,24.94,42.7,10,,4.08,80,0.6,0.1,0.11,0.125,14.2,,25440,30,27.05,16,9,,0,6.26,33.88888889,33.88888889,30.55555556,29.44444444,29.44444444,30,32.22222222,31.11111111
6/3/2001,33020118,30,23,56.84,87,16,24.94,19.2,30,,3.03,6000,0.87,0.28,0.16,0.075,17.5,,27640,29,27.2,22,6,180,5,6.96,31.11111111,31.66666667,36.11111111,30.55555556,32.77777778,31.11111111,30.55555556,30.55555556
6/3/2007,33020118,30,23,56.84,87,16,24.94,5,5,,0.74,,0.86,0.016,0.12,0.09,11.5,1,19389,29,26.24,5,7,,0,7.03,30.55555556,32.77777778,28.33333333,27.77777778,26.66666667,28.88888889,28.88888889,28.33333333
6/4/2006,33020118,30,23,56.84,87,16,24.94,5.3,0,,1.47,3500,0.93,0.05,0.14,0.147,0.07,1,141,29.5,24.22,9,6,,0,6.43,,,,,,,,
6/6/2005,33020118,30,23,56.84,87,16,24.94,5,50,,3.64,718,1.09,0.2,0.39,0.072,0.1,,357,29,25.45,5,5,,0,6.41,29.44444444,28.88888889,28.88888889,29.44444444,29.44444444,27.77777778,26.11111111,29.44444444
6/7/2009,33020118,30,23,56.84,87,16,24.94,1.2,0,1,12.88,100,0.74,0.036,0.05,0.039,0.04,1,79,30,23.12,*Non-detect,3.9,,0,6.4,30.55555556,29.44444444,30.55555556,29.44444444,26.66666667,30.55555556,32.77777778,31.66666667
9/7/2008,33020118,30,23,56.84,87,16,24.94,1.1,10,,7.9,330,0.9,0.039,0.056,0.02,3.49,0.75,8515,,27.45,*Non-detect,3.5,,0,6.13,31.66666667,31.11111111,30,31.11111111,29.44444444,30.55555556,28.88888889,31.66666667
9/9/2007,33020118,30,23,56.84,87,16,24.94,5.3,0,,0.38,,0.77,0.018,0.21,0.11,16.61,0.5,27188,32,28.95,5,8,45,2,7.16,31.66666667,30.55555556,30.55555556,30.55555556,32.77777778,31.11111111,30,31.11111111
9/10/2006,33020118,30,23,56.84,87,16,24.94,5,70,,0.69,1136,1.38,0.28,0.23,0.086,10.36,,17600,28,26.92,5,4,90,10,6.87,,,,,,,,
9/11/2005,33020118,30,23,56.84,87,16,24.94,5,0,,2.39,173,0.71,0.26,0.58,0.095,0.1,,225,34,24.2,5,5,,0,6.5,30.55555556,30.55555556,32.22222222,32.22222222,32.22222222,31.66666667,31.66666667,30.55555556
9/13/2009,33020118,30,23,56.84,87,16,24.94,12,10,0.75,,224,0.75,0.024,0.035,0.029,1,0.75,1975,,24.64,*Non-detect,3.3,,0,6.35,30.55555556,27.22222222,28.33333333,31.11111111,31.66666667,30,31.11111111,28.88888889
12/2/2007,33020118,30,23,56.84,87,16,24.94,5,90,,7.94,,0.71,0.11,0.068,0.054,0.14,0.5,284,23,18.5,5,6,135,4,7.5,24.44444444,21.66666667,22.22222222,22.77777778,18.33333333,18.33333333,22.22222222,22.77777778
12/3/2006,33020118,30,23,56.84,87,16,24.94,5,0,,1.92,73,0.4,0.34,0.25,0.155,0.35,0.5,708,14.5,16.65,6,7,10,20,6.93,,,,,,,,
12/4/2005,33020118,30,23,56.84,87,16,24.94,5,10,,6.29,310,0.65,0.2,0.21,0.008,0.05,,101,23,18.23,5,5,135,3,6.2,24.44444444,22.77777778,16.11111111,17.77777778,24.44444444,30,27.22222222,22.22222222
12/5/2004,33020118,30,23,56.84,87,16,24.94,5,100,,7.23,900,0.42,0.21,0.09,0.104,0,,205,18,17.43,5,4,20,10,6.62,19.44444444,15,15,16.11111111,13.88888889,27.77777778,18.88888889,19.44444444
3/1/2009,33020136,30,24,41.7,87,16,29.5,5,90,,,240,0.41,2.6,0.046,0.046,0.09,,193,,14.48,13,9.3,320,8,7,14.44444444,23.33333333,22.77777778,22.22222222,20,16.11111111,16.66666667,16.66666667
3/3/2002,33020136,30,24,41.7,87,16,29.5,35.3,100,,4.93,1810,0.84,1.19,0.06,0.105,0.1,,215,10,16.58,15,23,320,20,6.39,18.33333333,22.77777778,16.11111111,10.55555556,7.777777778,18.88888889,21.66666667,18.33333333
3/4/2007,33020136,30,24,41.7,87,16,29.5,5,5,,8.71,64,,3.38,0.05,0.022,0.09,,187,12,16.94,5,1,0,7,7.04,12.77777778,20.55555556,17.77777778,22.77777778,21.66666667,24.44444444,20,25.55555556
3/5/2006,33020136,30,24,41.7,87,16,29.5,5,0,,10.02,64,0.24,3.34,0.02,0.044,0.08,,165,28.1,20.91,5,3,160,5,9.97,,,,,,,,
3/7/2004,33020136,30,24,41.7,87,16,29.5,5,5,,8.12,2,0.9,0.01,0.02,0.007,0.1,,209,23,19.15,5,1,0,,6.6,23.88888889,20,22.22222222,22.22222222,22.22222222,21.66666667,21.11111111,
6/3/2001,33020136,30,24,41.7,87,16,29.5,9.6,30,,1.07,6000,1.04,1.53,0.19,0.154,0.1,,261,29,23.83,14,4,180,5,7.58,31.11111111,31.66666667,36.11111111,30.55555556,32.77777778,31.11111111,30.55555556,30.55555556
6/3/2007,33020136,30,24,41.7,87,16,29.5,5,5,,5.82,,0.46,1.9,0.047,0.036,0.09,,192,30,24.44,5,3,300,3,7.71,30.55555556,32.77777778,28.33333333,27.77777778,26.66666667,28.88888889,28.88888889,28.33333333
6/4/2006,33020136,30,24,41.7,87,16,29.5,76,0,,6.86,2300,0.98,2.68,0.04,0.146,0.09,,186,,23.74,38,11,,0,6.67,,,,,,,,
6/6/2005,33020136,30,24,41.7,87,16,29.5,5,15,,5.62,636,0.34,2.33,0.04,0.023,0.1,,251,32,24.51,5,4,120,7,6.46,29.44444444,28.88888889,28.88888889,29.44444444,29.44444444,27.77777778,26.11111111,29.44444444
9/10/2006,33020136,30,24,41.7,87,16,29.5,5,75,,1.74,8600,1.57,0.47,0.6,0.251,0.1,,215,31,24.15,6,6,100,15,6.8,,,,,,,,
9/11/2005,33020136,30,24,41.7,87,16,29.5,5,0,,5.98,136,0.1,2.18,0.04,0.042,0.1,,252,34,24,5,4,45,3,6.57,30.55555556,30.55555556,32.22222222,32.22222222,32.22222222,31.66666667,31.66666667,30.55555556
12/3/2006,33020136,30,24,41.7,87,16,29.5,5,0,,6.97,370,0.1,3.08,0.05,0.026,0.09,,194,16,16.88,5,2,10,10,7.06,,,,,,,,
12/4/2005,33020136,30,24,41.7,87,16,29.5,5,10,,7.45,127,0.27,2.79,0.08,0.04,0.08,,169,25.5,23.25,5,3,135,4,6.36,24.44444444,22.77777778,16.11111111,17.77777778,24.44444444,30,27.22222222,22.22222222
12/5/2004,33020136,30,24,41.7,87,16,29.5,5,100,,8.15,2900,0.34,0.37,0.07,0.085,0,,210,18,18.11,23,11,20,12,6.82,19.44444444,15,15,16.11111111,13.88888889,27.77777778,18.88888889,19.44444444
1/7/2007,33030011,30,37,26.6,87,2,9.4,5,100,,8.34,500,0.26,0.33,0.02,0.009,0.95,1.25,1859,20.4,16.56,5,4,200,5,5.84,21.66666667,21.11111111,21.66666667,21.11111111,15,11.11111111,17.77777778,20.55555556
4/8/2007,33030011,30,37,26.6,87,2,9.4,5,95,,7.91,,,0.2,0.02,0.015,0.12,1,261,6.7,16.04,5,4,,0,6.16,12.22222222,12.77777778,18.88888889,18.88888889,27.22222222,26.66666667,26.11111111,24.44444444
7/5/2009,33030011,30,37,26.6,87,2,9.4,1.8,60,1.6,5.76,460,0.36,0.33,0.022,0.018,0.03,1.4,70,,28.39,*Non-detect,5.6,280,3,6.22,34.44444444,33.33333333,34.44444444,33.88888889,33.88888889,32.22222222,34.44444444,35
7/6/2008,33030011,30,37,26.6,87,2,9.4,1.4,30,1,7.33,196,0.31,0.34,0.014,*Non-detect,0.04,1,87,,26.97,*Non-detect,3.4,,0,5.65,32.22222222,31.66666667,31.11111111,31.11111111,30.55555556,30.55555556,30,31.66666667
7/8/2007,33030011,30,37,26.6,87,2,9.4,5,10,,6.68,,0.49,0.36,0.03,0.02,0.73,1.4,1466,25.2,27.5,8,5,270,4,6.05,32.77777778,32.77777778,33.33333333,29.44444444,31.11111111,31.66666667,32.22222222,35
10/1/2006,33030011,30,37,26.6,87,2,9.4,5,5,,7.96,18,0.73,0.43,0.02,0.007,1.1,1.5,2144,21,21.71,5,2,,0,6.27,,,,,,,,
10/2/2005,33030011,30,37,26.6,87,2,9.4,5,100,,5.66,145,0.52,0.25,0.03,0.014,0.5,1.1,1014,22,25.02,5,5,,,5.53,30,30,29.44444444,30,28.88888889,31.66666667,28.88888889,31.11111111
10/4/2009,33030011,30,37,26.6,87,2,9.4,0.9,100,1.25,7.53,78,0.35,0.35,*Non-detect,0.009,0.91,1.25,1790,,22.55,*Non-detect,3.3,120,2.5,6.2,27.77777778,30,30,27.22222222,25.55555556,27.77777778,33.88888889,32.22222222
10/5/2003,33030011,30,37,26.6,87,2,9.4,5,0,,7.07,94,,,,,0.5,1.7,956,21,20.5,6,3,30,5,5.83,26.66666667,26.11111111,24.44444444,24.44444444,27.22222222,25.55555556,23.33333333,27.77777778
10/5/2008,33030011,30,37,26.6,87,2,9.4,0.89,0,1.8,6.74,41,0.32,0.46,*Non-detect,*Non-detect,2.03,1.8,3835,,,6,1.8,95,2.8,6.56,29.44444444,29.44444444,30,26.66666667,28.33333333,32.22222222,31.11111111,30
10/7/2007,33030011,30,37,26.6,87,2,9.4,5,100,,1.42,,0.36,0.32,0.049,0.02,20.77,2.3,33314,23,27.78,5,2,80,7,6.4,30,31.11111111,30,30.55555556,29.44444444,31.11111111,31.11111111,28.88888889
1/7/2007,33030019,30,36,25.3,87,3,42.4,5,100,,7.99,580,0.25,0.28,0.02,0.013,0.01,1,31,20.3,16.85,5,7,180,4,7.01,21.66666667,21.11111111,21.66666667,21.11111111,15,11.11111111,17.77777778,20.55555556
4/8/2007,33030019,30,36,25.3,87,3,42.4,5,100,,9.1,,,0.45,0.02,0.011,0.01,1.25,26,5.9,15.12,5,3,,0,7.24,12.22222222,12.77777778,18.88888889,18.88888889,27.22222222,26.66666667,26.11111111,24.44444444
7/5/2009,33030019,30,36,25.3,87,3,42.4,0.72,75,1.8,6.17,84,0.29,0.27,0.02,0.007,0.01,1.5,28,,24.67,5,3.5,270,6,6.47,34.44444444,33.33333333,34.44444444,33.88888889,33.88888889,32.22222222,34.44444444,35
7/6/2008,33030019,30,36,25.3,87,3,42.4,0.72,50,2,7.54,220,0.29,0.32,0.015,*Non-detect,0.01,1,28,,23.32,*Non-detect,3.6,,0,6.17,32.22222222,31.66666667,31.11111111,31.11111111,30.55555556,30.55555556,30,31.66666667
7/8/2007,33030019,30,36,25.3,87,3,42.4,5,0,,7.19,,0.26,0.39,0.03,0.02,0.01,1.75,27,25.4,24.67,7,6,,0,6.48,32.77777778,32.77777778,33.33333333,29.44444444,31.11111111,31.66666667,32.22222222,35
10/1/2006,33030019,30,36,25.3,87,3,42.4,5,0,,8.32,91,0.54,0.55,0.02,0.011,0.01,2,25,18.4,19.94,5,3,,0,7.54,,,,,,,,
10/2/2005,33030019,30,36,25.3,87,3,42.4,5,100,,5.84,155,0.18,0.26,0.02,0.017,0,0.9,118,22,23.5,5,5,140,3,4.8,30,30,29.44444444,30,28.88888889,31.66666667,28.88888889,31.11111111
10/5/2003,33030019,30,36,25.3,87,3,42.4,5,0,,7.87,46,,,,,0,,35,21,18.8,5,1,,0,4.88,26.66666667,26.11111111,24.44444444,24.44444444,27.22222222,25.55555556,23.33333333,27.77777778
10/7/2007,33030019,30,36,25.3,87,3,42.4,5,100,,5.32,,0.24,0.44,0.013,0.02,0.02,1.25,40,23,23.56,5,4,,0,7.09,30,31.11111111,30,30.55555556,29.44444444,31.11111111,31.11111111,28.88888889
10/5/2003,33030028,30,36,41.486,87,2,4.64,5,0,,6.3,74,,,,,1.2,1.8,2320,21,20.7,5,2,30,4,6,26.66666667,26.11111111,24.44444444,24.44444444,27.22222222,25.55555556,23.33333333,27.77777778
1/4/2009,33040003,30,34,15.6,86,55,28.6,0.96,70,0.9,8.46,172,0.43,0.08,0.012,0.025,0.02,0.9,37,,15.73,4,4.8,,0,6.18,22.77777778,23.33333333,23.33333333,16.66666667,19.44444444,18.88888889,21.66666667,25
1/6/2008,33040003,30,34,15.6,86,55,28.6,5,10,,,,0.51,0.041,0.022,0.02,0.01,0.8,27,22,9.21,5,10,206,4.1,5.45,21.11111111,21.11111111,11.66666667,8.333333333,5.555555556,12.77777778,17.77777778,20.55555556
1/7/2007,33040003,30,34,15.6,86,55,28.6,5,100,,7.84,500,0.1,0.07,0.02,0.019,0.02,1.25,36,23,16.87,5,8,200,8,5.55,21.66666667,21.11111111,21.66666667,21.11111111,15,11.11111111,17.77777778,20.55555556
4/5/2009,33040003,30,34,15.6,86,55,28.6,0.74,95,0.6,,33,0.55,0.016,*Non-detect,0.019,0.01,0.6,24,,17.84,6,19,230,14.2,5.65,26.11111111,22.22222222,25,22.77777778,23.88888889,23.33333333,20.55555556,21.11111111
4/8/2007,33040003,30,34,15.6,86,55,28.6,5,100,,7.28,,,0.01,0.02,0.027,0.01,1.25,33,14.3,15.28,5,6,180,5,5.44,12.22222222,12.77777778,18.88888889,18.88888889,27.22222222,26.66666667,26.11111111,24.44444444
7/5/2009,33040003,30,34,15.6,86,55,28.6,3,80,1.6,5.68,21,0.28,0.14,0.026,0.011,0.02,1.6,40,,28.72,8,5.3,270,8,6.75,34.44444444,33.33333333,34.44444444,33.88888889,33.88888889,32.22222222,34.44444444,35
7/6/2008,33040003,30,34,15.6,86,55,28.6,1.7,100,,6.49,20,0.47,0.11,0.026,0.02,0.02,,37,,26.03,*Non-detect,7.8,,0,5.76,32.22222222,31.66666667,31.11111111,31.11111111,30.55555556,30.55555556,30,31.66666667
7/8/2007,33040003,30,34,15.6,86,55,28.6,5,80,,6.42,,0.46,0.095,0.024,0.02,0.02,1.2,42,30.7,28.34,5,6,290,8,6.03,32.77777778,32.77777778,33.33333333,29.44444444,31.11111111,31.66666667,32.22222222,35
10/1/2006,33040003,30,34,15.6,86,55,28.6,5,30,,7.8,23,0.1,0.16,0.02,0.016,0.02,,37,32.5,22.56,6,7,360,8,6.24,,,,,,,,
10/2/2005,33040003,30,34,15.6,86,55,28.6,5,30,,4.77,55,0.35,0.08,0.02,0.041,0,0.8,33.61,30,25.97,8,17,100,6,5.68,30,30,29.44444444,30,28.88888889,31.66666667,28.88888889,31.11111111
10/4/2009,33040003,30,34,15.6,86,55,28.6,0.77,100,1,6.83,81,0.36,0.14,0.029,0.018,0.03,1,58,,22.15,10,12,40,3.6,6.35,27.77777778,30,30,27.22222222,25.55555556,27.77777778,33.88888889,32.22222222
10/5/2008,33040003,30,34,15.6,86,55,28.6,0.77,20,1.75,8.16,27,0.22,0.16,0.014,*Non-detect,0.02,1.75,39,,,10,5.1,350,5.8,6.39,29.44444444,29.44444444,30,26.66666667,28.33333333,32.22222222,31.11111111,30
10/7/2007,33040003,30,34,15.6,86,55,28.6,5,40,,7.37,,0.2,0.12,0.018,0.02,0.02,2,39,29,25.76,5,3,90,10,6.55,30,31.11111111,30,30.55555556,29.44444444,31.11111111,31.11111111,28.88888889
3/1/2009,33020HF1,30,27,36.1,87,12,31.5,0.66,75,,,340,0.52,1.2,0.049,0.008,2.65,0.75,4445,,16.54,5,4.7,320,8,6.59,14.44444444,23.33333333,22.77777778,22.22222222,20,16.11111111,16.66666667,16.66666667
3/2/2003,33020HF1,30,27,36.1,87,12,31.5,17.1,30,,6.9,310,0.56,0.76,0.08,0.071,6.7,,11400,16,17.71,10,7,270,10,6.32,20.55555556,19.44444444,18.33333333,20,17.77777778,20,21.11111111,15.55555556
3/2/2008,33020HF1,30,27,36.1,87,12,31.5,0.55,0,,7.74,249,0.16,1.1,0.08,0.016,0.15,,341,,17.04,4,5.1,,0,7.3,22.22222222,22.22222222,,13.33333333,11.66666667,21.66666667,20.55555556,17.77777778
3/4/2007,33020HF1,30,27,36.1,87,12,31.5,5,20,,6.18,380,,1.11,0.04,0.012,11.65,,19495,7,20,5,5,0,10,6.33,12.77777778,20.55555556,17.77777778,22.77777778,21.66666667,24.44444444,20,25.55555556
3/7/2004,33020HF1,30,27,36.1,87,12,31.5,5.9,30,,5.74,60,0.87,0.01,0.02,0.024,0,,108,18,18.7,5,3,0,,6.13,23.88888889,20,22.22222222,22.22222222,22.22222222,21.66666667,21.11111111,
6/2/2002,33020HF1,30,27,36.1,87,12,31.5,9.2,0,,4.08,10,0.6,0.25,0.08,0.035,18.1,,29050,25,30.3,22,9,,0,6.7,33.88888889,33.88888889,30.55555556,29.44444444,29.44444444,30,32.22222222,31.11111111
6/3/2001,33020HF1,30,27,36.1,87,12,31.5,21.4,40,,3.91,,0.92,0.26,0.08,0.024,15.2,,25380,25,29.68,20,6,180,5,6.57,31.11111111,31.66666667,36.11111111,30.55555556,32.77777778,31.11111111,30.55555556,30.55555556
6/3/2007,33020HF1,30,27,36.1,87,12,31.5,5,15,,4.92,,0.47,0.89,0.055,0.02,18.01,1,29039,21,28.09,5,4,,0,7.29,30.55555556,32.77777778,28.33333333,27.77777778,26.66666667,28.88888889,28.88888889,28.33333333
6/4/2006,33020HF1,30,27,36.1,87,12,31.5,5,0,,5.81,290,0.36,1.23,0.03,0.015,13.8,0.75,23010,20,30.38,5,5,,0,6.91,,,,,,,,
6/6/2005,33020HF1,30,27,36.1,87,12,31.5,5,50,,6.4,1391,0.16,1.33,0.04,0.007,0.1,,346,26,23.46,5,3,,0,6.4,29.44444444,28.88888889,28.88888889,29.44444444,29.44444444,27.77777778,26.11111111,29.44444444
6/7/2009,33020HF1,30,27,36.1,87,12,31.5,1.6,0,1,15,350,0.39,1.1,0.051,0.015,6.3,0.75,11057,21,27.59,4,2.2,,0,6.92,30.55555556,29.44444444,30.55555556,29.44444444,26.66666667,30.55555556,32.77777778,31.66666667
9/7/2008,33020HF1,30,27,36.1,87,12,31.5,1.5,0,,9.71,1320,*Non-detect,0.91,0.041,*Non-detect,11.69,0.75,19630,,31.02,*Non-detect,3.5,,0,6.7,31.66666667,31.11111111,30,31.11111111,29.44444444,30.55555556,28.88888889,31.66666667
9/8/2002,33020HF1,30,27,36.1,87,12,31.5,18.7,50,,2.06,380,0.61,0.33,0.21,0.038,12.7,,20100,26,26.45,17,8,90,12,,32.77777778,30.55555556,32.22222222,33.88888889,33.33333333,31.11111111,31.11111111,31.11111111
9/9/2007,33020HF1,30,27,36.1,87,12,31.5,15,0,,3.94,,0.74,0.66,0.13,0.031,18.13,0.5,29456,21,31.7,5,6,,0,7.11,31.66666667,30.55555556,30.55555556,30.55555556,32.77777778,31.11111111,30,31.11111111
9/10/2006,33020HF1,30,27,36.1,87,12,31.5,7.5,10,,3.5,2400,0.48,1.19,0.11,0.009,18.17,1.25,2990,23,30.7,5,4,45,1,6.86,,,,,,,,
9/11/2005,33020HF1,30,27,36.1,87,12,31.5,5,0,,7.36,1000,0.54,1.31,0.06,0.008,5,,9090,21,29,5,4,,0,6.62,30.55555556,30.55555556,32.22222222,32.22222222,32.22222222,31.66666667,31.66666667,30.55555556
9/13/2009,33020HF1,30,27,36.1,87,12,31.5,2.6,100,1,2.08,1940,0.23,0.69,0.047,0.013,10.31,0.75,17615,,28.83,5,3.1,180,3,6.93,30.55555556,27.22222222,28.33333333,31.11111111,31.66666667,30,31.11111111,28.88888889
12/2/2007,33020HF1,30,27,36.1,87,12,31.5,5,50,,8.77,,0.41,0.46,0.12,0.02,18.09,1,29167,16,20.71,5,4,,0,6.77,24.44444444,21.66666667,22.22222222,22.77777778,18.33333333,18.33333333,22.22222222,22.77777778
12/3/2006,33020HF1,30,27,36.1,87,12,31.5,5,0,,5.06,310,0.25,1.36,0.07,0.012,15.07,1,24001,4,20.22,5,3,45,2,6.72,,,,,,,,
12/4/2005,33020HF1,30,27,36.1,87,12,31.5,5,,,6.97,490,0.18,1.19,0.05,0.013,16.75,1,27200,19,19.26,5,10,,,6.34,24.44444444,22.77777778,16.11111111,17.77777778,24.44444444,30,27.22222222,22.22222222
12/5/2004,33020HF1,30,27,36.1,87,12,31.5,5,100,,5.12,210,0.22,1.38,0.06,0.009,0.8,,1458,15,18.4,5,1,0,5,7,19.44444444,15,15,16.11111111,13.88888889,27.77777778,18.88888889,19.44444444
12/7/2008,33020HF1,30,27,36.1,87,12,31.5,0.68,0,,6.55,580,0.47,1.2,0.06,*Non-detect,17.56,0.75,28400,,17.19,7,3,175,1,6.7,15,16.66666667,15.55555556,22.77777778,20.55555556,11.66666667,15,17.77777778
3/1/2009,33020JF1,30,24,54.98,87,15,4.72,3.9,50,,,44,0.59,2,0.13,0.044,0.66,,1302,,16.68,*Non-detect,3.9,320,8,6.82,14.44444444,23.33333333,22.77777778,22.22222222,20,16.11111111,16.66666667,16.66666667
3/2/2003,33020JF1,30,24,54.98,87,15,4.72,26.7,40,,8.06,40,1.5,*Non-detect,0.16,0.14,1,,1910,24,17,11,7,270,5,6.53,20.55555556,19.44444444,18.33333333,20,17.77777778,20,21.11111111,15.55555556
3/2/2008,33020JF1,30,24,54.98,87,15,4.72,4.8,0,1,13,26,0.37,1.7,0.12,0.032,4,,7529,,22.32,4,3.8,140,3,6.74,22.22222222,22.22222222,,13.33333333,11.66666667,21.66666667,20.55555556,17.77777778
3/3/2002,33020JF1,30,24,54.98,87,15,4.72,20.1,100,,9.7,185,0.46,0.94,0.05,0.087,14.9,,22710,9,18.08,20,11,320,20,6.54,18.33333333,22.77777778,16.11111111,10.55555556,7.777777778,18.88888889,21.66666667,18.33333333
3/4/2007,33020JF1,30,24,54.98,87,15,4.72,5,5,,6.81,27,,1.67,0.14,0.039,2.64,0.5,4844,12,20.3,5,6,315,10,6.7,12.77777778,20.55555556,17.77777778,22.77777778,21.66666667,24.44444444,20,25.55555556
3/5/2006,33020JF1,30,24,54.98,87,15,4.72,17.4,0,,10.6,27,0.87,1.58,0.02,0.04,14.37,,236,26,22.26,5,6,180,3,6.68,,,,,,,,
3/7/2004,33020JF1,30,24,54.98,87,15,4.72,5,5,,5.62,26,0.54,0.01,0.02,0.012,0.1,,26.5,28,21.38,5,1,0,,6.47,23.88888889,20,22.22222222,22.22222222,22.22222222,21.66666667,21.11111111,
6/2/2002,33020JF1,30,24,54.98,87,15,4.72,13.9,0,,4.18,80,0.57,0.55,0.07,0.096,19,,30600,34,30.56,12,7,225,4,6.63,33.88888889,33.88888889,30.55555556,29.44444444,29.44444444,30,32.22222222,31.11111111
6/3/2001,33020JF1,30,24,54.98,87,15,4.72,9.3,30,,4.25,2250,0.73,0.97,0.14,0.085,14.3,,22930,31.5,26.66,8,3,180,5,7.08,31.11111111,31.66666667,36.11111111,30.55555556,32.77777778,31.11111111,30.55555556,30.55555556
6/3/2007,33020JF1,30,24,54.98,87,15,4.72,13.7,10,,4.3,,0.87,0.86,0.16,0.064,16.42,0.5,26946,30,27.92,13,9,300,6,7.11,30.55555556,32.77777778,28.33333333,27.77777778,26.66666667,28.88888889,28.88888889,28.33333333
6/4/2006,33020JF1,30,24,54.98,87,15,4.72,16,0,,4.98,55,0.78,0.32,0.14,0.046,12.49,0.5,20950,30.5,28.86,7,6,350,10,6.47,,,,,,,,
6/6/2005,33020JF1,30,24,54.98,87,15,4.72,5,70,,2.77,1182,0.6,1.32,0.11,0.035,1.7,,3410,32,27.03,5,5,,,6.3,29.44444444,28.88888889,28.88888889,29.44444444,29.44444444,27.77777778,26.11111111,29.44444444
6/7/2009,33020JF1,30,24,54.98,87,15,4.72,20,0,0.5,18.03,148,0.85,1,0.064,0.044,7.91,0.5,13777,31,28.66,11,5.8,,0,6.8,30.55555556,29.44444444,30.55555556,29.44444444,26.66666667,30.55555556,32.77777778,31.66666667
9/7/2008,33020JF1,30,24,54.98,87,15,4.72,43,50,,9.66,410,0.98,0.86,0.054,0.11,8.75,,15167,,29.8,8,6.3,180,5,6.4,31.66666667,31.11111111,30,31.11111111,29.44444444,30.55555556,28.88888889,31.66666667
9/8/2002,33020JF1,30,24,54.98,87,15,4.72,75.8,10,,5.49,80,1.13,0.1,0.035,0.161,21.9,,34730,30,27.79,31,15,90,12,7.67,32.77777778,30.55555556,32.22222222,33.88888889,33.33333333,31.11111111,31.11111111,31.11111111
9/9/2007,33020JF1,30,24,54.98,87,15,4.72,22.9,0,,3.33,,0.66,1.9,0.16,0.044,17.81,,29188,33,30.96,7,6,50,5,7.13,31.66666667,30.55555556,30.55555556,30.55555556,32.77777778,31.11111111,30,31.11111111
9/10/2006,33020JF1,30,24,54.98,87,15,4.72,18.7,20,,5.12,240,1.4,1.04,0.2,0.042,15.15,,25000,32,29.23,5,7,90,15,6.72,,,,,,,,
9/11/2005,33020JF1,30,24,54.98,87,15,4.72,15,0,,4.62,530,1.29,1.23,0.09,0.134,4,,7140,35,28.09,15,15,45,3,6.52,30.55555556,30.55555556,32.22222222,32.22222222,32.22222222,31.66666667,31.66666667,30.55555556
9/13/2009,33020JF1,30,24,54.98,87,15,4.72,19,5,0.75,,600,0.93,0.46,0.23,0.075,11.83,,19952,,29.09,14,11,120,2,6.87,30.55555556,27.22222222,28.33333333,31.11111111,31.66666667,30,31.11111111,28.88888889
12/2/2007,33020JF1,30,24,54.98,87,15,4.72,9.6,100,,5.93,,0.56,1.6,0.15,0.042,8.6,,17000,23,22.41,6,7,135,3,6.57,24.44444444,21.66666667,22.22222222,22.77777778,18.33333333,18.33333333,22.22222222,22.77777778
12/3/2000,33020JF1,30,24,54.98,87,15,4.72,5.9,10,,5.84,100,0.19,1.62,0.181,0.045,1.1,,2080,14,16.46,34,9,10,5,6.09,,,,,,,,
12/3/2006,33020JF1,30,24,54.98,87,15,4.72,5,0,,8.01,41,0.25,2.03,0.12,0.038,4.48,,8040,17.5,19.59,5,4,350,10,6.87,,,,,,,,
12/4/2005,33020JF1,30,24,54.98,87,15,4.72,5,10,,7.23,45,0.5,1.93,0.11,0.035,5.37,,9700,25.5,22.27,6,7,135,5,6.03,24.44444444,22.77777778,16.11111111,17.77777778,24.44444444,30,27.22222222,22.22222222
12/5/2004,33020JF1,30,24,54.98,87,15,4.72,5,100,,6.5,3650,0.43,0.57,0.13,0.023,0.1,,321,17,18.21,28,22,135,12,6.83,19.44444444,15,15,16.11111111,13.88888889,27.77777778,18.88888889,19.44444444
12/7/2008,33020JF1,30,24,54.98,87,15,4.72,1.8,0,,9.51,12,0.67,1.8,0.1,0.026,7.83,,13820,,20.05,6,2.8,200,5,6.59,15,16.66666667,15.55555556,22.77777778,20.55555556,11.66666667,15,17.77777778
12/8/2002,33020JF1,30,24,54.98,87,15,4.72,12.8,30,,6.8,85,0.93,1.823,0.16,0.012,2.1,,3750,17,16.59,7,5,45,5,5.92,16.11111111,13.88888889,13.33333333,19.44444444,24.44444444,22.22222222,17.22222222,15.55555556
3/1/2009,3302HC11,30,25,52.6,87,11,25.9,3.6,20,,,42,0.53,0.2,0.022,0.014,14.98,0.75,24601,,17.15,15,5.7,320,8,7.84,14.44444444,23.33333333,22.77777778,22.22222222,20,16.11111111,16.66666667,16.66666667
3/2/2008,3302HC11,30,25,52.6,87,11,25.9,4.4,0,,5.53,20,0.44,0.22,0.054,0.014,6.96,1.5,12167,,15.7,4,5.3,360,0.3,6.91,22.22222222,22.22222222,,13.33333333,11.66666667,21.66666667,20.55555556,17.77777778
3/4/2007,3302HC11,30,25,52.6,87,11,25.9,5,5,,8.62,82,,0.24,0.07,0.013,12.89,0.5,21400,8,16.75,12,6,0,12,6.36,12.77777778,20.55555556,17.77777778,22.77777778,21.66666667,24.44444444,20,25.55555556
3/5/2006,3302HC11,30,25,52.6,87,11,25.9,5,0,,8.8,27,0.37,0.33,0.02,0.014,14.77,,24200,10.1,16.46,5,3,300,3,7.4,,,,,,,,
3/7/2004,3302HC11,30,25,52.6,87,11,25.9,56,60,,6.97,290,1.61,1.29,0.02,0.073,5.5,,9690,18,20.3,9,6,0,,6.98,23.88888889,20,22.22222222,22.22222222,22.22222222,21.66666667,21.11111111,
6/3/2001,3302HC11,30,25,52.6,87,11,25.9,5.5,40,,4.98,,0.72,*Non-detect,*Non-detect,0.019,18.5,,29850,25,27.14,24,3,,0,6.53,31.11111111,31.66666667,36.11111111,30.55555556,32.77777778,31.11111111,30.55555556,30.55555556
6/3/2007,3302HC11,30,25,52.6,87,11,25.9,5.3,20,,6.38,,0.56,0.009,0.01,0.02,20.14,1.25,32302,24,26.24,5,3,0,2,7.45,30.55555556,32.77777778,28.33333333,27.77777778,26.66666667,28.88888889,28.88888889,28.33333333
6/4/2006,3302HC11,30,25,52.6,87,11,25.9,5,0,,7.48,9,0.63,0.06,0.04,0.023,13.85,0.9,23070,19.5,29.24,9,6,350,5,7.78,,,,,,,,
6/6/2005,3302HC11,30,25,52.6,87,11,25.9,7.5,50,,6.9,136,0.67,0.35,0.03,0.01,6.8,,12030,25,28.3,5,4,,0,6.64,29.44444444,28.88888889,28.88888889,29.44444444,29.44444444,27.77777778,26.11111111,29.44444444
6/7/2009,3302HC11,30,25,52.6,87,11,25.9,12,0,1,15.83,27,0.65,0.018,0.05,0.028,10.1,0.75,17221,20,26.81,14,7.2,,0,7.82,30.55555556,29.44444444,30.55555556,29.44444444,26.66666667,30.55555556,32.77777778,31.66666667
9/7/2008,3302HC11,30,25,52.6,87,11,25.9,13,0,,10.27,16,0.67,0.053,*Non-detect,0.034,13.45,1,22416,,29.68,*Non-detect,3.2,,0,7.89,31.66666667,31.11111111,30,31.11111111,29.44444444,30.55555556,28.88888889,31.66666667
9/8/2002,3302HC11,30,25,52.6,87,11,25.9,6,70,,5.85,30,0.26,*Non-detect,0.03,0.034,22.3,,35520,26,26.26,22,7,90,12,7.75,32.77777778,30.55555556,32.22222222,33.88888889,33.33333333,31.11111111,31.11111111,31.11111111
9/9/2007,3302HC11,30,25,52.6,87,11,25.9,8.5,0,,6.64,,0.61,0.086,0.05,0.022,20.84,0.75,33433,22,29.04,6,5,,0,7.29,31.66666667,30.55555556,30.55555556,30.55555556,32.77777778,31.11111111,30,31.11111111
9/10/2006,3302HC11,30,25,52.6,87,11,25.9,9.6,5,,5.91,10,0.87,0.01,0.09,0.021,19.86,1,32000,23,27.4,12,7,45,10,7.58,,,,,,,,
9/11/2005,3302HC11,30,25,52.6,87,11,25.9,6.9,0,,8.84,64,0.76,0.1,0.02,0.022,7.7,,13410,22,27.2,6,6,,0,7.12,30.55555556,30.55555556,32.22222222,32.22222222,32.22222222,31.66666667,31.66666667,30.55555556
9/13/2009,3302HC11,30,25,52.6,87,11,25.9,21,100,1,4.27,260,0.62,0.013,*Non-detect,0.026,12.46,0.75,20877,,26.9,14,5.5,180,5,7.43,30.55555556,27.22222222,28.33333333,31.11111111,31.66666667,30,31.11111111,28.88888889
12/2/2007,3302HC11,30,25,52.6,87,11,25.9,5,50,,10.7,,0.42,0.091,0.02,0.02,18.77,1.75,30213,15,16.43,5,2,,0,6.93,24.44444444,21.66666667,22.22222222,22.77777778,18.33333333,18.33333333,22.22222222,22.77777778
12/3/2006,3302HC11,30,25,52.6,87,11,25.9,5,0,,7.34,10,0.5,0.36,0.07,0.011,16.82,,27447,4.5,15.62,5,3,45,5,6.97,,,,,,,,
12/4/2005,3302HC11,30,25,52.6,87,11,25.9,5,20,,8.47,82,0.42,0.64,0.11,0.013,18.76,1.2,30100,17,18.19,5,5,,,6.98,24.44444444,22.77777778,16.11111111,17.77777778,24.44444444,30,27.22222222,22.22222222
12/5/2004,3302HC11,30,25,52.6,87,11,25.9,5,100,,8,18,0.46,0.23,0.06,0.009,7.8,,13780,14,14.9,5,2,0,5,6.01,19.44444444,15,15,16.11111111,13.88888889,27.77777778,18.88888889,19.44444444
12/7/2008,3302HC11,30,25,52.6,87,11,25.9,2.8,0,,9.2,4,0.49,0.25,0.058,0.01,21.01,2,33570,,12.19,12,1.8,,0,6.66,15,16.66666667,15.55555556,22.77777778,20.55555556,11.66666667,15,17.77777778
3/1/2009,3302JE20,30,24,39.32,87,15,31.74,7.2,85,,,48,0.55,0.66,0.025,0.015,13.89,1.25,22864,,15.18,12,4.4,320,8,7.34,14.44444444,23.33333333,22.77777778,22.22222222,20,16.11111111,16.66666667,16.66666667
3/2/2003,3302JE20,30,24,39.32,87,15,31.74,8.5,40,,6.87,70,0.48,0.7,0.039,0.044,14.8,,24420,22,16.81,13,5,270,4,7.1,20.55555556,19.44444444,18.33333333,20,17.77777778,20,21.11111111,15.55555556
3/2/2008,3302JE20,30,24,39.32,87,15,31.74,8.1,0,1,9.64,15,0.37,1.3,0.05,0.023,11.38,0.75,19060,,18.61,5,6.5,180,3.3,6.45,22.22222222,22.22222222,,13.33333333,11.66666667,21.66666667,20.55555556,17.77777778
3/4/2007,3302JE20,30,24,39.32,87,15,31.74,5,5,,7.41,18,,0.83,0.13,0.023,20.6,,32888,9,19.52,5,5,0,15,6.51,12.77777778,20.55555556,17.77777778,22.77777778,21.66666667,24.44444444,20,25.55555556
3/5/2006,3302JE20,30,24,39.32,87,15,31.74,5,0,,9.72,18,0.49,1.1,0.04,0.021,17.07,1.5,,24,18.9,5,3,180,5,9.72,,,,,,,,
3/7/2004,3302JE20,30,24,39.32,87,15,31.74,8,5,,7.35,188,0.71,1.55,0.08,0.046,6.2,,10920,24,21.4,5,4,0,,6.85,23.88888889,20,22.22222222,22.22222222,22.22222222,21.66666667,21.11111111,
6/2/2002,3302JE20,30,24,39.32,87,15,31.74,13.4,10,,5.15,10,0.45,0.04,*Non-detect,0.033,21.6,,34450,31,30.5,21,15,225,2,5.22,33.88888889,33.88888889,30.55555556,29.44444444,29.44444444,30,32.22222222,31.11111111
6/3/2001,3302JE20,30,24,39.32,87,15,31.74,26.4,30,,7.88,250,1.03,0.07,*Non-detect,0.056,18.4,,30280,30,29.8,24,5,180,5,8.05,31.11111111,31.66666667,36.11111111,30.55555556,32.77777778,31.11111111,30.55555556,30.55555556
6/3/2007,3302JE20,30,24,39.32,87,15,31.74,9.1,10,,7.7,,0.64,0.57,0.019,0.036,19.64,0.5,31630,30,27.87,5,4,300,12,7.15,30.55555556,32.77777778,28.33333333,27.77777778,26.66666667,28.88888889,28.88888889,28.33333333
6/4/2006,3302JE20,30,24,39.32,87,15,31.74,11.4,0,,7.99,82,0.77,0.43,0.02,0.035,16.69,1.1,27000,31.5,29.51,5,6,10,10,7.28,,,,,,,,
6/6/2005,3302JE20,30,24,39.32,87,15,31.74,5.3,70,,7.05,36,0.82,1.47,0.04,0.016,5.5,,9800,32,30.26,5,4,120,10,6.71,29.44444444,28.88888889,28.88888889,29.44444444,29.44444444,27.77777778,26.11111111,29.44444444
6/7/2009,3302JE20,30,24,39.32,87,15,31.74,6,0,1,18.41,22,0.68,0.72,0.05,0.022,9.14,0.75,15600,29,29.04,6,4.4,,0,7.38,30.55555556,29.44444444,30.55555556,29.44444444,26.66666667,30.55555556,32.77777778,31.66666667
9/7/2008,3302JE20,30,24,39.32,87,15,31.74,15,30,,9.27,266,0.58,0.63,0.011,0.038,14.34,1,23641,,30.88,*Non-detect,3.5,140,10,7.38,31.66666667,31.11111111,30,31.11111111,29.44444444,30.55555556,28.88888889,31.66666667
9/8/2002,3302JE20,30,24,39.32,87,15,31.74,16,10,,8.67,350,0.8,*Non-detect,0.2,0.075,21.6,,34120,30,27.16,62,20,90,10,8.09,32.77777778,30.55555556,32.22222222,33.88888889,33.33333333,31.11111111,31.11111111,31.11111111
9/9/2007,3302JE20,30,24,39.32,87,15,31.74,5,0,,6.55,,0.55,0.98,0.12,0.02,20.75,1,33391,34,31.98,5,4,45,0,7.34,31.66666667,30.55555556,30.55555556,30.55555556,32.77777778,31.11111111,30,31.11111111
9/10/2006,3302JE20,30,24,39.32,87,15,31.74,5.9,40,,9.12,964,0.92,0.61,0.05,0.024,19.62,1.25,31700,32,30.64,8,5,50,25,7.49,,,,,,,,
9/11/2005,3302JE20,30,24,39.32,87,15,31.74,5,0,,7.86,210,0.48,1.05,0.03,0.037,9.3,,16100,32,31,5,5,45,5,7.01,30.55555556,30.55555556,32.22222222,32.22222222,32.22222222,31.66666667,31.66666667,30.55555556
9/13/2009,3302JE20,30,24,39.32,87,15,31.74,1.5,10,1,,520,0.57,0.47,0.061,0.03,11.01,0.75,18660,,28.98,10,4.3,170,5,7.19,30.55555556,27.22222222,28.33333333,31.11111111,31.66666667,30,31.11111111,28.88888889
12/2/2007,3302JE20,30,24,39.32,87,15,31.74,11,100,,8.44,,0.51,0.86,0.053,0.032,16.09,,26195,23,21,5,5,135,8,6.53,24.44444444,21.66666667,22.22222222,22.77777778,18.33333333,18.33333333,22.22222222,22.77777778
12/3/2006,3302JE20,30,24,39.32,87,15,31.74,5,0,,7.15,45,0.23,1.06,0.1,0.017,19.65,1,31628,18.5,17.54,5,5,315,30,6.64,,,,,,,,
12/4/2005,3302JE20,30,24,39.32,87,15,31.74,9.1,20,,7.18,73,0.47,1.57,0.04,0.026,15.31,0.8,25300,24,20.76,5,5,135,8,6.36,24.44444444,22.77777778,16.11111111,17.77777778,24.44444444,30,27.22222222,22.22222222
12/5/2004,3302JE20,30,24,39.32,87,15,31.74,16.6,100,,5.31,210,0.9,1.13,0.06,0.022,8,,1383,18,18.49,7,3,135,15,6.18,19.44444444,15,15,16.11111111,13.88888889,27.77777778,18.88888889,19.44444444
12/7/2008,3302JE20,30,24,39.32,87,15,31.74,4.2,0,,9.53,9,0.51,0.75,0.036,0.015,22.12,2,35014,,15.61,22,1.8,200,5,6.56,15,16.66666667,15.55555556,22.77777778,20.55555556,11.66666667,15,17.77777778
12/8/2002,3302JE20,30,24,39.32,87,15,31.74,8.5,70,,7.07,*Non-detect,0.66,0.283,0.05,0.02,21.1,,33330,15,15.84,8,4,45,6,6.25,16.11111111,13.88888889,13.33333333,19.44444444,24.44444444,22.22222222,17.22222222,15.55555556
1/4/2009,330300A2,30,36,7.8,87,1,44,0.59,100,0.8,8.5,830,0.54,0.29,0.026,*Non-detect,2.27,0.8,4252,,15.91,6,2.6,,0,6.45,22.77777778,23.33333333,23.33333333,16.66666667,19.44444444,18.88888889,21.66666667,25
1/7/2007,330300A2,31,36,7.8,88,1,44,5,100,,7.91,1800,0.47,0.35,0.02,0.011,1.11,1.25,2156,21.3,16.92,5,3,200,4,5.97,21.66666667,21.11111111,21.66666667,21.11111111,15,11.11111111,17.77777778,20.55555556
4/8/2007,330300A2,32,36,7.8,89,1,44,5,100,,7.7,,,0.31,0.05,0.011,1.58,1,2904,6.6,16.19,5,3,,0,6.27,12.22222222,12.77777778,18.88888889,18.88888889,27.22222222,26.66666667,26.11111111,24.44444444
7/5/2009,330300A2,33,36,7.8,90,1,44,3.6,60,1.4,5.55,87,0.33,0.3,0.014,0.017,0.06,1.4,123,,29.09,*Non-detect,4.7,300,3,6.42,34.44444444,33.33333333,34.44444444,33.88888889,33.88888889,32.22222222,34.44444444,35
7/6/2008,330300A2,34,36,7.8,91,1,44,2.6,30,1.25,6.92,400,0.35,0.28,0.013,*Non-detect,0.07,1.25,158,,26.83,5,4.4,,0,5.77,32.22222222,31.66666667,31.11111111,31.11111111,30.55555556,30.55555556,30,31.66666667
7/8/2007,330300A2,35,36,7.8,92,1,44,6.4,10,,6.21,,0.51,0.4,0.067,0.031,2.93,1.2,5463,24.8,28.05,7,3,,0,6.22,32.77777778,32.77777778,33.33333333,29.44444444,31.11111111,31.66666667,32.22222222,35
10/1/2006,330300A2,36,36,7.8,93,1,44,5,10,,6.26,82,0.7,0.4,0.04,0.008,5.34,1.5,9185,21.1,23.88,5,2,,0,6.52,,,,,,,,
10/2/2005,330300A2,37,36,7.8,94,1,44,5,100,,5.23,600,0.38,0.21,0.05,0.021,0.8,1.1,1600,23,24.55,5,4,140,3,5.39,30,30,29.44444444,30,28.88888889,31.66666667,28.88888889,31.11111111
10/4/2009,330300A2,38,36,7.8,95,1,44,0.8,100,1,7.59,140,0.27,0.39,*Non-detect,0.008,0.96,1,1885,,22.08,5,2.5,120,5.6,6.25,27.77777778,30,30,27.22222222,25.55555556,27.77777778,33.88888889,32.22222222
10/5/2008,330300A2,39,36,7.8,96,1,44,1.5,0,1.25,4.42,44,0.28,0.36,0.019,*Non-detect,10.69,1.25,18150,,,4,1.9,,0,6.98,29.44444444,29.44444444,30,26.66666667,28.33333333,32.22222222,31.11111111,30
10/7/2007,330300A2,40,36,7.8,97,1,44,5,100,,1.85,,0.37,0.33,0.057,0.02,20.78,1.25,33293,23,27.9,5,2,240,6,6.32,30,31.11111111,30,30.55555556,29.44444444,31.11111111,31.11111111,28.88888889
1/9/2007,420-A,30,36,36.2916,87,9,47.3435,1.1,,,4.69,120,0.4,0.0075,,,0.02,1,0.039,,14.67,*Non-detect,4.7,,,5.37,20,16.11111111,21.66666667,21.11111111,21.66666667,21.11111111,15,11.11111111
1/16/2007,420-A,30,36,36.2916,87,9,47.3435,5.3,,,3.6,130,0.46,*Non-detect,,,0.02,0.25,0.042,,14.08,*Non-detect,2,,,5.9,16.66666667,23.33333333,22.22222222,21.66666667,21.66666667,18.88888889,13.88888889,20
1/9/2007,420-D,30,36,9.1029,87,10,26.5551,1.1,,,8.58,1700,0.52,0.69,,,0.02,,0.048,,15.73,6,15,,,5.89,20,16.11111111,21.66666667,21.11111111,21.66666667,21.11111111,15,11.11111111
1/16/2007,420-D,30,36,9.1029,87,10,26.5551,1.1,,,8.36,12,0.42,1.1,,,0.02,,0.053,,16.75,7.5,1.9,,,6.16,16.66666667,23.33333333,22.22222222,21.66666667,21.66666667,18.88888889,13.88888889,20
12/29/2006,420-D,30,36,9.1029,87,10,26.5551,1.1,,,8.86,20,0.15,1.1,,,0.1,,0.2,,14.2,*Non-detect,3.7,,,6.8,20.55555556,17.22222222,11.11111111,10,19.44444444,17.22222222,21.11111111,20.55555556
1/18/2007,493-D,30,36,9.1029,87,10,26.5551,2.1,,,8.83,130,0.52,0.26,,,3.24,,5.94,,14.91,*Non-detect,7,,,6.93,13.33333333,13.33333333,16.66666667,23.33333333,22.22222222,21.66666667,21.66666667,18.88888889
1/18/2007,493-E,30,33,30.7871,87,8,20.9328,1.1,,,9.61,36,0.58,0.11,,,2.14,0.5,4.14,,14.34,9.5,9.6,,,7.17,13.33333333,13.33333333,16.66666667,23.33333333,22.22222222,21.66666667,21.66666667,18.88888889
1/18/2007,493-F,30,33,41.2308,87,8,25.8701,2.1,,,9.61,160,0.49,0.11,,,1.66,0.25,3.14,,14.2,18,14,,,7.3,13.33333333,13.33333333,16.66666667,23.33333333,22.22222222,21.66666667,21.66666667,18.88888889
12/6/2006,539-A,30,32,47.2559,87,5,15.0719,1.1,,,9.73,28,0.62,0.034,,,15.77,0.25,25.71,,17.27,14,2.9,,,6.51,,,,,,,,
12/6/2006,539-B,30,32,55.932,87,6,22.8959,5.3,,,9.55,28,1.1,0.31,,,2.92,0.25,5.44,,15.09,5.5,4.7,,,5.66,,,,,,,,
5/17/2006,548A-A,30,32,55.932,87,6,22.8959,3.2,,,7.93,*Non-detect,0.39,*Non-detect,,,15.56,1,25.55,,24.49,9.5,1.8,,,8,,,,,,,,
1/19/2007,548A-E,30,32,18.2615,87,8,15.1584,3.2,,,9.52,4,0.47,0.015,,,15.87,0.75,25.91,,13.24,14,2.9,,,8.28,11.66666667,13.33333333,13.33333333,16.66666667,23.33333333,22.22222222,21.66666667,21.66666667
8/10/2006,548C-A,30,25,3.4283,87,11,15.4608,7.5,,,6.5,4,0.2,0.01,,,20.83,1,33.44,,29.47,10,1.8,,,8.18,,,,,,,,
10/24/2006,548C-A,30,25,3.4283,87,11,15.4608,1.1,,,7.71,2,0.33,0.02,,,27.15,,42.2,,20.89,24,1.6,,,8.23,,,,,,,,
6/28/2006,548E-A,30,19,38.1288,87,12,5.6447,37,,,6.72,*Non-detect,0.44,0.0062,,,27.12,,42.44,,30.16,10,0.69,,,8.04,,,,,,,,
12/11/2006,548E-A,30,19,38.1288,87,12,5.6447,1.1,,,8.1,*Non-detect,0.25,0.029,,,31.61,,48.51,,13.13,37,0.44,,,8.58,18.88888889,,,,,,,
10/24/2006,548E-B,30,20,42.216,87,11,12.4079,1.1,,,8.76,*Non-detect,0.46,0.013,,,28.54,,44.14,,19.89,26,2.6,,,8.32,,,,,,,,
12/11/2006,548E-C,30,20,12.732,87,15,51.5159,1.1,,,8.95,*Non-detect,0.3,0.0098,,,27.3,1.5,42.58,,11.24,35,0.72,,,8.51,18.88888889,,,,,,,
12/11/2006,548E-D,30,20,5.388,87,14,31.344,1.1,,,9.3,*Non-detect,0.35,0.021,,,27.58,1,42.96,,11.25,34,0.77,,,8.29,18.88888889,,,,,,,
5/16/2006,639-A,30,30,49.32,87,9,53.352,5.3,,,13.5,*Non-detect,1.8,0.026,,,0.15,0.25,0.307,,26.07,26,4.2,,,6.97,,,,,,,,
5/16/2006,639-B,30,30,9.1799,87,10,37.164,3.2,,,9.26,2200,0.66,1.7,,,0.05,,0.113,,24.63,30,5,,,6.71,,,,,,,,
10/16/2006,639-C,30,30,14.0219,87,10,43.1363,3.2,,,6.1,33000,0.39,0.36,,,0.03,,0.069,,22.9,*Non-detect,6.3,,,7.2,,,,,,,,
11/27/2006,639-D,30,30,14.076,87,10,43.32,1.1,,,7.32,,0.27,0.4,,,0.08,,0.163,,16.58,*Non-detect,3.1,,,7.79,,,,,,,,
9/26/2006,639-E,30,30,31.8599,87,10,28.452,1.1,,,7.53,1500,0.31,0.35,,,0.05,,0.116,,22,*Non-detect,2,,,7.45,,,,,,,,
12/15/2006,649-A,30,30,31.8599,87,10,28.452,1.1,,,6.77,24,0.37,0.036,,,22.94,,36.21,,16.62,24,1.5,,,7.71,19.44444444,21.11111111,,20.55555556,18.88888889,,,
11/29/2006,649-B,30,30,31.8599,87,10,28.452,1.1,,,8.03,20,0.39,7.8,,,12.48,,20.81,,20.51,9,2.8,,,7.29,,,,,,,,
12/15/2006,649-C,30,31,40.2477,87,6,6.3331,1.1,,,6.25,*Non-detect,0.38,0.038,,,23.83,,37.5,,16.09,25,2.3,,,7.6,19.44444444,21.11111111,,20.55555556,18.88888889,,,
1/18/2007,666-A,30,32,0.204,87,6,43.272,1.1,,,9.9,16,0.48,0.083,,,15.3,,24.8,,15.52,7.5,5.4,,,8.17,13.33333333,13.33333333,16.66666667,23.33333333,22.22222222,21.66666667,21.66666667,18.88888889
1/18/2007,666-B,30,31,33.7044,87,6,39.1536,4.3,,,8.61,16,0.52,0.072,,,12.09,,20.12,,15.09,7,6.2,,,7.52,13.33333333,13.33333333,16.66666667,23.33333333,22.22222222,21.66666667,21.66666667,18.88888889
3/12/2007,666-B,30,31,33.7044,87,6,39.1536,1.8,,,8.19,32,0.62,11,,,6.98,,12.23,,21.77,5.5,2.2,,,7.17,22.77777778,24.44444444,21.66666667,19.44444444,20,19.44444444,20.55555556,17.77777778
8/29/2006,666-B,30,31,33.7044,87,6,39.1536,6.4,,,4.72,15,0.61,0.012,,,18.1,,29.45,,29.89,20,7.3,,,7.21,,,,,,,,
9/26/2006,666-B,30,31,33.7044,87,6,39.1536,2.1,,,4.13,490,1.3,0.018,,,19.15,,30.89,,25.67,32,12,,,6.74,,,,,,,,
12/20/2006,666-B,30,31,33.7044,87,6,39.1536,1.1,,,8.5,420,0.79,0.015,,,22.97,0.25,36.36,,22.87,57,21,,,7.95,22.22222222,25,22.77777778,22.22222222,20.55555556,19.44444444,21.11111111,
1/24/2007,666-C,30,31,29.8452,87,6,30.2507,5.3,,,10.15,310,0.5,*Non-detect,,,28,,43.47,,13.86,8,1.3,,,7.98,9.444444444,11.66666667,16.66666667,20.55555556,15.55555556,11.66666667,13.33333333,13.33333333
3/12/2007,666-C,30,31,29.8452,87,6,30.2507,2.7,,,8.98,16,0.64,17,,,10.09,,17.14,,23.24,13,3.6,,,7.78,22.77777778,24.44444444,21.66666667,19.44444444,20,19.44444444,20.55555556,17.77777778
6/29/2006,666-C,30,31,29.8452,87,6,30.2507,2.7,,,10.4,,0.52,0.0054,,,17.8,,29.03,,30.88,35,6.1,,,7.57,,,,,,,,
9/26/2006,666-C,30,31,29.8452,87,6,30.2507,1.1,,,4.62,15,0.93,0.016,,,19.46,,23.65,,23.64,41,15,,,6.93,,,,,,,,
11/29/2006,666-C,30,31,29.8452,87,6,30.2507,1.1,,,5.92,11,0.41,0.022,,,16.2,,26.42,,19.33,17,4.5,,,7.27,,,,,,,,
12/20/2006,666-C,30,31,29.8452,87,6,30.2507,1.1,,,9.7,4,0.27,0.013,,,23.92,,37.64,,21.27,19,3.3,,,8.1,22.22222222,25,22.77777778,22.22222222,20.55555556,19.44444444,21.11111111,
12/7/2006,725-A,30,28,43.3038,87,16,7.8549,1.8,,,8.91,110,0.18,0.1,,,0.04,,0.094,,12.27,*Non-detect,2.9,,,7.5,,,,,,,,
