Act Date,Station ID,LatDeg,LatMin,LatSec,LongDeg,LongMin,LongSec,Chlorophyll-a (ug/L),DO(mg/l),Fecal Coliform (cfu/100ml),"Nitrogen, Kjeldahl (mg/L)",Nitrite (NO2) + Nitrate (NO3) as N,"Nitrogen, ammonia (NH3) as NH3 (mg/L)","Nitrogen, ammonia as N (mg/L)",Oxidation reduction potential (ORP) (mV),Phosphorus as P (mg/L),"Phosphorus, orthophosphate as P(mg/L)","Phosphorus, orthophosphate as PO4 (mg/L)","Phosphorus, phosphate (PO4) as P(mg/L)",Salinity(ppt),Secchi Depth(m),Specific conductance(umho/cm),"Temperature, air deg C",Temperature (deg cels),Turbidity(NTU),"Wind direction (direction from, expressed 0-360 deg)",Wind velocity,pH,ATemp_max,ATemp_max_1dlag,ATemp_max_2dlag,ATemp_max_3dlag,ATemp_max_4dlag,ATemp_max_5dlag,ATemp_max_6dlag,ATemp_max_7dlag
1/18/2017,33010006,30,27,0,87,23,21,4.2,7.2,,0.29,0.24,,0.006,,0.012,0.004,,,0.5,1.5,1022,,16.5,2.9,,,6.6,,,,,,,,
7/11/2016,33010006,30,27,0,87,23,21,15,4,,0.43,0.073,,0.005,,0.02,*Non-detect,,,5.1,1.7,6054,,30.1,2.2,,,6.7,,,,,,,,
9/26/2016,33010006,30,27,0,87,23,21,9.4,1.9,,0.4,0.1,,0.003,,0.021,*Non-detect,,,5.8,1,11101,,31,2.3,,,6.4,,,,,,,,
10/24/2016,33010006,30,27,0,87,23,21,13,4.1,,0.54,0.006,,0.003,,0.021,*Non-detect,,,18.1,0.7,29697,,23.5,3.9,,,7.4,,,,,,,,
10/29/2015,33010006,30,27,0,87,23,21,2.5,5.9,182,0.54,0.17,,*Non-detect,,0.025,*Non-detect,,,7.6,0.8,15581,,23.3,4.8,,,6.9,,,,,,,,
11/15/2016,33010006,30,27,0,87,23,21,9.1,4.6,,0.47,0.01,,0.005,,0.017,*Non-detect,,,19,1.1,30658,,23.1,2.3,,,7.7,,,,,,,,
2/24/2010,33010036,30,26,1.9,87,19,25.96,1.7,9.09,40,0.29,0.54,,*Non-detect,,0.009,*Non-detect,,,0.02,0.673,38,7.79,12.49,2.8,,0,7.79,10.55555556,16.11111111,18.88888889,18.33333333,17.77777778,16.11111111,15,13.33333333
3/2/2008,33010036,30,26,1.9,87,19,25.96,8.1,0.3,62,0.28,0.34,,0.013,,0.015,,,,0.03,0.5,63,,15.58,4.4,360,2,6.79,22.22222222,22.22222222,,13.33333333,11.66666667,21.66666667,20.55555556,17.77777778
3/4/2007,33010036,30,26,1.9,87,19,25.96,5,8.61,127,,0.42,,0.02,,0.012,,,,0.03,,68,9,14.52,1,340,10,7.2,12.77777778,20.55555556,17.77777778,22.77777778,21.66666667,24.44444444,20,25.55555556
3/5/2006,33010036,30,26,1.9,87,19,25.96,5,8.07,18,0.16,0.76,,0.02,,0.012,,,,0.03,,64,16.7,15.7,1,,0,6.48,,,,,,,,
3/7/2004,33010036,30,26,1.9,87,19,25.96,5,6.62,120,0.31,0.27,,0.02,220,0.009,,,,0,,68,21,18,3,0,,5.8,23.88888889,20,22.22222222,22.22222222,22.22222222,21.66666667,21.11111111,
6/3/2007,33010036,30,26,1.9,87,19,25.96,5,4.85,,0.44,0.29,,0.01,,0.02,,,,0.03,,61,25,23.75,3,310,2,6.93,30.55555556,32.77777778,28.33333333,27.77777778,26.66666667,28.88888889,28.88888889,28.33333333
6/4/2006,33010036,30,26,1.9,87,19,25.96,5,5.37,45,0.19,0.37,,0.02,,0.016,,,,0.03,,68,23,24.67,3,,0,5.92,,,,,,,,
6/6/2005,33010036,30,26,1.9,87,19,25.96,5,4.65,45,0.4,0.33,,0.03,,0.017,,,,0,,162,28,25.93,2,,0,6.44,29.44444444,28.88888889,28.88888889,29.44444444,29.44444444,27.77777778,26.11111111,29.44444444
6/7/2009,33010036,30,26,1.9,87,19,25.96,4.6,14.11,78,0.44,0.19,,0.022,,0.02,,,,0.03,,64,25,23.3,3.5,,0,6.71,30.55555556,29.44444444,30.55555556,29.44444444,26.66666667,30.55555556,32.77777778,31.66666667
9/7/2008,33010036,30,26,1.9,87,19,25.96,7.6,4.36,600,0.57,0.24,,0.016,,0.023,,,,0.03,,67,,25.95,2.3,,0,5.86,31.66666667,31.11111111,30,31.11111111,29.44444444,30.55555556,28.88888889,31.66666667
9/9/2007,33010036,30,26,1.9,87,19,25.96,5,5.1,,0.2,0.36,,0.021,,0.02,,,,0.03,1,69,23,24.83,2,,0,6.89,31.66666667,30.55555556,30.55555556,30.55555556,32.77777778,31.11111111,30,31.11111111
9/10/2006,33010036,30,26,1.9,87,19,25.96,5,5.37,240,0.22,0.38,,0.02,,0.013,,,,0.03,,65,24.5,25.05,2,,0,6.28,,,,,,,,
9/11/2005,33010036,30,26,1.9,87,19,25.96,5,4,173,0.12,0.35,,0.04,,0.023,,,,0,,165,26,24.1,6,360,1,6.64,30.55555556,30.55555556,32.22222222,32.22222222,32.22222222,31.66666667,31.66666667,30.55555556
12/2/2007,33010036,30,26,1.9,87,19,25.96,5,7.69,,0.29,0.47,,0.016,,0.02,,,,0.03,0.5,68,22,17.02,4,165,4,7.69,24.44444444,21.66666667,22.22222222,22.77777778,18.33333333,18.33333333,22.22222222,22.77777778
12/3/2006,33010036,30,26,1.9,87,19,25.96,5,8.67,330,0.1,0.59,,0.02,,0.01,,,,0.03,,64,7.5,13.65,1,15,3,6.63,,,,,,,,
12/4/2005,33010036,30,26,1.9,87,19,25.96,5,7.13,118,0.16,0.46,,0.02,,0.017,,,,0.03,1,67,21,17.53,2,,,6.55,24.44444444,22.77777778,16.11111111,17.77777778,24.44444444,30,27.22222222,22.22222222
12/5/2004,33010036,30,26,1.9,87,19,25.96,5,6.7,18,0.27,0.46,,0.02,,0.014,,,,0,,184,15,16.2,1,20,5,6.49,19.44444444,15,15,16.11111111,13.88888889,27.77777778,18.88888889,19.44444444
12/7/2008,33010036,30,26,1.9,87,19,25.96,7.4,9.36,280,1.1,0.37,,0.017,,0.11,,,,0.03,,64,,12.19,21,60,5,6.23,15,16.66666667,15.55555556,22.77777778,20.55555556,11.66666667,15,17.77777778
3/8/2010,33010078,30,24,6.8,87,22,29.9,1.1,8.54,31,0.33,0.29,,0.047,,0.012,0.006,,,0.04,0.79,90,20.6,12.19,3.2,,,6.26,18.88888889,18.33333333,16.11111111,17.77777778,15.55555556,15,9.444444444,17.77777778
4/19/2010,33010078,30,24,6.8,87,22,29.9,10,6.11,112,0.37,0.18,,0.047,,0.029,*Non-detect,,,3.54,0.9,6462,21.1,23.19,2.7,180,3,6.71,28.88888889,27.77777778,26.66666667,25.55555556,24.44444444,25.55555556,25.55555556,25.55555556
4/26/2010,33010078,30,24,6.8,87,22,29.9,2.7,6.22,237,0.43,0.17,,0.071,,0.016,*Non-detect,,,5.69,1,10031,22.8,23.29,3.3,,,6.57,,27.22222222,24.44444444,26.11111111,25.55555556,25.55555556,25.55555556,28.88888889
5/17/2010,33010078,30,24,6.8,87,22,29.9,2.6,2.89,600,0.42,0.087,,0.038,,0.027,0.005,,,5.52,1,9840,24.4,26.32,3.4,45,4,6.7,30.55555556,25,28.33333333,28.33333333,27.77777778,27.77777778,27.22222222,26.66666667
5/24/2010,33010078,30,24,6.8,87,22,29.9,4.2,5.49,50,0.37,0.04,,0.019,,0.018,*Non-detect,,,2.55,1.166,4798,32,29.11,1.4,,0,6.83,35,32.77777778,30.55555556,30,29.44444444,28.88888889,30.55555556,30.55555556
7/12/2010,33010078,30,24,6.8,87,22,29.9,2.1,3.5,650,0.58,0.08,,,,0.019,*Non-detect,,,7.04,0.5,12375,27.1,30.56,2.6,183,7,6.84,33.33333333,33.33333333,33.88888889,33.33333333,32.77777778,31.11111111,29.44444444,28.88888889
8/2/2010,33010078,30,24,6.8,87,22,29.9,4.7,5.35,1240,0.52,0.058,,0.056,,0.013,*Non-detect,,,7.96,0.791,13939,30.6,33.59,1.8,,0,7.02,36.66666667,37.77777778,37.77777778,37.22222222,35.55555556,35.55555556,33.33333333,32.77777778
9/7/2010,33010078,30,24,6.8,87,22,29.9,4.5,4,460,0.78,0.092,,0.1,,0.03,*Non-detect,,,5.81,0.9,10324,28.3,28.26,2.8,250,2.1,6.66,31.11111111,31.11111111,30.55555556,32.22222222,32.77777778,31.66666667,30,30
9/21/2010,33010078,30,24,6.8,87,22,29.9,40,2.7,271,0.6,0.059,,0.045,,0.046,*Non-detect,,,11.64,0.75,19689,27.7,30.64,4.2,90,2,6.66,32.22222222,33.33333333,31.66666667,32.77777778,32.22222222,31.66666667,31.66666667,32.22222222
10/25/2010,33010078,30,24,6.8,87,22,29.9,36,4.8,1070,0.52,0.056,,0.034,,0.043,0.015,,,17.98,1.028,29112,26.1,24.51,3.6,173,8,7.22,29.44444444,28.33333333,27.77777778,28.88888889,26.66666667,28.88888889,28.88888889,27.22222222
11/22/2010,33010078,30,24,6.8,87,22,29.9,1.5,4.41,470,0.29,0.17,,0.036,,0.011,*Non-detect,,,10.74,0.523,17995,21.11,20.38,1.9,,0,6.68,26.66666667,23.88888889,24.44444444,22.22222222,22.22222222,20,23.33333333,24.44444444
3/2/2008,33010082,30,21,8.2,87,24,10.7,0.55,6.4,16,0.34,0.004,,0.05,,0.004,,,,8.94,1.25,15270,,14.6,2.9,345,1.5,5.91,22.22222222,22.22222222,,13.33333333,11.66666667,21.66666667,20.55555556,17.77777778
3/4/2007,33010082,30,21,8.2,87,24,10.7,5,3.75,18,,0.01,,0.02,,0.005,,,,22.03,1.25,34950,9,17.09,1,340,8,6.28,12.77777778,20.55555556,17.77777778,22.77777778,21.66666667,24.44444444,20,25.55555556
3/5/2006,33010082,30,21,8.2,87,24,10.7,5,3.55,127,0.64,0.01,,0.02,,0.008,,,,16.33,1.25,26500,17.7,18.37,1,,0,6.65,,,,,,,,
3/7/2004,33010082,30,21,8.2,87,24,10.7,5,7.79,500,0.37,0.24,,0.02,316,0.016,,,,0.2,,487,21,15.15,7,0,,4.11,23.88888889,20,22.22222222,22.22222222,22.22222222,21.66666667,21.11111111,
3/22/2010,33010082,30,21,8.2,87,24,10.7,0.64,7.68,46,0.43,0.11,,*Non-detect,,0.007,*Non-detect,,,2.94,,20,9.44,12.18,2.5,185,2.5,4.12,13.33333333,17.77777778,20.55555556,20.55555556,19.44444444,14.44444444,18.88888889,19.44444444
6/3/2001,33010082,30,21,8.2,87,24,10.7,5.8,2.59,10,0.61,*Non-detect,,0.02,174,0.014,,,,15.8,,25790,30,32.4,2,180,5,6.56,31.11111111,31.66666667,36.11111111,30.55555556,32.77777778,31.11111111,30.55555556,30.55555556
6/3/2007,33010082,30,21,8.2,87,24,10.7,5,1.94,,0.69,0.45,,0.011,,0.02,,,,20.54,1,32899,27,27.8,1,,0,6.3,30.55555556,32.77777778,28.33333333,27.77777778,26.66666667,28.88888889,28.88888889,28.33333333
6/4/2006,33010082,30,21,8.2,87,24,10.7,5,3.73,36,0.7,0.01,,0.07,,0.034,,,,16.12,,26700,25.5,33.16,6,,0,6.49,,,,,,,,
6/6/2005,33010082,30,21,8.2,87,24,10.7,5,4.86,45,0.53,0.01,,0.05,,0.01,,,,1.4,,2390,31,24.46,1,,0,5.2,29.44444444,28.88888889,28.88888889,29.44444444,29.44444444,27.77777778,26.11111111,29.44444444
9/8/2002,33010082,30,21,8.2,87,24,10.7,6.9,2.4,100,0.19,0.01,,0.03,115,0.012,,,,21,,32920,28,26.84,9,90,5,6.76,32.77777778,30.55555556,32.22222222,33.88888889,33.33333333,31.11111111,31.11111111,31.11111111
9/9/2007,33010082,30,21,8.2,87,24,10.7,5,0.55,,0.85,0.013,,0.05,,0.02,,,,22.97,0.5,36647,26,31.13,1,350,5,6.35,31.66666667,30.55555556,30.55555556,30.55555556,32.77777778,31.11111111,30,31.11111111
9/10/2006,33010082,30,21,8.2,87,24,10.7,15.5,0.47,2100,1.02,0.01,,0.06,,0.034,,,,23.55,0.75,37500,24.5,30.91,8,,0,6.62,,,,,,,,
9/11/2005,33010082,30,21,8.2,87,24,10.7,5,1.91,41,0.57,0.03,,0.14,,0.013,,,,11.2,,19000,28,30.79,2,360,3,6.28,30.55555556,30.55555556,32.22222222,32.22222222,32.22222222,31.66666667,31.66666667,30.55555556
12/2/2007,33010082,30,21,8.2,87,24,10.7,5,9.7,,0.64,0.014,,0.01,,0.02,,,,20.63,1.6,32889,23,18.81,1,165,4,6.39,24.44444444,21.66666667,22.22222222,22.77777778,18.33333333,18.33333333,22.22222222,22.77777778
12/3/2006,33010082,30,21,8.2,87,24,10.7,5,2.32,9,0.33,0.01,,0.02,,0.005,,,,23.1,,36500,9,20.06,2,15,12,6.23,,,,,,,,
12/4/2005,33010082,30,21,8.2,87,24,10.7,5,2.82,36,0.45,0.02,,0.02,,0.008,,,,18.77,1.5,30200,22,18.35,1,225,4,6.16,24.44444444,22.77777778,16.11111111,17.77777778,24.44444444,30,27.22222222,22.22222222
12/5/2004,33010082,30,21,8.2,87,24,10.7,5,4.57,882,0.34,0.02,,0.02,,0.008,,,,0,,211,18,15.18,1,20,10,6,19.44444444,15,15,16.11111111,13.88888889,27.77777778,18.88888889,19.44444444
2/9/2015,330100A1,30,27,6.06,87,23,0.05,3.2,9.74,,0.38,0.2,,0.005,,0.011,*Non-detect,,,6.84,1.7,11630,,15.7,1.5,,,7.92,,,,,,,,
3/23/2015,330100A1,30,27,6.06,87,23,0.05,3.5,7.7,,0.45,0.11,,0.024,,0.008,0.004,,,3.3,1.6,14730,,23,2.5,,,7.3,,,,,,,,
5/24/2005,330100A1,30,27,6.06,87,23,0.05,31.3,9.02,1,0.62,0.017,*Non-detect,,,0.042,,,,2.54,,4780,,29,7,,,8.41,34.44444444,33.88888889,27.77777778,30,28.88888889,27.77777778,27.22222222,26.66666667
7/6/2015,330100A1,30,27,6.06,87,23,0.05,8.2,6,,0.39,0.084,,0.018,,0.016,*Non-detect,,,3.7,1.2,6820,,28.3,2.9,,,7.2,,,,,,,,
8/19/2015,330100A1,30,27,6.06,87,23,0.05,8.7,7.9,,0.44,0.15,,0.005,,0.018,0.004,,,4.3,1,7789,,29.5,2.3,,,7.8,,,,,,,,
9/21/2015,330100A1,30,27,6.06,87,23,0.05,13,4.1,,0.63,0.016,,0.005,,0.029,*Non-detect,,,19.9,0.9,31967,,28.6,4,,,7.9,,,,,,,,
10/29/2015,330100A1,30,27,6.06,87,23,0.05,2.7,5.4,,0.47,0.22,,0.054,,0.02,*Non-detect,,,6.8,0.6,11864,,23.6,4.8,,,7.1,,,,,,,,
9/13/2016,330100A4,30,27,30,87,22,12,23,3.5,41,0.26,1.1,,0.003,,*Non-detect,,,,16.6,,27194,,30.4,8.1,,,7.5,,,,,,,,
5/24/2005,330100A5,30,27,0,87,21,30,15.6,8.74,2,0.7,*Non-detect,*Non-detect,,,0.047,,,,1.39,,2700,,28.62,9,,,8.01,34.44444444,33.88888889,27.77777778,30,28.88888889,27.77777778,27.22222222,26.66666667
2/14/2012,330100A7,30,27,14.47,87,21,32.6,11,8.67,245,0.34,0.017,,*Non-detect,,0.023,,,,14.77,,24283,17.9,12.8,11,,,7.51,21.11111111,16.11111111,9.444444444,11.66666667,16.11111111,15,20,21.66666667
3/16/2016,330100A7,30,27,14.47,87,21,32.6,6.3,8.2,157,0.58,0.12,,0.014,,0.042,,,,0.5,,1094,,24,9.2,,,7.7,,,,,,,,
3/22/2017,330100A7,30,27,14.47,87,21,32.6,4.2,9.5,,0.33,0.071,,0.008,,0.019,,,,6.8,,11837,,24.9,4.2,,,7.7,,,,,,,,
3/23/2015,330100A7,30,27,14.47,87,21,32.6,5.2,8.9,120,0.44,0.059,,0.041,,0.021,,,,5.2,,9209,,24,5.1,,,,,,,,,,,
3/25/2014,330100A7,30,27,14.47,87,21,32.6,4.3,6.53,32,0.41,0.098,,0.026,,0.02,,,,2.22,,4165,,17.1,5.2,,,,18.88888889,17.77777778,25.55555556,21.66666667,22.22222222,22.77777778,19.44444444,15
3/29/2011,330100A7,30,27,14.47,87,21,32.6,13,11.33,108,0.52,0.036,,0.011,,0.028,,,,3.43,,6250,22.5,22.74,4.2,139,1,8.14,,,,26.66666667,21.66666667,29.44444444,27.22222222,25
5/25/2010,330100A7,30,27,14.47,87,21,32.6,36,7,5,0.47,*Non-detect,,0.015,,0.037,,,,1.42,,2758,36.2,28.43,4.8,174,4,6.97,30.55555556,35,32.77777778,30.55555556,30,29.44444444,28.88888889,30.55555556
5/29/2012,330100A7,30,27,14.47,87,21,32.6,61,9.36,4,0.82,*Non-detect,,*Non-detect,,0.055,,,,12.61,,21221,33.4,31.85,4.8,215,1,7.88,33.88888889,33.33333333,33.33333333,35,32.77777778,29.44444444,30,28.33333333
6/4/2013,330100A7,30,27,14.47,87,21,32.6,6.8,7.18,*Non-detect,0.41,0.012,,0.009,,0.011,,,,7.39,,12953,28.9,30.48,2.9,176,10.1,7.61,30.55555556,30.55555556,30.55555556,30.55555556,29.44444444,29.44444444,30,28.88888889
6/7/2016,330100A7,30,27,14.47,87,21,32.6,11,7.9,26,0.44,0.023,,0.002,,0.022,,,,6.8,,11940,,29.2,2.9,,,7.5,,,,,,,,
6/28/2011,330100A7,30,27,14.47,87,21,32.6,18,7.55,15,0.74,0.014,,*Non-detect,,0.033,,,,6.85,,12091,31.1,31.56,6.2,200,1,7.69,35.55555556,36.11111111,35,33.88888889,34.44444444,35,35,35
8/14/2012,330100A7,30,27,14.47,87,21,32.6,10,6.99,104,0.92,0.12,,0.076,,0.044,,,,2.51,,4732,,28.97,8.8,,,7.31,31.11111111,31.11111111,31.66666667,29.44444444,31.11111111,31.11111111,30.55555556,31.11111111
9/9/2014,330100A7,30,27,14.47,87,21,32.6,18,3.85,44,0.69,0.013,,*Non-detect,,0.015,,,,7.89,,13726,,28.37,5.2,,,,31.66666667,30.55555556,32.77777778,33.33333333,31.66666667,30.55555556,33.88888889,32.77777778
9/10/2013,330100A7,30,27,14.47,87,21,32.6,25,3.87,8,0.71,0.011,,0.003,,0.042,,,,5.66,,10130,,30.33,7,,,,31.11111111,32.22222222,31.11111111,32.22222222,31.66666667,31.66666667,31.11111111,31.66666667
9/14/2016,330100A7,30,27,14.47,87,21,32.6,4.5,5.5,*Non-detect,0.6,0.007,,*Non-detect,,0.049,,,,13.3,,22254,,30.1,5.4,,,8,,,,,,,,
9/16/2015,330100A7,30,27,14.47,87,21,32.6,77,8.1,6,1.1,*Non-detect,,0.005,,0.095,,,,16.3,,26779,,28.9,8.7,,,8.2,,,,,,,,
11/27/2012,330100A7,30,27,14.47,87,21,32.6,6.4,8.35,29,0.44,0.018,,*Non-detect,,0.016,,,,17.62,,28485,,16.9,1.8,,,8.13,20,20.55555556,15.55555556,16.66666667,23.33333333,22.77777778,23.88888889,22.22222222
12/7/2016,330100A7,30,27,14.47,87,21,32.6,7.1,8,,0.42,0.076,,0.008,,0.028,,,,9.5,,16132,,19.3,10,,,7,,,,,,,,
12/13/2011,330100A7,30,27,14.47,87,21,32.6,22,9.05,25,0.54,0.011,,*Non-detect,,0.033,,,,18.42,,29710,14,13.43,5.1,195,2,7.89,18.88888889,16.11111111,11.11111111,14.44444444,15,10.55555556,12.77777778,24.44444444
12/16/2014,330100A7,30,27,14.47,87,21,32.6,4.1,7.08,84,0.5,0.2,,0.013,,0.026,,,,18,,29042,,16.37,3.2,,,,21.11111111,21.11111111,18.88888889,20,18.88888889,15,14.44444444,18.33333333
12/21/2015,330100A7,30,27,14.47,87,21,32.6,4.8,6.4,29,0.45,0.047,,0.01,,0.015,,,,13.1,1,21638,,16.1,2.4,,,7.2,,,,,,,,
2/9/2015,330100C6,30,25,30,87,22,0,4.4,9.85,,0.43,0.16,,0.003,,0.014,*Non-detect,,,17.75,1.5,13810,,14.3,2.2,,,7.99,,,,,,,,
3/23/2015,330100C6,30,25,30,87,22,0,2.6,7.9,,0.26,0.072,,0.011,,0.006,0.005,,,5,1.7,8951,,23.2,1.6,,,7.3,,,,,,,,
5/24/2005,330100C6,30,25,30,87,22,0,14.5,8.1,2,0.62,*Non-detect,*Non-detect,,,0.044,,,,2.49,,4680,,29.29,9,,,8.14,34.44444444,33.88888889,27.77777778,30,28.88888889,27.77777778,27.22222222,26.66666667
7/6/2015,330100C6,30,25,30,87,22,0,13,6.6,,0.51,*Non-detect,,0.003,,0.02,*Non-detect,,,5.3,0.9,10660,,28.4,2.8,,,7.6,,,,,,,,
8/8/2005,330100C6,30,25,30,87,22,0,15.3,8.31,54,,,,,,,,,,14.82,,5940,,28.46,4,,,6.64,32.22222222,30,28.33333333,26.11111111,29.44444444,29.44444444,27.22222222,29.44444444
8/19/2015,330100C6,30,25,30,87,22,0,19,7.7,,0.55,*Non-detect,,0.004,,0.028,*Non-detect,,,10.1,0.9,30991,,30,3.7,,,8.1,,,,,,,,
9/21/2015,330100C6,30,25,30,87,22,0,13,7.6,,0.65,0.011,,0.006,,0.03,*Non-detect,,,17.5,,28477,,28.8,4.1,,,8.2,,,,,,,,
10/29/2015,330100C6,30,25,30,87,22,0,3.5,6.1,,0.43,0.18,,0.046,,0.023,*Non-detect,,,7.2,0.8,12619,,23.8,7.1,,,7.1,,,,,,,,
2/9/2015,330100D4,30,24,12,87,25,18,3.4,10.55,,0.39,0.12,,0.003,,0.011,*Non-detect,,,17.09,1.7,17082,,15.18,1.7,,,7.75,,,,,,,,
3/23/2015,330100D4,30,24,12,87,25,18,3,7.96,,0.31,0.054,,0.01,,0.005,0.005,,,17.5,1.5,28336,,22.8,1.7,,,6.8,,,,,,,,
5/24/2005,330100D4,30,24,12,87,25,18,11.4,7.18,5,0.55,*Non-detect,0.011,,,0.036,,,,4.74,,8540,,29.26,8,,,7.55,34.44444444,33.88888889,27.77777778,30,28.88888889,27.77777778,27.22222222,26.66666667
8/8/2005,330100D4,30,24,12,87,25,18,23.1,1.35,84,,,,,,,,,,17.14,,27997,,28.79,4,,,6.78,32.22222222,30,28.33333333,26.11111111,29.44444444,29.44444444,27.22222222,29.44444444
8/19/2015,330100D4,30,24,12,87,25,18,13,4.6,,0.77,*Non-detect,,0.005,,0.026,*Non-detect,,,15.5,1.1,25456,,29.8,3.5,,,7.8,,,,,,,,
9/21/2015,330100D4,30,24,12,87,25,18,11,7.3,,0.57,*Non-detect,,0.006,,0.029,*Non-detect,,,18,1,29257,,28.1,6,,,8.3,,,,,,,,
10/29/2015,330100D4,30,24,12,87,25,18,3.1,6.5,,0.44,0.099,,0.053,,0.016,*Non-detect,,,20.4,1.1,22079,,23.6,2.8,,,7.2,,,,,,,,
7/19/2005,330100F4,30,20,30,87,27,0,21.9,1.14,1,,,,,,,,,,3,,5654,,29.96,5,,,6.96,31.11111111,30.55555556,30,30,28.33333333,28.88888889,30.55555556,29.44444444
5/23/2005,33010D16,30,21,56.4,87,27,3.1,5.9,7.05,1,0.52,*Non-detect,*Non-detect,,,*Non-detect,,,,10.63,,18100,,27.93,5,,,7.98,33.88888889,27.77777778,30,28.88888889,27.77777778,27.22222222,26.66666667,27.77777778
3/2/2008,33010FA7,30,19,51.6,87,24,12.6,1.3,5.06,1,0.91,0.004,,0.022,,0.004,,,,0.05,0.75,110,,12.97,1.7,165,2.1,4.65,22.22222222,22.22222222,,13.33333333,11.66666667,21.66666667,20.55555556,17.77777778
3/4/2007,33010FA7,30,19,51.6,87,24,12.6,5,5.23,9,,0.01,,0.02,,0.007,,,,0.11,,224,11,12.34,2,340,5,4.17,12.77777778,20.55555556,17.77777778,22.77777778,21.66666667,24.44444444,20,25.55555556
3/5/2006,33010FA7,30,19,51.6,87,24,12.6,5,3.9,1,0.72,0.01,,0.02,,0.013,,,,0.07,,137,20.2,13.32,2,180,3,4.14,,,,,,,,
3/7/2004,33010FA7,30,19,51.6,87,24,12.6,5,2.7,2,0.69,0.01,,0.02,363,0.023,,,,0,,103,20,15.8,3,0,,3.65,23.88888889,20,22.22222222,22.22222222,22.22222222,21.66666667,21.11111111,
3/22/2010,33010FA7,30,19,51.6,87,24,12.6,5.3,3.96,,0.84,0.08,,*Non-detect,,0.011,0.006,,,0.01,,33,9.44,11.73,0.95,220,0.5,3.86,13.33333333,17.77777778,20.55555556,20.55555556,19.44444444,14.44444444,18.88888889,19.44444444
4/19/2010,33010FA7,30,19,51.6,87,24,12.6,0.87,1.4,,0.7,0.057,,0.039,,0.009,*Non-detect,,,12.95,0.4,21518,21.1,18.26,3,245,4,4.54,28.88888889,27.77777778,26.66666667,25.55555556,24.44444444,25.55555556,25.55555556,25.55555556
6/2/2002,33010FA7,30,19,51.6,87,24,12.6,9.1,1.02,20,1.12,0.01,,0.02,322,0.041,,,,0.1,,190,36,21.84,10,,0,3.74,33.88888889,33.88888889,30.55555556,29.44444444,29.44444444,30,32.22222222,31.11111111
6/3/2007,33010FA7,30,19,51.6,87,24,12.6,5,1.55,,1.4,0.007,,0.052,,0.041,,,,0.1,,209,28,21.55,1,,0,4.54,30.55555556,32.77777778,28.33333333,27.77777778,26.66666667,28.88888889,28.88888889,28.33333333
6/4/2006,33010FA7,30,19,51.6,87,24,12.6,5,1.23,1,1.11,0.01,,0.04,,0.048,,,,0.07,,146,24.5,23.36,5,,0,4.13,,,,,,,,
6/6/2005,33010FA7,30,19,51.6,87,24,12.6,5,0.72,1,,0.01,,0.11,,0.01,,,,0,,191,30,25.97,1,,0,4.34,29.44444444,28.88888889,28.88888889,29.44444444,29.44444444,27.77777778,26.11111111,29.44444444
6/17/2010,33010FA7,30,19,51.6,87,24,12.6,2.7,6.32,,0.63,*Non-detect,,0.02,,0.006,*Non-detect,,,0.03,0.5,61,29.4,24.95,1.7,,0,3.89,34.44444444,32.77777778,33.88888889,35,35.55555556,32.22222222,31.66666667,31.66666667
9/9/2007,33010FA7,30,19,51.6,87,24,12.6,5,2.15,,2.2,0.04,,0.86,,0.067,,,,0.11,,237,25,24.04,27,,0,7.02,31.66666667,30.55555556,30.55555556,30.55555556,32.77777778,31.11111111,30,31.11111111
9/11/2005,33010FA7,30,19,51.6,87,24,12.6,5,3.23,1,1.09,0.02,,0.45,,0.015,,,,0.1,,284,,23.3,1,,0,4.07,30.55555556,30.55555556,32.22222222,32.22222222,32.22222222,31.66666667,31.66666667,30.55555556
9/27/2010,33010FA7,30,19,51.6,87,24,12.6,0.81,1.77,,1.2,0.068,,0.037,,0.009,0.005,,,0.05,0.71,111,23.88,24.06,1.2,75,2,3.92,28.33333333,28.88888889,30,31.66666667,31.11111111,31.66666667,32.22222222,33.33333333
12/2/2007,33010FA7,30,19,51.6,87,24,12.6,5,4.66,,1.3,0.004,,0.012,,0.02,,,,0.07,,155,23,15.19,1,165,6,6.23,24.44444444,21.66666667,22.22222222,22.77777778,18.33333333,18.33333333,22.22222222,22.77777778
12/3/2006,33010FA7,30,19,51.6,87,24,12.6,5.3,7.97,10,2.06,0.16,,0.64,,0.031,,,,0.19,,403,10,9.93,16,10,15,5.01,,,,,,,,
12/4/2005,33010FA7,30,19,51.6,87,24,12.6,5,2.87,18,0.48,0.01,,0.02,,0.009,,,,0.07,1.5,154,23,16.12,1,225,4,3.75,24.44444444,22.77777778,16.11111111,17.77777778,24.44444444,30,27.22222222,22.22222222
12/5/2004,33010FA7,30,19,51.6,87,24,12.6,5,3.9,136,0.76,0.01,,0.09,,0.055,,,,0.1,,356,18,14.67,1,20,10,3.49,19.44444444,15,15,16.11111111,13.88888889,27.77777778,18.88888889,19.44444444
5/27/2002,33010G4T,30,22,7.1,87,24,50.1,5.4,5.8,,0.29,*Non-detect,*Non-detect,,,0.025,,,,21.8,,34900,,27.5,7,,,8,32.22222222,31.11111111,28.88888889,28.88888889,26.66666667,25,27.22222222,26.66666667
5/10/2010,33010G4W,30,21,7.4,87,24,51.9,5,10.71,18,0.45,0.013,,*Non-detect,,0.017,*Non-detect,,,14.08,0.7,19076,21.1,27.25,3.5,,,7.49,26.66666667,28.33333333,30,28.88888889,28.33333333,29.44444444,31.11111111,25
8/9/2010,33010G4W,30,21,7.4,87,24,51.9,100,4.31,54,0.51,0.014,,*Non-detect,,0.024,*Non-detect,,,16.08,,25819,29.4,32.17,5.4,130,2.7,8.48,33.33333333,34.44444444,35,33.33333333,32.77777778,33.33333333,33.88888889,36.66666667
11/9/2010,33010G4W,30,21,7.4,87,24,51.9,2.6,8.02,117,0.41,0.048,,0.058,,0.015,*Non-detect,,,15.71,0.6,29935,15,20.06,2.8,180,4,7.57,22.77777778,20,17.77777778,17.22222222,17.22222222,20.55555556,21.66666667,25.55555556
7/11/2016,33010H91,30,18,47,87,26,25,5.4,5.5,,0.42,*Non-detect,,*Non-detect,,0.021,*Non-detect,,,25.8,1.8,44433,,30.3,2,,,7.9,,,,,,,,
10/24/2016,33010H91,30,18,47,87,26,25,2.9,6.4,,0.23,*Non-detect,,0.002,,0.012,0.004,,,29.4,2,45390,,22.4,1.6,,,7.9,,,,,,,,
1/18/2017,33020M31,30,18,47.553,87,25,34.2337,8.3,9.5,,0.43,0.046,,0.013,,0.012,*Non-detect,,,9.4,1.5,32881,,21.3,2.6,,,7.6,,,,,,,,
3/2/2003,33020M31,30,18,47.553,87,25,34.2337,5.3,10.65,*Non-detect,0.56,0.034,,0.022,221,0.047,,,,21.5,,33910,19,8.66,4,270,8,7.82,20.55555556,19.44444444,18.33333333,20,17.77777778,20,21.11111111,15.55555556
3/2/2008,33020M31,30,18,47.553,87,25,34.2337,29,7.28,70,0.91,0.004,,0.05,,0.11,,,,18.17,0.5,29430,,18.85,5.9,180,2.5,5.91,22.22222222,22.22222222,,13.33333333,11.66666667,21.66666667,20.55555556,17.77777778
3/4/2007,33020M31,30,18,47.553,87,25,34.2337,5,8.29,*Non-detect,,0.01,,0.13,,0.01,,,,24.28,,38111,11,16.14,1,340,5,6.37,12.77777778,20.55555556,17.77777778,22.77777778,21.66666667,24.44444444,20,25.55555556
3/5/2006,33020M31,30,18,47.553,87,25,34.2337,5,8.93,1,0.47,0.01,,0.03,,0.015,,,,24.25,,38100,22.9,16.88,2,90,5,8.14,,,,,,,,
3/7/2004,33020M31,30,18,47.553,87,25,34.2337,5,6.38,300,0.6,0.16,,0.05,210,0.053,,,,17.8,,28900,24,19.3,3,0,,7.8,23.88888889,20,22.22222222,22.22222222,22.22222222,21.66666667,21.11111111,
6/3/2001,33020M31,30,18,47.553,87,25,34.2337,8.5,5.82,*Non-detect,0.7,*Non-detect,,*Non-detect,170,0.025,,,,25.5,,40060,29.5,27.81,2,180,5,6.47,31.11111111,31.66666667,36.11111111,30.55555556,32.77777778,31.11111111,30.55555556,30.55555556
6/3/2007,33020M31,30,18,47.553,87,25,34.2337,5,4.99,,0.51,0.004,,0.01,,0.033,,,,25.69,1,40281,28,26.63,3,0,3,6.33,30.55555556,32.77777778,28.33333333,27.77777778,26.66666667,28.88888889,28.88888889,28.33333333
6/4/2006,33020M31,30,18,47.553,87,25,34.2337,5,5.67,1,0.4,0.01,,0.12,,0.022,,,,24.13,,38100,25.5,28.21,3,360,5,7.81,,,,,,,,
6/6/2005,33020M31,30,18,47.553,87,25,34.2337,5,4.9,9,0.44,0.01,,0.05,,0.011,,,,21,,33600,29,28.78,3,,0,7.22,29.44444444,28.88888889,28.88888889,29.44444444,29.44444444,27.77777778,26.11111111,29.44444444
6/7/2009,33020M31,30,18,47.553,87,25,34.2337,4.6,14.4,*Non-detect,0.53,0.005,,0.013,,0.02,,,,16.41,1,26561,28,25.69,3,,0,7.5,30.55555556,29.44444444,30.55555556,29.44444444,26.66666667,30.55555556,32.77777778,31.66666667
7/11/2016,33020M31,30,18,47.553,87,25,34.2337,5.1,6,,0.34,*Non-detect,,0.005,,0.022,*Non-detect,,,25.7,1.8,40620,,30.4,1.6,,,7.8,,,,,,,,
8/29/2016,33020M31,30,18,47.553,87,25,34.2337,6.9,6.1,,0.42,*Non-detect,,*Non-detect,,0.014,*Non-detect,,,25.6,1.3,40197,,29.9,1.8,,,8,,,,,,,,
9/7/2008,33020M31,30,18,47.553,87,25,34.2337,93,5.97,76,0.85,0.007,,*Non-detect,,0.09,,,,23.63,1,37666,,29.87,3.3,180,5,7.45,31.66666667,31.11111111,30,31.11111111,29.44444444,30.55555556,28.88888889,31.66666667
9/9/2007,33020M31,30,18,47.553,87,25,34.2337,5,5.71,,0.37,0.004,,0.05,,0.02,,,,29.01,1,45000,27,28.97,5,45,8,7.27,31.66666667,30.55555556,30.55555556,30.55555556,32.77777778,31.11111111,30,31.11111111
9/10/2006,33020M31,30,18,47.553,87,25,34.2337,5,5.19,10,0.46,0.01,,0.1,,0.013,,,,31.18,1.75,48000,25.5,28.06,3,90,10,7.86,,,,,,,,
9/11/2005,33020M31,30,18,47.553,87,25,34.2337,5,6,1,0.31,0.02,,0.02,,0.02,,,,18.2,,29500,30,27.8,3,45,2,7.73,30.55555556,30.55555556,32.22222222,32.22222222,32.22222222,31.66666667,31.66666667,30.55555556
9/26/2016,33020M31,30,18,47.553,87,25,34.2337,4.9,5.7,,0.29,*Non-detect,,0.002,,0.018,*Non-detect,,,27.1,1.8,42430,,29.9,1.7,,,8,,,,,,,,
10/24/2016,33020M31,30,18,47.553,87,25,34.2337,3.2,6.4,,0.28,*Non-detect,,0.002,,0.013,0.004,,,29.6,1.7,45328,,22.5,2,,,8,,,,,,,,
11/15/2016,33020M31,30,18,47.553,87,25,34.2337,3.7,7.9,,0.36,*Non-detect,,0.002,,0.021,*Non-detect,,,26,,40578,,19.1,2.2,,,8,,,,,,,,
12/2/2007,33020M31,30,18,47.553,87,25,34.2337,5,11.14,,0.42,0.004,,0.01,,0.02,,,,11.14,1.3,44560,23,17.65,2,135,6,6.55,24.44444444,21.66666667,22.22222222,22.77777778,18.33333333,18.33333333,22.22222222,22.77777778
12/3/2006,33020M31,30,18,47.553,87,25,34.2337,13.4,7.5,27,0.99,0.01,,0.07,,0.046,,,,23.05,,36380,15.5,15.16,8,10,15,5.84,,,,,,,,
12/4/2005,33020M31,30,18,47.553,87,25,34.2337,5,8.6,1,0.24,0.01,,0.03,,0.02,,,,26.47,2.5,41200,21,17.5,2,90,4,7.56,24.44444444,22.77777778,16.11111111,17.77777778,24.44444444,30,27.22222222,22.22222222
12/5/2004,33020M31,30,18,47.553,87,25,34.2337,5,7.5,27,0.53,0.02,,0.06,,0.015,,,,20.4,,32600,18,16.34,1,20,12,7.24,19.44444444,15,15,16.11111111,13.88888889,27.77777778,18.88888889,19.44444444
12/7/2008,33020M31,30,18,47.553,87,25,34.2337,17,8.38,12,0.79,*Non-detect,,0.016,,0.048,,,,27.86,0.5,43295,,14.29,4.1,40,5,6.49,15,16.66666667,15.55555556,22.77777778,20.55555556,11.66666667,15,17.77777778
3/2/2003,33020M33,30,18,24.6,87,25,32,22.8,8.77,30,0.94,*Non-detect,,*Non-detect,276,0.089,,,,3.51,,55070,19,16.03,6,270,8,7.56,20.55555556,19.44444444,18.33333333,20,17.77777778,20,21.11111111,15.55555556
3/2/2008,33020M33,30,18,24.6,87,25,32,3.9,9.57,1,0.34,0.033,,0.05,,0.012,,,,15.98,1.75,26075,,16.89,1.7,140,4,6.87,22.22222222,22.22222222,,13.33333333,11.66666667,21.66666667,20.55555556,17.77777778
3/4/2007,33020M33,30,18,24.6,87,25,32,5.9,7.54,9,,0.01,,0.13,,0.011,,,,25.9,,40290,10,16.45,6,340,5,6.49,12.77777778,20.55555556,17.77777778,22.77777778,21.66666667,24.44444444,20,25.55555556
3/5/2006,33020M33,30,18,24.6,87,25,32,5,7.82,27,0.84,0.01,,0.04,,0.042,,,,20.97,,33300,21.1,16.93,3,140,3,7.83,,,,,,,,
3/7/2004,33020M33,30,18,24.6,87,25,32,5,5.42,800,1.77,1.76,,0.04,283,0.042,,,,21.2,,33910,24,20.4,1,0,,7.4,23.88888889,20,22.22222222,22.22222222,22.22222222,21.66666667,21.11111111,
6/3/2007,33020M33,30,18,24.6,87,25,32,5,6.14,,0.46,0.004,,0.01,,0.02,,,,25.27,1.25,39,27,26.47,5,0,5,7.27,30.55555556,32.77777778,28.33333333,27.77777778,26.66666667,28.88888889,28.88888889,28.33333333
6/4/2006,33020M33,30,18,24.6,87,25,32,5,4.18,9,0.44,0.01,,0.07,,0.024,,,,27.05,,42400,28,27.64,6,300,5,6.98,,,,,,,,
6/6/2005,33020M33,30,18,24.6,87,25,32,5,5.2,9,1.14,0.01,,0.03,,0.026,,,,16.6,,27000,30,28.9,3,,0,6.99,29.44444444,28.88888889,28.88888889,29.44444444,29.44444444,27.77777778,26.11111111,29.44444444
6/7/2009,33020M33,30,18,24.6,87,25,32,5.4,16.38,26,0.52,0.007,,*Non-detect,,0.019,,,,20.69,1,33400,28,26.52,3.6,,0,8.08,30.55555556,29.44444444,30.55555556,29.44444444,26.66666667,30.55555556,32.77777778,31.66666667
9/7/2008,33020M33,30,18,24.6,87,25,32,5.6,7.03,5,0.42,0.007,,0.018,,0.026,,,,25.77,1.5,40486,,28.88,0.85,180,3,7.74,31.66666667,31.11111111,30,31.11111111,29.44444444,30.55555556,28.88888889,31.66666667
9/9/2007,33020M33,30,18,24.6,87,25,32,24.6,3.77,,0.83,0.004,,0.05,,0.067,,,,28.52,1,44343,30,29.98,5,45,5,7.5,31.66666667,30.55555556,30.55555556,30.55555556,32.77777778,31.11111111,30,31.11111111
9/10/2006,33020M33,30,18,24.6,87,25,32,5.3,2.6,73,0.72,0.01,,0.07,,0.028,,,,28.83,,44740,25.5,28.08,4,90,5,7.23,,,,,,,,
9/11/2005,33020M33,30,18,24.6,87,25,32,5,5.35,9,0.66,0.02,,6,,0.025,,,,15.4,,25300,30,29.4,3,,0,7.18,30.55555556,30.55555556,32.22222222,32.22222222,32.22222222,31.66666667,31.66666667,30.55555556
12/2/2007,33020M33,30,18,24.6,87,25,32,10.1,8.79,,1.7,0.013,,0.13,,0.11,,,,17.3,,28080,23,19.89,5,135,6,6.85,24.44444444,21.66666667,22.22222222,22.77777778,18.33333333,18.33333333,22.22222222,22.77777778
12/3/2006,33020M33,30,18,24.6,87,25,32,5,9.1,10,0.22,0.01,,0.03,,0.01,,,,23.26,,36734,11,14.52,2,10,15,7.33,,,,,,,,
12/4/2005,33020M33,30,18,24.6,87,25,32,5,8.76,240,0.69,0.01,,0.02,,0.057,,,,27.26,,42300,23,18.35,7,145,5,7.26,24.44444444,22.77777778,16.11111111,17.77777778,24.44444444,30,27.22222222,22.22222222
12/5/2004,33020M33,30,18,24.6,87,25,32,10.7,2.55,470,1.25,0.02,,0.14,,0.017,,,,14.9,,24200,18,17.59,3,20,15,6.29,19.44444444,15,15,16.11111111,13.88888889,27.77777778,18.88888889,19.44444444
12/7/2008,33020M33,30,18,24.6,87,25,32,3.9,10.09,11,0.55,0.005,,*Non-detect,,0.016,,,,24.04,2,37902,,12.19,1.3,60,5,6.5,15,16.66666667,15.55555556,22.77777778,20.55555556,11.66666667,15,17.77777778
12/8/2002,33020M33,30,18,24.6,87,25,32,23.3,7.94,50,1.26,*Non-detect,,0.01,267,0.043,,,,21,,33710,14,14.27,3,45,4,7.44,16.11111111,13.88888889,13.33333333,19.44444444,24.44444444,22.22222222,17.22222222,15.55555556
11/28/2006,987-A,30,19,20.1795,87,26,23.4527,1.1,9.21,10,0.46,0.025,,,,,,*Non-detect,,16.24,1,26.51,,16.49,1.5,,,8.01,,,,,,,,
12/12/2006,987-B,30,19,24.3623,87,25,57.7797,2.1,5.71,8,0.34,0.023,,,,,,*Non-detect,,25.43,,39.87,,12.92,1.9,,,8.2,20.55555556,18.88888889,,,,,,
11/28/2006,987-D,30,19,24.3623,87,25,57.7797,1.3,8.38,17,0.45,0.017,,,,,,*Non-detect,,19.2,,30.82,,17.48,1.8,,,7.89,,,,,,,,
12/12/2006,987-D,30,19,24.3623,87,25,57.7797,1.1,6.94,*Non-detect,0.4,0.022,,,,,,*Non-detect,,25.94,,40.58,,13.21,1.1,,,7.92,20.55555556,18.88888889,,,,,,
8/18/2003,PEN200307,30,27,0,87,21,36,9.31,8.4,,,146.314,,,,6.8,,,2.465,1.2,0.8,2.3,,30.6,6.5,,,6.8,31.11111111,30,31.11111111,31.11111111,32.77777778,30.55555556,26.66666667,30
8/18/2003,PEN200310,30,25,12,87,22,48,4.74,8.7,,,164.99,,,,20.773,,,1.231,1.3,0.6,2.6,,28.5,5.76,,,6.4,31.11111111,30,31.11111111,31.11111111,32.77777778,30.55555556,26.66666667,30
8/18/2003,PEN200322,30,21,0,87,26,24,7.35,9,,,3.612,,,,6.95,,,4.747,22.2,0.8,35.3,,30.1,2.94,,,8.2,31.11111111,30,31.11111111,31.11111111,32.77777778,30.55555556,26.66666667,30
8/18/2003,PEN200326,30,19,12,87,25,48,6.74,7,,,5.768,,,,11.48,,,2.318,7.4,0.7,14.6,,32.6,3.68,,,7.3,31.11111111,30,31.11111111,31.11111111,32.77777778,30.55555556,26.66666667,30
7/8/2002,STR200201,30,28,12,87,25,12,10.46,1.2,,,143.43,,,,10.23,,,2.17,2.9,0.8,5.3,,28.7,4.56,,,7,32.22222222,33.88888889,32.22222222,31.66666667,32.22222222,34.44444444,33.33333333,32.77777778
